x,healthy,x,earlyOA,x,advOA
0,0.0904354,0,0.0904354,0,0.0904354
0.01,0.0149534,0.01,0.0149511,0.01,0.015002
0.0193853,0.0305806,0.0193853,0.0305761,0.0193853,0.030677
0.0282314,0.0461802,0.0282314,0.0461738,0.0282314,0.0463145
0.0366047,0.0613936,0.0366047,0.0613858,0.0366047,0.0615564
0.0445633,0.0760863,0.0445633,0.0760774,0.0445633,0.0762704
0.0521582,0.0902259,0.0521582,0.0902161,0.0521582,0.0904256
0.059434,0.10383,0.059434,0.103819,0.059434,0.104039
0.0663574,0.114767,0.0663574,0.114756,0.0662922,0.114897
0.0734473,0.126441,0.0734473,0.126429,0.0733204,0.126491
0.0808806,0.138965,0.0808806,0.138952,0.0805093,0.138681
0.0886169,0.152219,0.0886169,0.152205,0.08803,0.15161
0.0966204,0.166106,0.0966204,0.166091,0.0958433,0.165188
0.10486,0.180541,0.10486,0.180525,0.103915,0.179334
0.113307,0.195454,0.113307,0.195437,0.112214,0.19398
0.121937,0.210784,0.121937,0.210767,0.120714,0.209064
0.130729,0.226479,0.130729,0.226461,0.129391,0.224535
0.139663,0.242494,0.139663,0.242476,0.138224,0.240344
0.148724,0.25879,0.148724,0.258771,0.147195,0.256451
0.157895,0.275332,0.157895,0.275312,0.156287,0.27282
0.167164,0.29209,0.167164,0.292069,0.165486,0.289418
0.176473,0.308973,0.176473,0.308952,0.17478,0.306218
0.185863,0.326024,0.185819,0.325944,0.184112,0.323133
0.195286,0.343171,0.1952,0.343029,0.193481,0.340146
0.20474,0.360401,0.204615,0.360196,0.202883,0.357244
0.214195,0.377663,0.21403,0.377393,0.212318,0.374415
0.223649,0.39495,0.223444,0.394611,0.221783,0.39165
0.233133,0.41229,0.232654,0.411571,0.231277,0.408944
0.242617,0.429645,0.241496,0.42802,0.240772,0.426254
0.252101,0.447008,0.250339,0.444397,0.250266,0.44357
0.261376,0.464102,0.258847,0.460289,0.259369,0.460375
0.270279,0.480673,0.267049,0.475692,0.267967,0.476456
0.279182,0.49717,0.274972,0.490622,0.275905,0.491559
0.287744,0.513174,0.282895,0.505434,0.283706,0.506295
0.295996,0.52868,0.290282,0.519473,0.291074,0.520329
0.303849,0.543555,0.297461,0.533093,0.29815,0.533818
0.311178,0.557614,0.30445,0.546337,0.304845,0.54665
0.318019,0.570863,0.311266,0.559237,0.311393,0.559118
0.3247,0.583705,0.317858,0.571735,0.317701,0.57113
0.330989,0.595878,0.324204,0.583797,0.323895,0.582853
0.33712,0.607664,0.330384,0.595523,0.329904,0.594219
0.343075,0.619077,0.336318,0.606821,0.335757,0.605267
0.348856,0.630127,0.342106,0.617812,0.341505,0.616074
0.354515,0.640899,0.347826,0.628608,0.347137,0.626639
0.360093,0.651458,0.353458,0.639206,0.352637,0.63695
0.365565,0.661792,0.358942,0.649538,0.358,0.647002
0.37098,0.671968,0.364351,0.659694,0.363296,0.656888
0.376343,0.68201,0.369648,0.669638,0.368546,0.666647
0.381606,0.691866,0.374909,0.679468,0.373758,0.676301
0.386829,0.701611,0.380103,0.68916,0.37893,0.685857
0.392011,0.711257,0.385256,0.698751,0.384071,0.695332
0.397165,0.720823,0.390382,0.708263,0.389186,0.704738
0.402295,0.730325,0.395458,0.717678,0.394275,0.71408
0.407408,0.739777,0.40052,0.727041,0.399347,0.723372
0.412508,0.749186,0.405566,0.736356,0.404404,0.732624
0.417596,0.75856,0.410601,0.745636,0.409447,0.74184
0.422673,0.767901,0.415625,0.754884,0.414483,0.751027
0.427736,0.777211,0.420638,0.7641,0.419511,0.760191
0.43278,0.786483,0.425648,0.773298,0.424534,0.769334
0.437813,0.795727,0.430655,0.78248,0.429552,0.778462
0.442839,0.80495,0.43566,0.791653,0.434567,0.787576
0.447861,0.814157,0.440665,0.800816,0.439578,0.796676
0.452875,0.823347,0.445667,0.80997,0.444586,0.805764
0.457887,0.832526,0.450669,0.819118,0.449592,0.814844
0.462895,0.841692,0.455671,0.828262,0.454596,0.823915
0.467901,0.850851,0.460672,0.837399,0.459599,0.83298
0.472906,0.860003,0.465673,0.846533,0.464602,0.842039
0.47791,0.869148,0.470673,0.855663,0.469604,0.851093
0.482913,0.878288,0.475674,0.864789,0.474605,0.860141
0.487916,0.887424,0.480674,0.873913,0.479606,0.869184
0.492918,0.896557,0.485674,0.883034,0.484606,0.878222
0.497919,0.905685,0.490674,0.892152,0.489607,0.887257
0.50292,0.914812,0.495675,0.901267,0.494607,0.896288
0.507921,0.923935,0.500675,0.910378,0.499608,0.905316
0.512921,0.933055,0.505675,0.919489,0.504608,0.91434
0.517921,0.94217,0.510675,0.928597,0.509608,0.923361
0.522922,0.951284,0.515675,0.937703,0.514608,0.932379
0.527922,0.960395,0.520675,0.946806,0.519608,0.941394
0.532922,0.969503,0.525675,0.955908,0.524608,0.950404
0.537922,0.97861,0.530675,0.965009,0.529608,0.959412
0.542922,0.987714,0.535675,0.974107,0.534608,0.968415
0.547922,0.996815,0.540675,0.983204,0.539608,0.977414
0.552923,1.00591,0.545675,0.992299,0.544608,0.986411
0.557923,1.01501,0.550675,1.00139,0.549608,0.995405
0.562923,1.02411,0.555675,1.01048,0.554608,1.0044
0.567923,1.0332,0.560675,1.01957,0.559608,1.01338
0.572923,1.04229,0.565675,1.02866,0.564608,1.02237
0.577923,1.05138,0.570675,1.03774,0.569608,1.03135
0.582923,1.06046,0.575675,1.04683,0.574608,1.04033
0.587923,1.06954,0.580675,1.05591,0.579608,1.04931
0.592923,1.07863,0.585675,1.06499,0.584608,1.05828
0.597923,1.08771,0.590675,1.07407,0.589608,1.06725
0.602923,1.09678,0.595675,1.08315,0.594608,1.07622
0.607923,1.10586,0.600675,1.09222,0.599608,1.08518
0.612923,1.11494,0.605675,1.10129,0.604608,1.09415
0.617923,1.12401,0.610675,1.11036,0.609608,1.10311
0.622923,1.13308,0.615675,1.11943,0.614608,1.11207
0.627923,1.14215,0.620675,1.12849,0.619608,1.12103
0.632923,1.15121,0.625675,1.13756,0.624608,1.12998
0.637923,1.16027,0.630675,1.14662,0.629608,1.13893
0.642923,1.16933,0.635675,1.15567,0.634608,1.14788
0.647923,1.17839,0.640675,1.16473,0.639608,1.15683
0.652923,1.18744,0.645675,1.17378,0.644608,1.16577
0.657923,1.1965,0.650675,1.18284,0.649608,1.1747
0.662923,1.20555,0.655675,1.19189,0.654608,1.18364
0.667923,1.2146,0.660675,1.20094,0.659608,1.19257
0.672923,1.22366,0.665675,1.20998,0.664608,1.2015
0.677923,1.23271,0.670675,1.21903,0.669608,1.21042
0.682923,1.24175,0.675675,1.22807,0.674608,1.21939
0.687923,1.2508,0.680675,1.23711,0.678775,1.22727
0.692923,1.25984,0.685675,1.24615,0.679608,1.23087
0.697923,1.26889,0.690675,1.25519,0.684608,1.24022
0.702923,1.27792,0.695675,1.26423,0.689608,1.24839
0.707923,1.28696,0.700675,1.27326,0.694608,1.25674
0.712923,1.296,0.705675,1.28229,0.699608,1.26524
0.717923,1.30504,0.709841,1.29027,0.704608,1.27385
0.722923,1.31407,0.714841,1.29916,0.709608,1.28253
0.727923,1.32311,0.719008,1.30707,0.714608,1.29128
0.732923,1.33214,0.724008,1.3159,0.719608,1.30004
0.737923,1.34116,0.729008,1.32481,0.724879,1.30919
0.742923,1.35019,0.733175,1.33271,0.729996,1.31821
0.747923,1.35921,0.738175,1.34152,0.735062,1.32717
0.752923,1.36823,0.742342,1.34938,0.74011,1.33611
0.757923,1.37724,0.747342,1.35818,0.745142,1.34504
0.762923,1.38626,0.751508,1.36603,0.750163,1.35395
0.767923,1.39527,0.756508,1.37481,0.755179,1.36285
0.772923,1.40429,0.761508,1.38368,0.760193,1.37174
0.777923,1.4133,0.765675,1.39153,0.765203,1.38063
0.782923,1.42231,0.770675,1.40033,0.770209,1.38951
0.787923,1.43132,0.775675,1.40921,0.775214,1.39839
0.792923,1.44032,0.780675,1.41813,0.780218,1.40726
0.797923,1.44932,0.785675,1.42706,0.785219,1.41612
0.802923,1.45832,0.790675,1.436,0.79022,1.42499
0.807923,1.46732,0.795675,1.44496,0.795221,1.43384
0.812923,1.47632,0.800675,1.45393,0.800221,1.4427
0.817923,1.48531,0.805675,1.4629,0.805222,1.45156
0.822923,1.4943,0.810675,1.47188,0.810222,1.4604
0.827923,1.50329,0.815675,1.48086,0.815222,1.46925
0.832923,1.51228,0.820675,1.48984,0.820222,1.47809
0.837923,1.52126,0.825675,1.49882,0.825222,1.48693
0.842923,1.53024,0.830675,1.5078,0.830222,1.49576
0.847923,1.53923,0.835675,1.51678,0.835222,1.50459
0.852923,1.54822,0.840675,1.52576,0.840222,1.51342
0.857923,1.55721,0.845675,1.53473,0.845222,1.52224
0.862923,1.5662,0.850675,1.54371,0.850222,1.53106
0.867923,1.57519,0.855675,1.55268,0.855222,1.53988
0.872923,1.58417,0.860675,1.56165,0.860222,1.54869
0.877923,1.59315,0.865675,1.57062,0.865222,1.5575
0.882923,1.60213,0.870675,1.57958,0.870222,1.56631
0.887923,1.6111,0.875675,1.58855,0.875222,1.57511
0.892923,1.62008,0.880675,1.59751,0.880222,1.58393
0.897923,1.62905,0.885675,1.60647,0.885222,1.59271
0.902923,1.63802,0.890675,1.61543,0.890222,1.60152
0.907923,1.64699,0.895675,1.62438,0.895222,1.61033
0.912923,1.65595,0.900675,1.63334,0.900222,1.61913
0.917923,1.66491,0.905675,1.64229,0.905222,1.62793
0.922923,1.67388,0.910675,1.65125,0.910222,1.63673
0.927923,1.68283,0.915675,1.6602,0.915222,1.64552
0.932923,1.69179,0.920675,1.66915,0.920222,1.65431
0.937923,1.70075,0.925675,1.67809,0.925222,1.6631
0.942923,1.7097,0.930675,1.68704,0.930222,1.67189
0.947923,1.71865,0.935675,1.69598,0.935222,1.68067
0.952923,1.7276,0.940675,1.70492,0.940222,1.68945
0.957923,1.73655,0.945675,1.71386,0.945222,1.69822
0.962923,1.74549,0.950675,1.7228,0.950222,1.70699
0.967923,1.75444,0.955675,1.73174,0.955222,1.71576
0.972923,1.76338,0.960675,1.74067,0.960222,1.72452
0.977923,1.77232,0.965675,1.7496,0.965222,1.73328
0.982923,1.78126,0.970675,1.75853,0.970222,1.74204
0.987923,1.7902,0.975675,1.76746,0.975222,1.75079
0.992089,1.79809,0.980675,1.77638,0.980222,1.75954
0.996256,1.80584,0.985675,1.7853,0.985222,1.76829
1.00126,1.82349,0.990675,1.79422,0.990222,1.77703
1.00626,1.86815,0.995675,1.80315,0.995222,1.78578
1.01153,1.91782,1.00067,1.81689,1.00022,1.7961
1.01736,1.97442,1.00595,1.86366,1.00522,1.84026
1.02368,2.03076,1.01122,1.9134,1.01022,1.88716
1.03043,2.07669,1.01704,1.97005,1.01549,1.93852
1.03757,2.12445,1.02337,2.02744,1.02102,1.9938
1.04471,2.17218,1.03012,2.07349,1.02707,2.03757
1.05166,2.21895,1.03726,2.12136,1.03359,2.08148
1.05897,2.26752,1.0444,2.16917,1.04011,2.12529
1.0666,2.31733,1.05135,2.21601,1.0465,2.16851
1.0747,2.36954,1.05866,2.26464,1.05331,2.21349
1.08319,2.42391,1.06629,2.31452,1.0605,2.26041
1.09197,2.47977,1.07439,2.36676,1.06826,2.31014
1.101,2.53609,1.08288,2.42118,1.07646,2.36225
1.11022,2.58562,1.09166,2.4771,1.08502,2.4166
1.1196,2.61354,1.10069,2.53349,1.09387,2.47226
1.12911,2.6398,1.10991,2.58401,1.10295,2.52905
1.13871,2.66317,1.11929,2.61208,1.11221,2.57241
1.14839,2.68344,1.1288,2.63841,1.12162,2.59915
1.15814,2.69814,1.1384,2.66196,1.13115,2.62453
1.16793,2.71044,1.14808,2.6824,1.14077,2.64729
1.17777,2.71962,1.15782,2.69734,1.15047,2.66631
1.18764,2.72049,1.16762,2.70971,1.16023,2.68093
1.19753,2.7167,1.17746,2.71913,1.17004,2.6933
1.20745,2.70673,1.18733,2.7202,1.17988,2.70124
1.21738,2.69263,1.19722,2.71668,1.18976,2.70097
1.22733,2.66932,1.20714,2.70677,1.19966,2.69358
1.23729,2.65612,1.21707,2.69299,1.20958,2.68136
1.24725,2.69965,1.22702,2.67015,1.21952,2.6664
1.25722,2.75336,1.23698,2.65544,1.22947,2.63958
1.26676,2.80256,1.24694,2.69728,1.23943,2.66095
1.27635,2.84868,1.25691,2.7511,1.24939,2.71698
1.28602,2.89235,1.26688,2.80123,1.25937,2.76881
1.29576,2.93385,1.27686,2.8482,1.26935,2.81716
1.30555,2.97258,1.28684,2.89262,1.27933,2.86252
1.31538,3.0099,1.29682,2.93463,1.28931,2.90548
1.32524,3.0461,1.30681,2.97391,1.2993,2.9458
1.33513,3.08139,1.3168,3.01172,1.30929,2.98373
1.34503,3.11594,1.32679,3.04835,1.31928,3.02025
1.35495,3.14994,1.33678,3.08403,1.32928,3.05559
1.36489,3.18351,1.34678,3.11894,1.33927,3.08987
1.37484,3.21678,1.35677,3.15327,1.34927,3.12359
1.3848,3.24982,1.36677,3.18715,1.35926,3.15659
1.39477,3.28272,1.37676,3.22069,1.36926,3.18909
1.40474,3.31554,1.38676,3.25398,1.37926,3.22121
1.41472,3.34834,1.39676,3.28712,1.38926,3.25302
1.4247,3.38114,1.40676,3.32015,1.39925,3.28462
1.43469,3.41398,1.41676,3.35314,1.40925,3.31605
1.44468,3.44689,1.42676,3.38612,1.41925,3.34737
1.45467,3.47986,1.43675,3.41913,1.42925,3.37861
1.46466,3.51286,1.44675,3.4522,1.43925,3.40981
1.47465,3.54524,1.45675,3.4853,1.44925,3.44099
1.48465,3.57699,1.46675,3.51833,1.45925,3.47215
1.49465,3.60825,1.47675,3.55066,1.46925,3.50261
1.50464,3.64626,1.48675,3.5824,1.47925,3.53238
1.51464,3.6883,1.49675,3.61462,1.48925,3.56156
1.52464,3.73174,1.50675,3.65437,1.49925,3.59326
1.53463,3.77579,1.51675,3.69698,1.50925,3.62999
1.54463,3.82,1.52675,3.74071,1.51925,3.66913
1.55463,3.86432,1.53675,3.78485,1.52925,3.70961
1.56463,3.90822,1.54675,3.82915,1.53925,3.75091
1.57419,3.95213,1.55675,3.87307,1.54925,3.79245
1.58378,3.9947,1.56675,3.91808,1.55925,3.83382
1.59337,4.03659,1.57631,3.96085,1.56758,3.87161
1.60295,4.07844,1.58567,4.00461,1.57591,3.90783
1.61256,4.11959,1.59502,4.04356,1.58409,3.94413
1.62219,4.16023,1.60437,4.08759,1.59237,3.97899
1.63184,4.20065,1.61376,4.12556,1.60074,4.01498
1.64151,4.24155,1.62318,4.16823,1.60919,4.04958
1.65118,4.28245,1.63263,4.20619,1.61774,4.08529
1.66087,4.32252,1.64208,4.24832,1.62628,4.11881
1.67056,4.35875,1.65153,4.28748,1.63482,4.15376
1.68026,4.39445,1.66098,4.32801,1.64336,4.18816
1.68998,4.43012,1.6705,4.36175,1.65198,4.22355
1.69972,4.46598,1.68002,4.39814,1.6606,4.25796
1.70947,4.50243,1.68963,4.43229,1.66922,4.29143
1.71923,4.5365,1.69926,4.46852,1.67784,4.32017
1.72899,4.57129,1.70896,4.50309,1.68646,4.34889
1.7388,4.60311,1.71867,4.53841,1.69516,4.37597
1.74862,4.63283,1.72843,4.57183,1.70385,4.40317
1.75846,4.65963,1.7382,4.60521,1.7128,4.42983
1.7683,4.68469,1.74802,4.63339,1.72175,4.4578
1.77816,4.70277,1.75785,4.66175,1.73083,4.48217
1.78803,4.71325,1.7677,4.68554,1.73995,4.50443
1.79791,4.71771,1.77755,4.70353,1.74918,4.52305
1.80781,4.72408,1.78743,4.7131,1.7585,4.53738
1.81772,4.73292,1.79732,4.71759,1.76789,4.54706
1.82764,4.74337,1.80723,4.72445,1.77733,4.55307
1.83757,4.75266,1.81715,4.73371,1.78682,4.55248
1.84751,4.75813,1.82708,4.74414,1.79638,4.5551
1.85745,4.75976,1.83702,4.75356,1.80599,4.56071
1.8674,4.76151,1.84696,4.75869,1.81565,4.56821
1.87735,4.76283,1.85691,4.76036,1.82534,4.5717
1.8873,4.76216,1.86687,4.7624,1.83508,4.57464
1.89726,4.7738,1.87682,4.76359,1.84484,4.57548
1.90722,4.78662,1.88678,4.7629,1.85463,4.57417
1.91718,4.79865,1.89675,4.77431,1.86445,4.57296
1.92714,4.81395,1.90671,4.78748,1.87429,4.57002
1.93711,4.83375,1.91668,4.79992,1.8839,4.5747
1.94707,4.85746,1.92665,4.81562,1.89359,4.58404
1.95704,4.8849,1.93662,4.83543,1.90334,4.59573
1.96701,4.91351,1.94659,4.85916,1.91312,4.61443
1.97699,4.94547,1.95657,4.88652,1.92292,4.63484
1.98696,4.97688,1.96654,4.91476,1.93274,4.66106
1.99693,5.01386,1.97652,4.94723,1.94256,4.68966
2.00691,5.04628,1.9865,4.97777,1.9524,4.72577
2.01612,5.07415,1.99648,5.01497,1.96224,4.76083
2.02548,5.13107,2.00647,5.04532,1.97209,4.79524
2.03497,5.19044,2.01645,5.07676,1.98195,4.83222
2.04452,5.25923,2.02621,5.14241,1.99182,4.86972
2.05386,5.34652,2.03599,5.20358,2.00169,4.9391
2.06323,5.42748,2.04577,5.27151,2.01156,5.04067
2.07268,5.4986,2.05558,5.35936,2.02144,5.13475
2.08215,5.56486,2.06541,5.4396,2.03135,5.22252
2.09166,5.62706,2.07525,5.51076,2.04127,5.30377
2.10119,5.68561,2.08511,5.57712,2.0512,5.38009
2.11078,5.74119,2.09498,5.63963,2.06114,5.45024
2.12039,5.79394,2.10486,5.69845,2.07109,5.51259
2.13004,5.84446,2.11475,5.75439,2.08105,5.56989
2.1397,5.89276,2.12465,5.80747,2.09101,5.62464
2.1494,5.93969,2.13456,5.85838,2.10097,5.67602
2.15909,5.98539,2.14447,5.90706,2.11094,5.72555
2.16883,6.02997,2.1544,5.9548,2.12092,5.77234
2.17859,6.07358,2.16433,6.00105,2.13089,5.81782
2.18838,6.11646,2.17428,6.04626,2.14087,5.86105
2.1982,6.15859,2.18423,6.09043,2.15086,5.90372
2.20804,6.20026,2.19419,6.13387,2.16084,5.94519
2.21789,6.24139,2.20415,6.17655,2.17083,5.9858
2.22777,6.28223,2.21412,6.21874,2.18082,6.02554
2.23766,6.32062,2.22409,6.26038,2.19081,6.06468
2.24756,6.35278,2.23406,6.30171,2.2008,6.10315
2.25748,6.38431,2.24404,6.33539,2.21079,6.1412
2.26741,6.41542,2.25402,6.36763,2.22079,6.17875
2.27735,6.4461,2.264,6.39939,2.23078,6.21603
2.28729,6.47642,2.27399,6.43059,2.24078,6.24832
2.29725,6.50654,2.28397,6.46147,2.25078,6.27671
2.3072,6.53636,2.29396,6.49197,2.26078,6.30428
2.31717,6.56603,2.30395,6.52219,2.27077,6.3318
2.32713,6.59538,2.31394,6.55223,2.28077,6.35859
2.3371,6.62496,2.32394,6.58191,2.29077,6.38514
2.34707,6.65404,2.33393,6.61178,2.30077,6.41122
2.35705,6.68315,2.34392,6.64114,2.31077,6.43711
2.36703,6.71117,2.35392,6.67066,2.32077,6.46264
2.377,6.73871,2.36391,6.69914,2.33076,6.48799
2.38699,6.76537,2.37391,6.72708,2.34076,6.51244
2.39697,6.79212,2.3839,6.75411,2.35076,6.53616
2.40695,6.8177,2.3939,6.78119,2.36076,6.55909
2.41694,6.84334,2.40389,6.80707,2.37076,6.58141
2.42692,6.86853,2.41389,6.83299,2.38076,6.60296
2.43691,6.89343,2.42389,6.85844,2.39076,6.62424
2.4469,6.91754,2.43388,6.88362,2.40076,6.64456
2.45688,6.94057,2.44388,6.9081,2.41076,6.66533
2.46687,6.96198,2.45388,6.9317,2.42076,6.68506
2.47686,6.98167,2.46388,6.95373,2.43076,6.7051
2.48685,6.99265,2.47387,6.97403,2.44076,6.72381
2.49684,6.99963,2.48387,6.98841,2.45076,6.74269
2.50683,7.00378,2.49387,6.99591,2.46076,6.75912
2.51682,7.00678,2.50387,7.0015,2.47076,6.77539
2.52682,7.00889,2.51363,7.00398,2.48076,6.78751
2.53681,7.01049,2.52341,7.00767,2.49076,6.79197
2.5468,7.01643,2.5332,7.00966,2.50076,6.79305
2.55679,7.0209,2.54299,7.01425,2.51076,6.79247
2.56678,7.02557,2.55279,7.01704,2.52076,6.78959
2.57677,7.0292,2.56259,7.02233,2.53076,6.78248
2.58676,7.03354,2.5724,7.02483,2.54076,6.7813
2.59675,7.0374,2.58223,7.02952,2.55076,6.77676
2.60675,7.04161,2.59206,7.0322,2.56076,6.77689
2.61674,7.04387,2.6019,7.03685,2.57076,6.77343
2.62673,7.04566,2.61175,7.03872,2.58076,6.7745
2.63673,7.04509,2.62161,7.04119,2.59076,6.77105
2.64672,7.04041,2.63146,7.04054,2.60076,6.77272
2.65671,7.0361,2.64133,7.03748,2.61076,6.76893
2.66671,7.02905,2.6512,7.0314,2.62076,6.76968
2.67627,7.02484,2.66108,7.02776,2.63076,6.76488
2.68585,7.01685,2.67096,7.02203,2.64076,6.76554
2.69545,7.00972,2.68085,7.01845,2.65076,6.76001
2.70508,7.00086,2.69073,7.00992,2.66076,6.76053
2.71471,6.99384,2.70062,7.00334,2.67076,6.75359
2.72435,6.98494,2.71052,6.99532,2.68076,6.75123
2.734,6.9762,2.72041,6.98896,2.69076,6.74022
2.74367,6.96127,2.73031,6.98045,2.70076,6.73432
2.75335,6.94504,2.74022,6.96909,2.71076,6.71894
2.76305,6.92213,2.75013,6.95302,2.72076,6.70335
2.77277,6.89512,2.76003,6.93414,2.73076,6.67922
2.7825,6.85803,2.76995,6.90771,2.74076,6.66
2.79224,6.81474,2.77987,6.8753,2.75076,6.63031
2.80198,6.75877,2.78979,6.83353,2.76076,6.60269
2.81173,6.68976,2.79972,6.78304,2.77076,6.5645
2.82149,6.62679,2.80964,6.71565,2.78076,6.52383
2.83125,6.57434,2.81957,6.64305,2.79076,6.47133
2.84104,6.53303,2.8295,6.58904,2.80076,6.4135
2.85084,6.49782,2.83945,6.54611,2.81076,6.33157
2.86068,6.47044,2.8494,6.50942,2.82052,6.26235
2.87054,6.44797,2.85935,6.48087,2.83034,6.20388
2.88041,6.43099,2.86932,6.45723,2.84016,6.15665
2.8903,6.4188,2.87928,6.43923,2.85002,6.11761
2.90019,6.40962,2.88925,6.42598,2.85988,6.08517
2.9101,6.40392,2.89923,6.4166,2.86977,6.06027
2.92002,6.4012,2.9092,6.40963,2.87968,6.04115
2.92994,6.40152,2.91918,6.40583,2.88959,6.02496
2.93986,6.40276,2.92916,6.40531,2.89953,6.0129
2.94979,6.40616,2.93914,6.40587,2.90946,6.00395
2.95972,6.40965,2.94912,6.40874,2.91941,5.99734
2.96965,6.41493,2.9591,6.41177,2.92935,5.9934
2.97959,6.41915,2.96885,6.41726,2.9393,5.9929
2.98953,6.42558,2.97861,6.42112,2.94925,5.99391
2.99947,6.43109,2.98839,6.42758,2.9592,5.99751
3.00941,6.43914,2.99818,6.43302,2.96915,6.0017
3.01936,6.44583,3.00798,6.44068,2.9791,6.00751
3.02931,6.45559,3.01779,6.44708,2.98906,6.01369
3.03926,6.46228,3.0276,6.45672,2.99901,6.02178
3.0492,6.47243,3.03742,6.46355,3.00897,6.02963
3.05915,6.47902,3.04724,6.47336,3.01893,6.03944
3.0691,6.48942,3.05706,6.47965,3.0289,6.04807
3.07905,6.49538,3.06689,6.4898,3.03886,6.05902
3.08877,6.50469,3.07673,6.49551,3.04883,6.06695
3.0985,6.50808,3.08633,6.50511,3.0588,6.07778
3.10822,6.5156,3.09594,6.50843,3.06877,6.08514
3.11772,6.51719,3.10554,6.51584,3.07874,6.09557
3.12722,6.52286,3.11515,6.51748,3.08872,6.10053
3.13672,6.52198,3.12454,6.5233,3.09869,6.1077
3.14622,6.52549,3.13393,6.52273,3.10866,6.10989
3.15551,6.52253,3.14332,6.52577,3.11864,6.11535
3.1646,6.52302,3.15271,6.52307,3.12861,6.1153
3.1735,6.51842,3.16211,6.52325,3.13859,6.11792
3.18222,6.51717,3.1715,6.51877,3.14833,6.11522
3.19062,6.51135,3.18089,6.51689,3.15766,6.11459
3.19886,6.50843,3.19028,6.51079,3.16679,6.10987
3.20709,6.50188,3.19947,6.50738,3.17573,6.10693
3.21533,6.49767,3.20846,6.50029,3.18467,6.10035
3.22357,6.49027,3.21727,6.4958,3.1936,6.09531
3.23165,6.48504,3.2259,6.48806,3.2026,6.08695
3.23985,6.47713,3.23436,6.48268,3.21159,6.08011
3.24804,6.47098,3.24282,6.47452,3.22064,6.07043
3.25632,6.46254,3.25128,6.46832,3.22969,6.06213
3.26461,6.4557,3.25974,6.45972,3.23879,6.0515
3.27299,6.44682,3.2682,6.45287,3.24789,6.04206
3.28122,6.43919,3.27674,6.44382,3.25704,6.0305
3.28965,6.42953,3.28529,6.43599,3.26619,6.0202
3.29778,6.42117,3.29391,6.42629,3.27544,6.00788
3.30614,6.41125,3.30253,6.41781,3.28469,5.9968
3.31449,6.40164,3.31123,6.4073,3.29402,5.98405
3.32304,6.39128,3.31992,6.39758,3.30336,5.97227
3.33159,6.38055,3.32869,6.38681,3.31278,5.95894
3.34031,6.36873,3.33746,6.37584,3.32219,5.94672
3.3491,6.35591,3.34637,6.36371,3.33168,5.93316
3.35812,6.34129,3.35494,6.35054,3.34116,5.92025
3.36726,6.32709,3.36369,6.33608,3.35075,5.90579
3.37657,6.31488,3.37257,6.32293,3.36036,5.89205
3.38596,6.30351,3.38168,6.3115,3.37004,5.87776
3.39547,6.29187,3.39089,6.30035,3.37973,5.86628
3.40508,6.28018,3.40026,6.28873,3.38947,5.85426
3.41476,6.26888,3.40975,6.27724,3.39923,5.84188
3.4245,6.25797,3.41934,6.26613,3.40904,5.82964
3.4343,6.24743,3.42901,6.2554,3.41888,5.81673
3.44413,6.23722,3.43874,6.24502,3.42875,5.80277
3.454,6.22732,3.44852,6.23498,3.43863,5.78778
3.46389,6.21637,3.45835,6.22495,3.44852,5.77192
3.4738,6.20574,3.46821,6.21413,3.45843,5.75463
3.48373,6.19401,3.4781,6.2032,3.46834,5.7373
3.49368,6.18233,3.48801,6.19155,3.47827,5.7208
3.50363,6.16923,3.49794,6.17937,3.4882,5.70488
3.5136,6.15557,3.50788,6.16619,3.49815,5.68868
3.52357,6.1418,3.51784,6.15277,3.50811,5.67322
3.53355,6.12711,3.5278,6.13858,3.51808,5.65792
3.54353,6.11057,3.53777,6.12347,3.52805,5.64078
3.55351,6.08733,3.54774,6.10528,3.53803,5.62243
3.5635,6.06037,3.55772,6.08026,3.54801,5.60391
3.57349,6.03151,3.56771,6.05225,3.558,5.58601
3.58348,6.00102,3.57769,6.0225,3.56799,5.56836
3.59347,5.96847,3.58768,5.99234,3.57798,5.5488
3.60347,5.93291,3.59768,5.95712,3.58797,5.52392
3.61346,5.89776,3.60767,5.92149,3.59796,5.49146
3.62346,5.86339,3.61766,5.8877,3.60796,5.4498
3.63346,5.8212,3.62766,5.85048,3.61795,5.40964
3.64345,5.77063,3.63765,5.80442,3.62795,5.36596
3.65345,5.71155,3.64765,5.74999,3.63795,5.30787
3.66345,5.70853,3.65764,5.71307,3.64794,5.23268
3.67345,5.746,3.66764,5.72947,3.65794,5.22403
3.68344,5.77941,3.67764,5.76537,3.66794,5.24519
3.69321,5.80966,3.68763,5.79646,3.67794,5.26641
3.70299,5.83669,3.69763,5.82577,3.68794,5.28609
3.71276,5.85993,3.70763,5.85105,3.69793,5.30363
3.72255,5.88164,3.71762,5.87321,3.70793,5.31921
3.73234,5.89999,3.72762,5.89367,3.71793,5.33276
3.74213,5.91723,3.73762,5.91139,3.72793,5.3451
3.75192,5.93239,3.74761,5.92746,3.73793,5.35546
3.76173,5.94568,3.75761,5.94131,3.74749,5.36534
3.77153,5.9575,3.76761,5.95429,3.75711,5.37327
3.78134,5.96809,3.77717,5.96552,3.76674,5.38121
3.79115,5.97774,3.78676,5.97562,3.77642,5.38724
3.80098,5.98613,3.79634,5.98468,3.78612,5.39341
3.81083,5.99398,3.80595,5.99265,3.79585,5.39812
3.82069,6.00032,3.81556,6.00002,3.8056,5.40299
3.83055,6.00697,3.82519,6.00638,3.81536,5.40638
3.84043,6.01204,3.83482,6.01241,3.82513,5.41066
3.85031,6.01747,3.84447,6.01752,3.83491,5.4136
3.86021,6.02155,3.85413,6.02244,3.84471,5.41634
3.87012,6.02593,3.86382,6.02657,3.85453,5.41885
3.88002,6.02922,3.87352,6.03049,3.86436,5.42113
3.88994,6.03289,3.88324,6.03388,3.8742,5.42312
3.89986,6.03555,3.89298,6.03712,3.88405,5.42523
3.90978,6.03862,3.90273,6.03991,3.89392,5.42664
3.91971,6.04077,3.91249,6.04259,3.90379,5.42846
3.92964,6.0434,3.92226,6.04491,3.91367,5.42991
3.93957,6.04517,3.93205,6.04717,3.92356,5.43196
3.94951,6.04745,3.94185,6.04914,3.93345,5.43253
3.95945,6.04891,3.95166,6.05106,3.94334,5.43448
3.9694,6.05084,3.96148,6.05274,3.95324,5.43545
3.97934,6.05211,3.97131,6.05441,3.96315,5.43736
3.98929,6.05484,3.98115,6.05611,3.97306,5.4378
3.99924,6.05773,3.991,6.05934,3.98297,5.44026
4.0092,6.06159,4.00085,6.06264,3.99288,5.44293
4.01916,6.06395,4.01072,6.0658,4.0028,5.44666
4.02911,6.06797,4.02058,6.06907,4.01272,5.44928
4.03907,6.07146,4.03045,6.07222,4.02265,5.45319
4.04904,6.07369,4.04032,6.07537,4.03259,5.45598
4.059,6.07746,4.05019,6.0789,4.04252,5.46002
4.06897,6.08149,4.06006,6.0819,4.05247,5.46294
4.07894,6.08337,4.06994,6.08506,4.06241,5.4671
4.08891,6.08712,4.07982,6.0886,4.07236,5.47013
4.09888,6.09117,4.08971,6.09182,4.08231,5.47423
4.10886,6.09349,4.0996,6.09499,4.09227,5.47779
4.11884,6.09692,4.10949,6.09848,4.10222,5.48166
4.12882,6.10114,4.1194,6.10139,4.11218,5.48538
4.1388,6.10326,4.1293,6.10504,4.12214,5.48938
4.14878,6.10707,4.13921,6.10823,4.1321,5.49319
4.15876,6.11108,4.14912,6.11172,4.14206,5.49667
4.16875,6.1138,4.15904,6.11497,4.15203,5.50081
4.17873,6.11719,4.16896,6.11848,4.16199,5.50507
4.18871,6.12137,4.17888,6.12182,4.17196,5.50904
4.1987,6.12446,4.18881,6.12527,4.18193,5.51301
4.20868,6.12823,4.19875,6.12874,4.1919,5.51702
4.21867,6.13217,4.20868,6.13237,4.20187,5.52107
4.22866,6.1355,4.21863,6.13602,4.21184,5.52485
4.23864,6.13955,4.22857,6.13957,4.22181,5.52898
4.24863,6.14313,4.23852,6.14327,4.23178,5.53282
4.25862,6.147,4.24847,6.14686,4.24176,5.5369
4.2686,6.15064,4.25842,6.15064,4.25173,5.54097
4.27816,6.15447,4.26837,6.1543,4.26171,5.54479
4.28771,6.15808,4.27833,6.1581,4.27169,5.54891
4.29726,6.1634,4.28829,6.16181,4.28123,5.55278
4.30681,6.16892,4.29825,6.16725,4.2908,5.55712
4.31642,6.17437,4.30822,6.17285,4.30039,5.56251
4.32602,6.18004,4.31818,6.17849,4.31001,5.56809
4.33565,6.1856,4.32815,6.1843,4.31964,5.57361
4.34528,6.19148,4.33812,6.19009,4.32932,5.57922
4.35492,6.19727,4.34809,6.19608,4.33902,5.5848
4.36457,6.20326,4.35806,6.20204,4.34875,5.59047
4.37424,6.20913,4.36804,6.20818,4.35848,5.59607
4.3839,6.21531,4.37801,6.2143,4.36822,5.60183
4.39359,6.22139,4.38798,6.22059,4.37797,5.60745
4.40327,6.22765,4.39796,6.22684,4.38773,5.61322
4.41297,6.23378,4.40793,6.23327,4.39749,5.61883
4.42267,6.24022,4.41791,6.23964,4.40726,5.62449
4.43239,6.24655,4.42789,6.24621,4.41705,5.62986
4.44211,6.25306,4.43786,6.25273,4.42684,5.63521
4.45184,6.25944,4.44784,6.2594,4.43665,5.64031
4.46157,6.26608,4.45782,6.26599,4.44647,5.64544
4.47132,6.27255,4.4678,6.27273,4.4563,5.65037
4.48106,6.27914,4.47778,6.27936,4.46613,5.65545
4.49083,6.28554,4.48776,6.28605,4.47597,5.6602
4.50059,6.29213,4.49775,6.29265,4.48582,5.66545
4.51036,6.29849,4.50773,6.29924,4.49566,5.66983
4.52013,6.30492,4.51772,6.30571,4.50552,5.67497
4.52992,6.31113,4.5277,6.31221,4.51538,5.67931
4.53971,6.31758,4.53768,6.31865,4.52526,5.68404
4.5495,6.32385,4.54767,6.32511,4.53514,5.68871
4.5593,6.3303,4.55766,6.33159,4.54504,5.69367
4.56911,6.33741,4.56764,6.33877,4.55495,5.69802
4.57892,6.34522,4.57763,6.34656,4.56333,5.70249
4.58874,6.35278,4.58762,6.35431,4.57171,5.70759
4.59855,6.36087,4.59761,6.36243,4.5798,5.7131
4.60838,6.36845,4.6076,6.3702,4.588,5.7178
4.61799,6.37654,4.61759,6.37848,4.5964,5.72317
4.62761,6.38412,4.62758,6.38631,4.60481,5.72819
4.63724,6.39225,4.63757,6.39463,4.6133,5.73356
4.64688,6.39988,4.64756,6.40249,4.62187,5.73848
4.65653,6.40792,4.65755,6.41071,4.63062,5.74379
4.66619,6.41539,4.66754,6.41842,4.63943,5.74873
4.67586,6.42326,4.67753,6.42646,4.64838,5.75387
4.68554,6.43057,4.68753,6.43396,4.65738,5.75882
4.69522,6.43821,4.69752,6.44175,4.66651,5.7637
4.70491,6.44523,4.70752,6.44891,4.67568,5.7683
4.71459,6.45239,4.71751,6.45618,4.68495,5.77276
4.72429,6.45891,4.72751,6.46287,4.69426,5.77692
4.73401,6.46543,4.7375,6.46949,4.70365,5.7808
4.74374,6.4711,4.7475,6.47505,4.71307,5.78444
4.75348,6.47654,4.75749,6.48076,4.72257,5.78768
4.76324,6.48157,4.76749,6.48559,4.73209,5.79066
4.77302,6.48609,4.77748,6.49051,4.74166,5.79331
4.7828,6.49057,4.78748,6.49457,4.75126,5.79559
4.7926,6.49421,4.79748,6.49861,4.76088,5.79753
4.80241,6.49789,4.80747,6.50192,4.77052,5.7993
4.81222,6.50092,4.81747,6.50526,4.78018,5.80033
4.82205,6.50382,4.82747,6.50789,4.78986,5.80133
4.83189,6.50661,4.83746,6.50929,4.79956,5.80136
4.84174,6.50846,4.84746,6.51171,4.80927,5.80142
4.85159,6.50913,4.85746,6.51353,4.819,5.80053
4.86145,6.51167,4.86746,6.51518,4.82873,5.79768
4.87132,6.51363,4.87746,6.51833,4.83823,5.79868
4.88119,6.51562,4.88745,6.52183,4.84774,5.80156
4.89106,6.52001,4.89745,6.52499,4.85728,5.80097
4.90094,6.52402,4.90745,6.53135,4.86684,5.80634
4.91083,6.52876,4.91745,6.53337,4.87642,5.81198
4.92073,6.53233,4.92745,6.53779,4.88603,5.81425
4.93063,6.53854,4.93745,6.54635,4.89565,5.82079
4.94054,6.54408,4.94745,6.54835,4.9053,5.82967
4.95045,6.5478,4.95744,6.55339,4.91497,5.83384
4.96036,6.55447,4.96744,6.56199,4.92465,5.84007
4.97028,6.55925,4.97744,6.56552,4.93436,5.84869
4.98019,6.56411,4.98744,6.57097,4.94406,5.85326
4.99012,6.57148,4.997,6.57957,4.95378,5.86075
5.00004,6.57662,5.00659,6.58363,4.96351,5.86954
5.00997,6.58196,5.01618,6.58778,4.97302,5.87545
5.0199,6.58761,5.02579,6.59376,4.98253,5.8816
5.02983,6.59086,5.03542,6.5956,4.99207,5.89037
5.03976,6.59416,5.04505,6.5977,5.00164,5.89666
5.0497,6.59796,5.0547,6.60186,5.0112,5.90155
5.05965,6.60009,5.06437,6.60139,5.02077,5.91102
5.06959,6.60021,5.07406,6.60281,5.03035,5.91729
5.07953,6.60393,5.08376,6.60631,5.03996,5.92138
5.08948,6.60567,5.09348,6.60552,5.04957,5.92859
5.09943,6.60742,5.1032,6.60884,5.05919,5.93433
5.10938,6.60938,5.11294,6.61243,5.06882,5.93699
5.11933,6.6092,5.12267,6.60993,5.07845,5.94381
5.12928,6.61209,5.13241,6.61391,5.08808,5.95105
5.13923,6.6155,5.14217,6.61809,5.09773,5.95473
5.14919,6.61422,5.15194,6.616,5.10738,5.95866
5.15915,6.61808,5.16171,6.62019,5.11703,5.96171
5.1691,6.61936,5.17149,6.62099,5.1267,5.9629
5.17907,6.61432,5.18128,6.615,5.13637,5.966
5.18903,6.61396,5.19108,6.61489,5.14606,5.96773
5.19899,6.61169,5.20088,6.61196,5.15576,5.96389
5.20896,6.60668,5.21071,6.6083,5.16547,5.96453
5.21893,6.60614,5.22053,6.60699,5.17519,5.96113
5.2289,6.60075,5.23036,6.60052,5.18491,5.9566
5.23887,6.59497,5.24019,6.59423,5.19463,5.95321
5.24884,6.58779,5.25005,6.58695,5.20413,5.94773
5.25882,6.58069,5.25991,6.57844,5.21366,5.94166
5.26879,6.57059,5.26979,6.56787,5.22321,5.93558
5.27877,6.55901,5.27968,6.55501,5.23279,5.92899
5.28875,6.545,5.28958,6.53849,5.24239,5.92348
5.29874,6.52624,5.29948,6.51942,5.25201,5.91763
5.30872,6.50409,5.30939,6.497,5.26166,5.91261
5.3187,6.48511,5.31931,6.47862,5.27132,5.90816
5.32869,6.46392,5.32925,6.45728,5.28102,5.90438
5.33868,6.44545,5.33919,6.43918,5.29074,5.90026
5.34867,6.42569,5.34914,6.41973,5.30046,5.89688
5.35866,6.40871,5.35909,6.40302,5.31019,5.8939
5.36866,6.39039,5.36906,6.38396,5.31995,5.88436
5.37842,6.37034,5.37902,6.36319,5.32972,5.87388
5.38821,6.34718,5.38899,6.34028,5.33951,5.86144
5.39801,6.32289,5.39896,6.31552,5.34932,5.84586
5.40758,6.2962,5.40894,6.2883,5.35916,5.82601
5.41718,6.26694,5.41891,6.25902,5.36903,5.80199
5.42683,6.23768,5.42889,6.22915,5.37892,5.77638
5.43652,6.20113,5.43887,6.18991,5.3863,5.74663
5.44627,6.16093,5.44886,6.14935,5.39383,5.71656
5.45605,6.12135,5.45885,6.11003,5.40149,5.6829
5.46587,6.08174,5.46884,6.06972,5.40943,5.64829
5.4757,6.04207,5.47883,6.02942,5.41761,5.60921
5.48555,5.9941,5.48882,5.97871,5.42601,5.56518
5.4954,5.95669,5.49881,5.94573,5.4346,5.51697
5.50527,5.93039,5.5088,5.92327,5.44335,5.46833
5.51515,5.91198,5.5188,5.9072,5.45225,5.41536
5.52504,5.90149,5.52879,5.8996,5.46128,5.35687
5.53494,5.89796,5.53878,5.89841,5.46737,5.31453
5.54485,5.89984,5.54878,5.9027,5.47368,5.28061
5.55475,5.90656,5.55877,5.9112,5.48019,5.25356
5.56467,5.9173,5.56877,5.92263,5.48711,5.23251
5.57459,5.92912,5.57876,5.93603,5.49419,5.22271
5.58452,5.94525,5.58876,5.95289,5.50144,5.22173
5.59444,5.96276,5.59875,5.97222,5.50883,5.22496
5.60437,5.98525,5.60875,5.99474,5.51636,5.23165
5.6143,6.00793,5.61874,6.0179,5.52403,5.23955
5.62423,6.03157,5.62874,6.04297,5.53197,5.24669
5.63416,6.05831,5.63873,6.06858,5.54002,5.24941
5.64409,6.08271,5.64873,6.09367,5.54818,5.24565
5.65403,6.10407,5.65873,6.11399,5.55644,5.23455
5.66398,6.12713,5.66872,6.13787,5.5648,5.21991
5.67392,6.14873,5.67872,6.15983,5.57315,5.19916
5.68387,6.17189,5.68871,6.18337,5.5817,5.19633
5.69382,6.19563,5.69871,6.20436,5.59032,5.22306
5.70378,6.21373,5.70871,6.22323,5.59902,5.25907
5.71373,6.23237,5.7187,6.24133,5.60779,5.28884
5.72346,6.2457,5.7287,6.25406,5.61656,5.31824
5.7332,6.25338,5.7387,6.26081,5.62533,5.33939
5.74295,6.25614,5.74869,6.26295,5.63417,5.35698
5.75272,6.25877,5.75869,6.26408,5.64301,5.37572
5.76249,6.25352,5.76869,6.26008,5.65184,5.38791
5.77226,6.24687,5.77869,6.25335,5.66082,5.39773
5.78204,6.24361,5.78868,6.25023,5.66985,5.40919
5.79182,6.23149,5.79868,6.23116,5.67888,5.41466
5.80161,6.20915,5.80868,6.20956,5.68796,5.41906
5.81141,6.19154,5.81824,6.1914,5.69709,5.42349
5.82122,6.17036,5.82783,6.17171,5.70603,5.42543
5.83103,6.14663,5.83743,6.14903,5.71503,5.42566
5.84086,6.12725,5.84704,6.12991,5.72402,5.4295
5.85068,6.10623,5.85667,6.11003,5.73302,5.4281
5.86051,6.08197,5.86632,6.08802,5.74214,5.42557
5.87036,6.07153,5.87597,6.0783,5.7513,5.42433
5.88021,6.06533,5.88564,6.06823,5.76051,5.42298
5.89008,6.06544,5.89533,6.06911,5.76976,5.41958
5.89995,6.06206,5.90503,6.0654,5.77905,5.41666
5.90983,6.05897,5.91473,6.06218,5.78834,5.41468
5.91972,6.05679,5.92445,6.05831,5.79767,5.40601
5.92961,6.0508,5.93419,6.05381,5.80704,5.39649
5.93951,6.04349,5.94395,6.04675,5.81648,5.38774
5.94941,6.03582,5.95372,6.03918,5.82599,5.37836
5.95932,6.02695,5.96351,6.03243,5.83555,5.36746
5.96923,6.01724,5.97332,6.02338,5.84517,5.35863
5.97914,6.00988,5.98312,6.01307,5.85483,5.34788
5.98906,6.00015,5.99295,6.00411,5.86453,5.33653
5.99899,5.98904,6.0028,5.99481,5.87425,5.32708
6.00892,5.97952,6.01265,5.98574,5.88397,5.31651
6.01886,5.96965,6.02251,5.97668,5.89372,5.30531
6.02881,5.95973,6.0324,5.96751,5.90352,5.2946
6.03877,5.94973,6.0423,5.95819,5.91334,5.28406
6.04874,5.93971,6.05223,5.94881,5.92318,5.27308
6.05871,5.92966,6.06217,5.93919,5.93303,5.26248
6.06869,5.91433,6.07212,5.92175,5.9429,5.25297
6.07868,5.89577,6.08209,5.90323,5.95278,5.24293
6.08867,5.87658,6.09206,5.8842,5.96268,5.23007
6.09866,5.85687,6.10203,5.86447,5.97259,5.21935
6.10865,5.83687,6.11201,5.84455,5.98252,5.20879
6.11864,5.8163,6.12199,5.82421,5.99245,5.19897
6.12863,5.79576,6.13198,5.80359,6.00238,5.19014
6.13863,5.77484,6.14197,5.78295,6.01233,5.18102
6.14862,5.75364,6.15196,5.76179,6.02229,5.17193
6.15862,5.73244,6.16195,5.74096,6.03225,5.16287
6.16862,5.71034,6.17194,5.7182,6.04223,5.15387
6.17862,5.6886,6.18193,5.69702,6.0522,5.14493
6.18861,5.66559,6.19193,5.67481,6.06219,5.1359
6.19861,5.64103,6.20148,5.65139,6.07217,5.11936
6.20861,5.62077,6.21107,5.62923,6.08216,5.10202
6.21861,5.59889,6.2207,5.60876,6.09215,5.08434
6.2286,5.57516,6.23035,5.58595,6.10214,5.06624
6.2386,5.5525,6.24002,5.56308,6.11214,5.04797
6.2486,5.53055,6.24971,5.54104,6.12213,5.02914
6.2586,5.50419,6.25941,5.51591,6.13213,5.01043
6.2686,5.47193,6.26913,5.48216,6.14213,4.99147
6.2786,5.43634,6.27889,5.44902,6.15212,4.97213
6.2886,5.40171,6.28864,5.41453,6.16212,4.95277
6.29859,5.36823,6.29841,5.38063,6.17212,4.93295
6.30859,5.33024,6.30819,5.34504,6.18212,4.91333
6.31859,5.29585,6.31799,5.31032,6.19212,4.89344
6.32859,5.26045,6.32738,5.27502,6.20211,4.87041
6.33859,5.22305,6.33684,5.24128,6.21211,4.85089
6.34859,5.18647,6.34633,5.20548,6.22211,4.83208
6.35859,5.15182,6.35584,5.17099,6.23211,4.81113
6.36859,5.11213,6.36539,5.13539,6.24211,4.78982
6.37859,5.07677,6.37498,5.10039,6.25211,4.77002
6.38859,5.04012,6.38463,5.06478,6.26211,4.74405
6.39858,5.00175,6.39431,5.02948,6.27211,4.7125
6.40858,4.96442,6.40402,4.99316,6.2821,4.68157
6.41858,4.92655,6.41375,4.95548,6.2921,4.65014
6.42858,4.88555,6.42351,4.91705,6.3021,4.61833
6.43858,4.84818,6.43329,4.87925,6.3121,4.58585
6.44858,4.80745,6.44308,4.83933,6.3221,4.55354
6.45858,4.76925,6.45289,4.80142,6.3321,4.52047
6.46858,4.72881,6.46271,4.76308,6.3421,4.48773
6.47858,4.69026,6.47256,4.72352,6.3521,4.45367
6.48858,4.64947,6.48243,4.6851,6.3621,4.4206
6.49858,4.61134,6.49231,4.64586,6.3721,4.38689
6.50858,4.5705,6.5022,4.60731,6.3821,4.35226
6.51858,4.53232,6.51211,4.56748,6.3921,4.31871
6.52858,4.49164,6.52203,4.52925,6.4021,4.28461
6.53858,4.45153,6.53195,4.48952,6.4121,4.2481
6.54858,4.40353,6.54189,4.44656,6.4221,4.21251
6.55858,4.35776,6.55183,4.39897,6.4321,4.17599
6.56814,4.31044,6.56177,4.35283,6.4421,4.13684
6.57773,4.26591,6.57172,4.30507,6.45186,4.09928
6.58734,4.21849,6.58168,4.25802,6.46164,4.06014
6.59697,4.17366,6.59164,4.20965,6.47144,4.02107
6.60662,4.12575,6.6016,4.16249,6.48125,3.98245
6.61606,4.08153,6.61157,4.11349,6.49108,3.94356
6.62552,4.03443,6.62154,4.06669,6.50092,3.90419
6.63478,3.99083,6.63151,4.01724,6.51079,3.86539
6.64408,3.94442,6.64148,3.97042,6.52066,3.82639
6.65317,3.90032,6.65146,3.92029,6.53055,3.78764
6.66232,3.84995,6.66144,3.86856,6.54045,3.74537
6.67127,3.80278,6.67142,3.81311,6.55036,3.6998
6.68028,3.75273,6.6814,3.76103,6.56028,3.65329
6.68894,3.70658,6.69139,3.70521,6.5702,3.60745
6.69768,3.65766,6.70137,3.65264,6.58013,3.56033
6.70624,3.61192,6.71136,3.5967,6.59007,3.51448
6.71487,3.56366,6.72134,3.54396,6.60002,3.46692
6.72351,3.51786,6.73133,3.48771,6.60996,3.42143
6.73222,3.46957,6.74132,3.43524,6.61991,3.37347
6.74093,3.42335,6.75131,3.38036,6.62986,3.32826
6.74971,3.37643,6.76106,3.3314,6.63981,3.28032
6.7585,3.3319,6.77083,3.27851,6.64977,3.23513
6.76742,3.28534,6.78019,3.23137,6.65973,3.18258
6.77634,3.24067,6.78958,3.18061,6.66969,3.13245
6.7854,3.19398,6.79876,3.13447,6.67965,3.0791
6.79445,3.14877,6.80799,3.08492,6.68962,3.02869
6.80361,3.10207,6.81702,3.03956,6.69958,2.97517
6.81278,3.05616,6.8261,2.99103,6.70955,2.92465
6.82204,3.00901,6.835,2.9464,6.71952,2.87089
6.8313,2.96264,6.84395,2.89917,6.72926,2.82188
6.84065,2.91512,6.85291,2.85269,6.73902,2.7685
6.8498,2.86824,6.86198,2.8035,6.74836,2.72269
6.85904,2.81954,6.87087,2.75722,6.75773,2.67362
6.86792,2.77289,6.87982,2.70875,6.76672,2.63033
6.87693,2.725,6.88877,2.66158,6.77577,2.5833
6.88532,2.68,6.89784,2.6123,6.78447,2.54152
6.8939,2.63352,6.90691,2.56374,6.79323,2.49649
6.90217,2.58854,6.91609,2.51285,6.80167,2.45594
6.91064,2.54194,6.92491,2.46397,6.81019,2.41237
6.91881,2.49641,6.93379,2.4131,6.81855,2.37229
6.92708,2.4497,6.94233,2.36456,6.827,2.32961
6.93484,2.40491,6.95095,2.30281,6.83545,2.28914
6.94272,2.35903,6.95926,2.23667,6.84408,2.24616
6.95008,2.30574,6.96766,2.16681,6.85239,2.20463
6.95757,2.24525,6.97576,2.09822,6.8608,2.16105
6.96537,2.18149,6.98397,2.02476,6.86929,2.11783
6.97328,2.11448,6.99189,1.95256,6.87796,2.07261
6.98094,2.04704,6.99982,1.87592,6.88631,2.02922
6.98872,1.97592,7,1.83712,6.89485,1.98389
6.99626,1.90515,,1.93983,6.90323,1.93983
7,1.84833,,1.89378,6.9118,1.89378
,,,1.84787,6.92045,1.84787
,,,1.7994,6.92926,1.7994
,,,1.75105,6.93821,1.75105
,,,1.69531,6.94736,1.69531
,,,1.62721,6.95632,1.62721
,,,1.55389,6.96534,1.55389
,,,1.48238,6.974,1.48238
,,,1.40472,6.98293,1.40472
,,,1.32902,6.99152,1.32902
,,,1.24919,7,1.24919
