x,F893,x,F893,x,F893,x,F893,x,F893
0,0,0,0,0,0,0,0,0,0
0.01,0.816328,0.01,0.817154,0.01,0.814595,0.01,0.684933,0.01,0.686006
0.0193853,0.815341,0.0193853,0.814798,0.0193853,0.818735,0.0190825,0.681068,0.0190825,0.68049
0.0282314,0.820196,0.0282314,0.819798,0.0282314,0.822251,0.0276631,0.681726,0.0276631,0.681287
0.0366047,0.823626,0.0366047,0.823502,0.0366047,0.825305,0.0362436,0.681912,0.0362436,0.681719
0.0445633,0.82589,0.0445633,0.825945,0.0445633,0.828026,0.0448242,0.681314,0.0448242,0.681296
0.0521582,0.827409,0.0521582,0.827546,0.0521582,0.830313,0.0534048,0.680029,0.0534048,0.680074
0.059434,0.828468,0.059434,0.828622,0.059434,0.83231,0.0619854,0.679009,0.0619854,0.679062
0.0663574,0.827076,0.0663574,0.827281,0.0662922,0.831071,0.0705659,0.678221,0.0705659,0.678249
0.0734473,0.826061,0.0734473,0.82613,0.0733204,0.831048,0.0789799,0.680774,0.0789799,0.680823
0.0808806,0.825997,0.0808806,0.826005,0.0805093,0.831461,0.087711,0.681292,0.087711,0.681215
0.0886169,0.826228,0.0886169,0.826218,0.08803,0.832074,0.0964422,0.681763,0.0964422,0.681659
0.0966204,0.826538,0.0966204,0.826521,0.0958433,0.832852,0.105173,0.681878,0.105173,0.681771
0.10486,0.826866,0.10486,0.826837,0.103915,0.833749,0.113904,0.681857,0.113904,0.68174
0.113307,0.827225,0.113307,0.827181,0.112214,0.834739,0.122636,0.681753,0.122636,0.681614
0.121937,0.82762,0.121937,0.827557,0.120714,0.835703,0.131367,0.681649,0.131367,0.681483
0.130729,0.828015,0.130729,0.827934,0.129391,0.836475,0.140098,0.681587,0.140098,0.681394
0.139663,0.828428,0.139663,0.828331,0.138224,0.837282,0.148655,0.681502,0.148655,0.681284
0.148724,0.828862,0.148724,0.828752,0.147195,0.838119,0.157047,0.681322,0.157047,0.681083
0.157895,0.829244,0.157895,0.829124,0.156287,0.838984,0.165753,0.681402,0.165753,0.68115
0.167164,0.829624,0.167164,0.829501,0.165486,0.839827,0.174712,0.68154,0.174712,0.681274
0.176473,0.829929,0.176473,0.829795,0.17478,0.840638,0.183874,0.681719,0.183874,0.681444
0.185863,0.830219,0.185819,0.830097,0.184112,0.841417,0.193199,0.681921,0.193199,0.681638
0.195286,0.830404,0.1952,0.83031,0.193481,0.842215,0.202656,0.682131,0.202656,0.681843
0.20474,0.830461,0.204615,0.830366,0.202883,0.843023,0.21222,0.682345,0.21222,0.682053
0.214195,0.830517,0.21403,0.830421,0.212318,0.843815,0.221868,0.682562,0.221868,0.682266
0.223649,0.830573,0.223444,0.830472,0.221783,0.844376,0.231585,0.682784,0.231585,0.682483
0.233133,0.830615,0.232654,0.830524,0.231277,0.844938,0.241357,0.683012,0.241357,0.682704
0.242617,0.830657,0.241496,0.830578,0.240772,0.845506,0.251174,0.683246,0.251174,0.682931
0.252101,0.830698,0.250339,0.830623,0.250266,0.846075,0.261027,0.683487,0.261027,0.683164
0.261376,0.830747,0.258847,0.830656,0.259369,0.846649,0.270908,0.683815,0.270908,0.683485
0.270279,0.830795,0.267049,0.830691,0.267967,0.84721,0.280796,0.683989,0.280796,0.683648
0.279182,0.830845,0.274972,0.830718,0.275905,0.847754,0.290705,0.684323,0.290705,0.683973
0.287744,0.830883,0.282895,0.830739,0.283706,0.848033,0.30062,0.684518,0.30062,0.684157
0.295996,0.830929,0.290282,0.83076,0.291074,0.84828,0.310551,0.684864,0.310551,0.684493
0.303849,0.830974,0.297461,0.830787,0.29815,0.848499,0.320486,0.68514,0.320486,0.684758
0.311178,0.831021,0.30445,0.830802,0.304845,0.848687,0.330425,0.685428,0.330425,0.685034
0.318019,0.831063,0.311266,0.830813,0.311393,0.848859,0.340366,0.685723,0.340366,0.685317
0.3247,0.8311,0.317858,0.830823,0.317701,0.848997,0.350311,0.686024,0.350311,0.685606
0.330989,0.831124,0.324204,0.830839,0.323895,0.849126,0.360259,0.686332,0.360259,0.685902
0.33712,0.831146,0.330384,0.830856,0.329904,0.84924,0.37021,0.686646,0.37021,0.686203
0.343075,0.831163,0.336318,0.830877,0.335757,0.84934,0.380163,0.686964,0.380163,0.686509
0.348856,0.831182,0.342106,0.830898,0.341505,0.849429,0.390119,0.687288,0.390119,0.68682
0.354515,0.831205,0.347826,0.830918,0.347137,0.84951,0.400078,0.687617,0.400078,0.687136
0.360093,0.831229,0.353458,0.830937,0.352637,0.849585,0.410038,0.68795,0.410038,0.687456
0.365565,0.831258,0.358942,0.830964,0.358,0.849651,0.420001,0.688287,0.420001,0.68778
0.37098,0.831293,0.364351,0.830999,0.363296,0.849711,0.429966,0.688628,0.429966,0.688108
0.376343,0.831277,0.369648,0.831037,0.368546,0.849769,0.439932,0.688972,0.439932,0.68844
0.381606,0.831148,0.374909,0.830919,0.373758,0.849746,0.449901,0.68932,0.449901,0.688775
0.386829,0.831024,0.380103,0.830792,0.37893,0.849714,0.459871,0.68967,0.459871,0.689113
0.392011,0.830903,0.385256,0.830671,0.384071,0.849684,0.469843,0.690024,0.469843,0.689454
0.397165,0.830788,0.390382,0.830555,0.389186,0.849656,0.479816,0.690379,0.479816,0.689797
0.402295,0.830678,0.395458,0.830442,0.394275,0.849632,0.489791,0.690737,0.489791,0.690143
0.407408,0.830574,0.40052,0.830337,0.399347,0.849607,0.499767,0.691097,0.499767,0.690491
0.412508,0.830474,0.405566,0.830234,0.404404,0.849591,0.509744,0.691459,0.509744,0.690841
0.417596,0.830381,0.410601,0.83014,0.409447,0.849574,0.519723,0.691822,0.519723,0.691193
0.422673,0.830294,0.415625,0.830048,0.414483,0.849562,0.529702,0.692187,0.529702,0.691546
0.427736,0.830212,0.420638,0.829963,0.419511,0.849553,0.539683,0.692553,0.539683,0.691901
0.43278,0.830134,0.425648,0.829882,0.424534,0.849544,0.549665,0.692921,0.549665,0.692258
0.437813,0.830064,0.430655,0.829809,0.429552,0.849541,0.559648,0.693289,0.559648,0.692615
0.442839,0.829997,0.43566,0.829737,0.434567,0.849542,0.569632,0.693659,0.569632,0.692974
0.447861,0.829936,0.440665,0.829672,0.439578,0.849545,0.579616,0.694029,0.579616,0.693333
0.452875,0.829879,0.445667,0.829612,0.444586,0.849553,0.589602,0.694399,0.589602,0.693694
0.457887,0.829827,0.450669,0.829556,0.449592,0.849555,0.599588,0.69477,0.599588,0.694055
0.462895,0.82978,0.455671,0.829506,0.454596,0.849527,0.609575,0.695142,0.609575,0.694416
0.467901,0.829737,0.460672,0.829458,0.459599,0.849504,0.619563,0.695514,0.619563,0.694782
0.472906,0.8297,0.465673,0.829418,0.464602,0.84949,0.629551,0.695886,0.629551,0.695143
0.47791,0.829666,0.470673,0.82938,0.469604,0.849473,0.63954,0.696258,0.639539,0.695505
0.482913,0.82961,0.475674,0.829326,0.474605,0.849458,0.64953,0.69663,0.649526,0.695867
0.487916,0.829554,0.480674,0.829268,0.479606,0.849448,0.65952,0.697002,0.659514,0.69623
0.492918,0.829503,0.485674,0.829212,0.484606,0.849439,0.669511,0.697375,0.669502,0.696592
0.497919,0.829456,0.490674,0.829162,0.489607,0.849435,0.679502,0.697747,0.679489,0.696955
0.50292,0.829413,0.495675,0.829115,0.494607,0.849433,0.689494,0.698119,0.689477,0.697317
0.507921,0.829376,0.500675,0.829073,0.499608,0.849434,0.699486,0.698491,0.699465,0.69768
0.512921,0.829339,0.505675,0.829033,0.504608,0.849437,0.709479,0.698862,0.709453,0.698042
0.517921,0.829307,0.510675,0.828999,0.509608,0.849441,0.719472,0.699233,0.71944,0.698404
0.522922,0.829278,0.515675,0.828966,0.514608,0.849449,0.729465,0.699604,0.729428,0.698766
0.527922,0.829254,0.520675,0.828938,0.519608,0.849459,0.739459,0.699975,0.739416,0.699127
0.532922,0.829232,0.525675,0.828913,0.524608,0.84947,0.749453,0.700348,0.749404,0.699488
0.537922,0.829215,0.530675,0.828892,0.529608,0.849483,0.759447,0.700717,0.759391,0.699849
0.542922,0.8292,0.535675,0.828874,0.534608,0.849499,0.769441,0.701086,0.769379,0.700209
0.547922,0.82919,0.540675,0.828858,0.539608,0.849518,0.779435,0.701454,0.779367,0.700569
0.552923,0.829182,0.545675,0.828846,0.544608,0.849538,0.789429,0.701814,0.789355,0.700929
0.557923,0.829176,0.550675,0.828838,0.549608,0.84956,0.799424,0.702191,0.799342,0.701287
0.562923,0.829174,0.555675,0.82883,0.554608,0.849586,0.809418,0.702549,0.80933,0.701646
0.567923,0.829175,0.560675,0.828825,0.559608,0.849608,0.819414,0.702924,0.819318,0.701996
0.572923,0.829179,0.565675,0.828825,0.564608,0.849637,0.829409,0.703283,0.829307,0.702361
0.577923,0.829177,0.570675,0.828822,0.569608,0.849664,0.839405,0.703656,0.839296,0.70271
0.582923,0.829172,0.575675,0.828811,0.574608,0.849696,0.849401,0.704013,0.849287,0.703074
0.587923,0.829168,0.580675,0.828802,0.579608,0.849728,0.859397,0.704378,0.859277,0.703423
0.592923,0.829168,0.585675,0.828796,0.584608,0.849761,0.869394,0.704742,0.869269,0.703785
0.597923,0.829169,0.590675,0.828793,0.589608,0.849795,0.879391,0.705105,0.87926,0.704133
0.602923,0.829174,0.595675,0.828791,0.594608,0.849831,0.889389,0.705468,0.889253,0.704486
0.607923,0.829179,0.600675,0.828792,0.599608,0.849868,0.899387,0.705831,0.899246,0.70484
0.612923,0.829189,0.605675,0.828795,0.604608,0.849906,0.909385,0.706193,0.90924,0.705193
0.617923,0.829199,0.610675,0.828801,0.609608,0.849947,0.919383,0.706554,0.919235,0.705545
0.622923,0.829213,0.615675,0.828809,0.614608,0.849987,0.929382,0.706915,0.929231,0.705897
0.627923,0.829228,0.620675,0.828817,0.619608,0.85003,0.93938,0.707275,0.939227,0.706255
0.632923,0.826552,0.625675,0.82883,0.624608,0.850072,0.949379,0.707635,0.949223,0.7066
0.637923,0.826583,0.630675,0.826145,0.629608,0.850116,0.959378,0.707994,0.959219,0.706953
0.642923,0.826616,0.635675,0.826173,0.634608,0.850161,0.969377,0.708356,0.969216,0.707299
0.647923,0.826651,0.640675,0.826201,0.639608,0.850206,0.979376,0.708711,0.979213,0.70765
0.652923,0.826688,0.645675,0.826233,0.644608,0.850252,0.989376,0.709071,0.98921,0.707999
0.657923,0.826726,0.650675,0.826267,0.649608,0.8503,0.999375,0.709429,0.999208,0.708346
0.662923,0.826766,0.655675,0.826302,0.654608,0.850349,1.00937,0.711531,1.00921,0.710554
0.667923,0.826806,0.660675,0.826337,0.659608,0.850399,1.01894,0.711482,1.01877,0.711099
0.672923,0.82685,0.665675,0.826373,0.664608,0.85045,1.0281,0.705933,1.02793,0.705594
0.677923,0.826885,0.670675,0.826411,0.669608,0.8505,1.03691,0.697413,1.03673,0.697255
0.682923,0.826923,0.675675,0.826447,0.674608,0.850467,1.04538,0.67463,1.0452,0.67469
0.687923,0.826962,0.680675,0.82648,0.678775,0.850489,1.05355,0.656621,1.05337,0.656513
0.692923,0.827001,0.685675,0.826514,0.679608,0.849264,1.06144,0.629057,1.06126,0.628822
0.697923,0.827022,0.690675,0.826549,0.684608,0.854173,1.06908,0.616056,1.0689,0.615698
0.702923,0.827015,0.695675,0.826586,0.689608,0.852714,1.07649,0.592417,1.07631,0.591996
0.707923,0.82701,0.700675,0.826625,0.694608,0.851925,1.08369,0.520569,1.08351,0.500474
0.712923,0.827006,0.705675,0.826664,0.699608,0.851564,1.0907,0.498813,1.09052,0.498624
0.717923,0.827001,0.709841,0.826655,0.704608,0.85137,1.09771,0.497631,1.09736,0.49738
0.722923,0.826999,0.714841,0.826674,0.709608,0.851262,1.10472,0.496896,1.10419,0.496598
0.727923,0.827002,0.719008,0.826609,0.714608,0.851196,1.11173,0.496304,1.11102,0.495981
0.732923,0.827002,0.724008,0.826627,0.719608,0.851131,1.11856,0.495904,1.1177,0.495514
0.737923,0.827001,0.729008,0.826617,0.724879,0.85118,1.12524,0.495811,1.12423,0.495378
0.742923,0.826997,0.733175,0.826562,0.729996,0.851183,1.13177,0.49595,1.13062,0.495449
0.747923,0.826993,0.738175,0.826588,0.735062,0.851184,1.13816,0.496356,1.13689,0.495773
0.752923,0.826992,0.742342,0.826521,0.74011,0.850602,1.14444,0.497024,1.14306,0.496351
0.757923,0.826991,0.747342,0.826538,0.745142,0.850607,1.15065,0.497947,1.14912,0.497173
0.762923,0.826989,0.751508,0.826475,0.750163,0.850614,1.15676,0.499109,1.15518,0.498237
0.767923,0.826992,0.756508,0.826497,0.755179,0.850624,1.16277,0.500503,1.16115,0.499527
0.772923,0.826994,0.761508,0.826489,0.760193,0.850635,1.16874,0.502132,1.16707,0.501047
0.777923,0.826997,0.765675,0.826434,0.765203,0.850648,1.1747,0.504,1.17299,0.5028
0.782923,0.827001,0.770675,0.826463,0.770209,0.850077,1.18067,0.506116,1.17892,0.504794
0.787923,0.827006,0.775675,0.826462,0.775214,0.850094,1.18663,0.508493,1.18484,0.507039
0.792923,0.827011,0.780675,0.826462,0.780218,0.85011,1.1926,0.511146,1.19076,0.509551
0.797923,0.827019,0.785675,0.826469,0.785219,0.850129,1.19856,0.514097,1.19669,0.512348
0.802923,0.827026,0.790675,0.826477,0.79022,0.850147,1.20453,0.517368,1.20261,0.51545
0.807923,0.827035,0.795675,0.826486,0.795221,0.850167,1.21049,0.52099,1.20853,0.518888
0.812923,0.827045,0.800675,0.826497,0.800221,0.850186,1.21646,0.524998,1.21446,0.522693
0.817923,0.827056,0.805675,0.826508,0.805222,0.850206,1.22264,0.529468,1.2206,0.526937
0.822923,0.827068,0.810675,0.82652,0.810222,0.850228,1.22903,0.534496,1.22695,0.531711
0.827923,0.827078,0.815675,0.826533,0.815222,0.850246,1.23561,0.540202,1.2335,0.537126
0.832923,0.827089,0.820675,0.826547,0.820222,0.850266,1.24238,0.546734,1.24024,0.543323
0.837923,0.827101,0.825675,0.826562,0.825222,0.850286,1.24933,0.551393,1.24715,0.548878
0.842923,0.827112,0.830675,0.826576,0.830222,0.850308,1.25644,0.556528,1.25423,0.553732
0.847923,0.827125,0.835675,0.826589,0.835222,0.85033,1.2637,0.562339,1.26147,0.559218
0.852923,0.827138,0.840675,0.826603,0.840222,0.850355,1.27112,0.569091,1.26886,0.565445
0.857923,0.827152,0.845675,0.826618,0.845222,0.850379,1.27867,0.577773,1.27639,0.573341
0.862923,0.827168,0.850675,0.826634,0.850222,0.850405,1.28636,0.588869,1.28405,0.583438
0.867923,0.827184,0.855675,0.82665,0.855222,0.850426,1.29417,0.60159,1.29184,0.596275
0.872923,0.827201,0.860675,0.826668,0.860222,0.850449,1.3021,0.613188,1.29975,0.608547
0.877923,0.827219,0.865675,0.826686,0.865222,0.850473,1.31014,0.605891,1.30777,0.602176
0.882923,0.827237,0.870675,0.826705,0.870222,0.850497,1.31792,0.607896,1.3159,0.607807
0.887923,0.827257,0.875675,0.826725,0.875222,0.850516,1.32569,0.607207,1.32403,0.607098
0.892923,0.827277,0.880675,0.826746,0.880222,0.849981,1.33359,0.60655,1.33226,0.606414
0.897923,0.827299,0.885675,0.826767,0.885222,0.849917,1.3416,0.69117,1.34058,0.700772
0.902923,0.827321,0.890675,0.826789,0.890222,0.849941,1.34972,0.69182,1.34891,0.691511
0.907923,0.827344,0.895675,0.826813,0.895222,0.849963,1.35784,0.682481,1.35723,0.682073
0.912923,0.827367,0.900675,0.826837,0.900222,0.849984,1.36595,0.672969,1.36556,0.672449
0.917923,0.827391,0.905675,0.826861,0.905222,0.850008,1.37407,0.663486,1.37388,0.662843
0.922923,0.827415,0.910675,0.826896,0.910222,0.850032,1.38219,0.625282,1.38221,0.624463
0.927923,0.827439,0.915675,0.826919,0.915222,0.849464,1.39053,0.622661,1.39073,0.621815
0.932923,0.827464,0.920675,0.826943,0.920222,0.849492,1.39887,0.623257,1.39926,0.622148
0.937923,0.827489,0.925675,0.826967,0.925222,0.849519,1.40721,0.62743,1.40778,0.626089
0.942923,0.827512,0.930675,0.826992,0.930222,0.849547,1.41575,0.63559,1.41648,0.634018
0.947923,0.827537,0.935675,0.827018,0.935222,0.849576,1.42412,0.642951,1.42524,0.642357
0.952923,0.827563,0.940675,0.827044,0.940222,0.849605,1.43258,0.647545,1.43408,0.647001
0.957923,0.827589,0.945675,0.827071,0.945222,0.849635,1.44112,0.650474,1.44298,0.650114
0.962923,0.827616,0.950675,0.827096,0.950222,0.849664,1.44967,0.652869,1.45187,0.652785
0.967923,0.827643,0.955675,0.827121,0.955222,0.849695,1.45804,0.632608,1.46059,0.632708
0.972923,0.82767,0.960675,0.827149,0.960222,0.849725,1.46627,0.619854,1.46913,0.620041
0.977923,0.827699,0.965675,0.827178,0.965222,0.849757,1.4747,0.613037,1.47785,0.613359
0.982923,0.827728,0.970675,0.827206,0.970222,0.84979,1.48331,0.612901,1.48672,0.613065
0.987923,0.827757,0.975675,0.827235,0.975222,0.849822,1.49209,0.613914,1.49572,0.614511
0.992089,0.827746,0.980675,0.827264,0.980222,0.849855,1.50102,0.617288,1.50483,0.617673
0.996256,0.827751,0.985675,0.827294,0.985222,0.849888,1.51007,0.610047,1.51406,0.608664
1.00126,0.830698,0.990675,0.827325,0.990222,0.849922,1.51923,0.597547,1.52337,0.596103
1.00626,0.83167,0.995675,0.827356,0.995222,0.849956,1.52849,0.58627,1.53277,0.584782
1.01153,0.832127,1.00067,0.830166,1.00022,0.849977,1.53784,0.57602,1.54223,0.555762
1.01736,0.832458,1.00595,0.831385,1.00522,0.852701,1.54726,0.548624,1.55176,0.547237
1.02368,0.831472,1.01122,0.831699,1.01022,0.853007,1.55676,0.540832,1.56135,0.539427
1.03043,0.831347,1.01704,0.831996,1.01549,0.853067,1.56631,0.533648,1.57098,0.551721
1.03757,0.830671,1.02337,0.831045,1.02102,0.851758,1.57592,0.527921,1.58066,0.527085
1.04471,0.828367,1.03012,0.830946,1.02707,0.851728,1.58554,0.362356,1.59038,0.362101
1.05166,0.825301,1.03726,0.83043,1.03359,0.851339,1.59517,0.362254,1.60009,0.361904
1.05897,0.820295,1.0444,0.828151,1.04011,0.8503,1.6044,0.397142,1.6094,0.45716
1.0666,0.813421,1.05135,0.825262,1.0465,0.849099,1.6131,0.45748,1.61884,0.545819
1.0747,0.806515,1.05866,0.820257,1.05331,0.845426,1.62148,0.546163,1.62834,0.565215
1.08319,0.796031,1.06629,0.813398,1.0605,0.838612,1.62957,0.565601,1.63785,0.566378
1.09197,0.786456,1.07439,0.80676,1.06826,0.831484,1.63739,0.566663,1.64735,0.568042
1.101,0.776648,1.08288,0.796273,1.07646,0.821189,1.64496,0.568197,1.65686,0.570115
1.11022,0.768711,1.09166,0.786611,1.08502,0.810654,1.65231,0.569975,1.66643,0.572592
1.1196,0.759831,1.10069,0.776854,1.09387,0.797758,1.65966,0.572035,1.67604,0.575485
1.12911,0.745718,1.10991,0.768861,1.10295,0.787533,1.66701,0.574405,1.6857,0.611815
1.13871,0.729012,1.11929,0.760063,1.11221,0.775241,1.67436,0.577096,1.6954,0.629849
1.14839,0.712282,1.1288,0.748238,1.12162,0.768172,1.6817,0.580122,1.70514,0.64705
1.15814,0.689901,1.1384,0.72929,1.13115,0.752117,1.68905,0.630601,1.71489,0.663646
1.16793,0.672675,1.14808,0.712527,1.14077,0.737714,1.69654,0.634019,1.72466,0.67666
1.17777,0.640355,1.15782,0.690099,1.15047,0.71878,1.70404,0.650989,1.73303,0.689016
1.18764,0.621407,1.16762,0.672853,1.16023,0.699457,1.71153,0.666097,1.7411,0.692787
1.19753,0.593186,1.17746,0.644293,1.17004,0.68574,1.71902,0.678381,1.74891,0.698185
1.20745,0.573373,1.18733,0.621509,1.17988,0.65157,1.727,0.691171,1.75658,0.714904
1.21738,0.529826,1.19722,0.593228,1.18976,0.625424,1.73498,0.695065,1.76439,0.721101
1.22733,0.479405,1.20714,0.573378,1.19966,0.597788,1.74271,0.700706,1.77219,0.724566
1.23729,0.45509,1.21707,0.52975,1.20958,0.562651,1.75019,0.717377,1.77975,0.727142
1.24725,0.438352,1.22702,0.493882,1.21952,0.536159,1.75797,0.722361,1.78708,0.730159
1.25722,0.438716,1.23698,0.454853,1.22947,0.494341,1.76587,0.725152,1.79421,0.732428
1.26676,0.438978,1.24694,0.438072,1.23943,0.463888,1.77333,0.727924,1.80116,0.735414
1.27635,0.439249,1.25691,0.438422,1.24939,0.465534,1.78056,0.730412,1.80794,0.730693
1.28602,0.439491,1.26688,0.438674,1.25937,0.467052,1.78761,0.732871,1.81456,0.73392
1.29576,0.43971,1.27686,0.43893,1.26935,0.468435,1.79447,0.736008,1.82104,0.736725
1.30555,0.439902,1.28684,0.439161,1.27933,0.469705,1.80118,0.731056,1.82739,0.739695
1.31538,0.440074,1.29682,0.439373,1.28931,0.470863,1.80773,0.734256,1.83362,0.742188
1.32524,0.440223,1.30681,0.439559,1.2993,0.471947,1.81415,0.737206,1.83946,0.742966
1.33513,0.440356,1.3168,0.439725,1.30929,0.472976,1.82045,0.740243,1.84551,0.743675
1.34503,0.440476,1.32679,0.439869,1.31928,0.473923,1.82663,0.742848,1.85157,0.745503
1.35495,0.440589,1.33678,0.439995,1.32928,0.474798,1.83251,0.743368,1.85754,0.746825
1.36489,0.440697,1.34678,0.440109,1.33927,0.475616,1.83861,0.744151,1.86342,0.746407
1.37484,0.440802,1.35677,0.440215,1.34927,0.476365,1.84472,0.74603,1.86904,0.745422
1.3848,0.440908,1.36677,0.440316,1.35926,0.477071,1.85073,0.747297,1.87457,0.742697
1.39477,0.441016,1.37676,0.440414,1.36926,0.477732,1.85665,0.746863,1.87969,0.739449
1.40474,0.441127,1.38676,0.440512,1.37926,0.478354,1.86218,0.745772,1.8848,0.73549
1.41472,0.441243,1.39676,0.440611,1.38926,0.478944,1.86766,0.74301,1.88985,0.729786
1.4247,0.441365,1.40676,0.440714,1.39925,0.479504,1.87307,0.740281,1.8949,0.723363
1.43469,0.441493,1.41676,0.440821,1.40925,0.480041,1.87836,0.736521,1.89991,0.717559
1.44468,0.441629,1.42676,0.440933,1.41925,0.480556,1.88352,0.731004,1.90493,0.712021
1.45467,0.441771,1.43675,0.441052,1.42925,0.481054,1.88862,0.724679,1.9091,0.707074
1.46466,0.450288,1.44675,0.441178,1.43925,0.481538,1.8937,0.718814,1.9141,0.702399
1.47465,0.502687,1.45675,0.441312,1.44925,0.48201,1.89878,0.713376,1.9191,0.697943
1.48465,0.503389,1.46675,0.494951,1.45925,0.486373,1.90383,0.7083,1.9241,0.684817
1.49465,0.504288,1.47675,0.502385,1.46925,0.532665,1.90888,0.703542,1.9291,0.681099
1.50464,0.62555,1.48675,0.503106,1.47925,0.540014,1.91392,0.699137,1.9341,0.677635
1.51464,0.684143,1.49675,0.504047,1.48925,0.541183,1.91894,0.685946,1.9391,0.674403
1.52464,0.712225,1.50675,0.658074,1.49925,0.542472,1.92396,0.682207,1.9441,0.67142
1.53463,0.728452,1.51675,0.692533,1.50925,0.69104,1.92897,0.678723,1.9491,0.668596
1.54463,0.731352,1.52675,0.714802,1.51925,0.731641,1.93397,0.675558,1.9541,0.665943
1.55463,0.734858,1.53675,0.728853,1.52925,0.736765,1.93898,0.672506,1.9591,0.663449
1.56463,0.740048,1.54675,0.731619,1.53925,0.752873,1.94398,0.669656,1.9641,0.661151
1.57419,0.747199,1.55675,0.735406,1.54925,0.757841,1.94898,0.66707,1.9691,0.648188
1.58378,0.753741,1.56675,0.741011,1.55925,0.763722,1.95398,0.664529,1.9741,0.646229
1.59337,0.760327,1.57631,0.748603,1.56758,0.770139,1.95898,0.662206,1.9791,0.64435
1.60295,0.767017,1.58567,0.754511,1.57591,0.776669,1.96398,0.649333,1.9841,0.630013
1.61256,0.77125,1.59502,0.760967,1.58409,0.781277,1.96899,0.647299,1.9891,0.628491
1.62219,0.779306,1.60437,0.766838,1.59237,0.785807,1.97399,0.645464,1.9941,0.614711
1.63184,0.78378,1.61376,0.771756,1.60074,0.790828,1.97899,0.643722,1.9991,0.613412
1.64151,0.785724,1.62318,0.78009,1.60919,0.796331,1.98399,0.629545,2.0041,0.612085
1.65118,0.789226,1.63263,0.784254,1.61774,0.799869,1.98899,0.628096,2.0091,0.597242
1.66087,0.792529,1.64208,0.786185,1.62628,0.804551,1.99399,0.614545,2.0141,0.582664
1.67056,0.795162,1.65153,0.790004,1.63482,0.810507,1.99899,0.613269,2.01969,0.566115
1.68026,0.799976,1.66098,0.791534,1.64336,0.815376,2.00399,0.598052,2.02521,0.566398
1.68998,0.803525,1.6705,0.796147,1.65198,0.817734,2.00899,0.597275,2.03068,0.566891
1.69972,0.802404,1.68002,0.800203,1.6606,0.821034,2.01426,0.582833,2.03611,0.567516
1.70947,0.802614,1.68963,0.803369,1.66922,0.820938,2.01979,0.566428,2.04151,0.568287
1.71923,0.799291,1.69926,0.802116,1.67784,0.82136,2.02529,0.566734,2.04687,0.569225
1.72899,0.796685,1.70896,0.80223,1.68646,0.823809,2.03075,0.56724,2.0522,0.570325
1.7388,0.794869,1.71867,0.798848,1.69516,0.819848,2.03616,0.567877,2.0575,0.571575
1.74862,0.790469,1.72843,0.796399,1.70385,0.817582,2.04156,0.568667,2.06277,0.572962
1.75846,0.789707,1.7382,0.792877,1.7128,0.815386,2.04693,0.569631,2.06803,0.574579
1.7683,0.781378,1.74802,0.790387,1.72175,0.812267,2.05226,0.57075,2.07327,0.589949
1.77816,0.765969,1.75785,0.78919,1.73083,0.808867,2.05756,0.572012,2.07851,0.590923
1.78803,0.750227,1.7677,0.780842,1.73995,0.805211,2.06284,0.573406,2.08372,0.591784
1.79791,0.737754,1.77755,0.765212,1.74918,0.799713,2.06812,0.589563,2.08892,0.592688
1.80781,0.72892,1.78743,0.74686,1.7585,0.787992,2.07339,0.590364,2.09411,0.607044
1.81772,0.719334,1.79732,0.736762,1.76789,0.777862,2.07865,0.591171,2.09929,0.608017
1.82764,0.706118,1.80723,0.727778,1.77733,0.761683,2.08388,0.592015,2.10445,0.621632
1.83757,0.69278,1.81715,0.718071,1.78682,0.748115,2.08909,0.606339,2.1096,0.622724
1.84751,0.676959,1.82708,0.704776,1.79638,0.739294,2.09429,0.619908,2.11474,0.635504
1.85745,0.661632,1.83702,0.691496,1.80599,0.729779,2.09947,0.620896,2.11987,0.648263
1.8674,0.650495,1.84696,0.672264,1.81565,0.716804,2.10463,0.633634,2.12498,0.649498
1.87735,0.635924,1.85691,0.660506,1.82534,0.701494,2.10979,0.634669,2.13009,0.66141
1.8873,0.62588,1.86687,0.649433,1.83508,0.689917,2.11495,0.635752,2.1352,0.672821
1.89726,0.607465,1.87682,0.634929,1.84484,0.668609,2.12009,0.648518,2.1403,0.683654
1.90722,0.59833,1.88678,0.624952,1.85463,0.662104,2.12522,0.660386,2.14541,0.693838
1.91718,0.58474,1.89675,0.606589,1.86445,0.648598,2.13034,0.661687,2.15051,-2.31502
1.92714,0.576289,1.90671,0.597486,1.87429,0.63113,2.13546,0.682531,2.1556,-6.1795
1.93711,0.562833,1.91668,0.583916,1.8839,0.618179,2.14057,0.683951,2.16068,-1.85768
1.94707,0.554945,1.92665,0.575484,1.89359,0.605569,2.14568,0.694148,2.16576,-0.425591
1.95704,0.541291,1.93662,0.56205,1.90334,0.588246,2.15079,-0.998962,2.17083,0.0437458
1.96701,0.527404,1.94659,0.554163,1.91312,0.58645,2.15589,-5.79893,2.17589,0.25942
1.97699,0.519821,1.95657,0.54055,1.92292,0.574304,2.16098,-1.19929,2.18095,0.382376
1.98696,0.505626,1.96654,0.526666,1.93274,0.57334,2.16607,-0.252785,2.18601,0.457874
1.99693,0.497996,1.97652,0.512439,1.94256,0.561376,2.17114,0.114277,2.19107,-0.757315
2.00691,0.475489,1.9865,0.504921,1.9524,0.560989,2.17621,0.296063,2.19612,-0.0600816
2.01612,0.475432,1.99648,0.497325,1.96224,0.5296,2.18128,-4.95125,2.20116,0.18938
2.02548,0.459518,2.00647,0.474834,1.97209,0.523402,2.18635,-0.998129,2.20621,0.242651
2.03497,0.459743,2.01645,0.474754,1.98195,0.524079,2.19141,-0.0108748,2.21125,0.305595
2.04452,0.45166,2.02621,0.458835,1.99182,0.510593,2.19647,0.220582,2.21628,0.340145
2.05386,0.45201,2.03599,0.459045,2.00169,0.496564,2.20152,0.324433,2.22132,0.364717
2.06323,0.452303,2.04577,0.450959,2.01156,0.497612,2.20657,0.383161,2.22634,0.368219
2.07268,0.452619,2.05558,0.451271,2.02144,0.49852,2.21161,0.412274,2.23137,0.361708
2.08215,0.45289,2.06541,0.451571,2.03135,0.499295,2.21665,0.440247,2.23639,0.297844
2.09166,0.453172,2.07525,0.451842,2.04127,0.499979,2.22169,0.460314,2.24141,-0.206888
2.10119,0.45342,2.08511,0.452117,2.0512,0.500588,2.22672,0.473101,2.2467,0.606762
2.11078,0.453679,2.09498,0.452359,2.06114,0.501121,2.23174,0.481559,2.25196,0.61067
2.12039,0.453909,2.10486,0.452606,2.07109,0.501744,2.23677,0.480692,2.2572,0.603061
2.13004,0.454154,2.11475,0.452831,2.08105,0.502307,2.24179,0.45981,2.26242,0.60692
2.1397,0.454369,2.12465,0.453063,2.09101,0.502793,2.2474,0.415182,2.2676,0.610676
2.1494,0.45461,2.13456,0.453274,2.10097,0.503206,2.25296,0.260954,2.27277,0.602391
2.15909,0.454809,2.14447,0.453493,2.11094,0.503563,2.25841,0.607833,2.27792,0.605426
2.16883,0.455018,2.1544,0.453696,2.12092,0.503867,2.26383,0.61182,2.28305,0.60901
2.17859,0.455224,2.16433,0.453893,2.13089,0.504132,2.26921,0.615757,2.28817,0.612798
2.18838,0.455429,2.17428,0.454089,2.14087,0.50436,2.27455,0.607253,2.29328,0.603418
2.1982,0.45563,2.18423,0.454279,2.15086,0.504559,2.27987,0.610557,2.29838,0.606042
2.20804,0.455833,2.19419,0.45447,2.16084,0.504735,2.28515,0.614458,2.30348,0.608238
2.21789,0.456034,2.20415,0.454656,2.17083,0.504902,2.29042,0.617792,2.30856,0.610059
2.22777,0.456238,2.21412,0.454845,2.18082,0.505063,2.29566,0.60859,2.31363,0.612507
2.23766,0.456451,2.22409,0.45503,2.19081,0.505221,2.30088,0.61147,2.31898,0.602116
2.24756,0.456697,2.23406,0.45522,2.2008,0.50538,2.30608,0.614015,2.32429,0.602117
2.25748,0.456942,2.24404,0.455435,2.21079,0.50554,2.31128,0.616043,2.32986,0.601079
2.26741,0.457179,2.25402,0.455659,2.22079,0.505705,2.31646,0.618893,2.33566,0.601808
2.27735,0.457416,2.264,0.455875,2.23078,0.505875,2.3219,0.607669,2.34169,0.59077
2.28729,0.457648,2.27399,0.456085,2.24078,0.506212,2.32735,0.607394,2.34764,0.58061
2.29725,0.457894,2.28397,0.456298,2.25078,0.506657,2.33304,0.606979,2.35354,0.570474
2.3072,0.458128,2.29396,0.456513,2.26078,0.507072,2.33896,0.608359,2.35936,0.581317
2.31717,0.458376,2.30395,0.456723,2.27077,0.50747,2.3451,0.598246,2.3654,0.581094
2.32713,0.458613,2.31394,0.456947,2.28077,0.507849,2.35145,0.588771,2.37166,0.590618
2.3371,0.458867,2.32394,0.457159,2.29077,0.508216,2.35769,0.579343,2.37813,0.612414
2.34707,0.459109,2.33393,0.45739,2.30077,0.50857,2.36413,0.571792,2.38478,0.601039
2.35705,0.511178,2.34392,0.457606,2.31077,0.508918,2.37076,0.600058,2.39162,0.607788
2.36703,0.517738,2.35392,0.481991,2.32077,0.509259,2.37757,0.594161,2.39862,0.620004
2.377,0.51816,2.36391,0.516337,2.33076,0.523973,2.38456,0.604499,2.40579,0.606924
2.38699,0.518726,2.37391,0.516649,2.34076,0.556147,2.3917,0.614093,2.41311,0.601925
2.39697,0.519417,2.3839,0.51715,2.35076,0.556616,2.39901,0.617102,2.42058,0.582736
2.40695,0.520229,2.3939,0.517783,2.36076,0.560229,2.40645,0.59673,2.42818,0.578034
2.41694,0.521108,2.40389,0.518538,2.37076,0.563914,2.4142,0.604455,2.43591,0.573526
2.42692,0.52211,2.41389,0.519359,2.38076,0.564717,2.42222,0.599818,2.44377,0.553243
2.43691,0.542286,2.42389,0.520303,2.39076,0.56562,2.43034,0.595057,2.45188,0.54892
2.4469,0.561216,2.43388,0.52788,2.40076,0.566615,2.43869,0.575832,2.46021,0.544749
2.45688,0.612561,2.44388,0.553595,2.41076,0.567696,2.44723,0.571306,2.46874,0.475358
2.46687,0.639237,2.45388,0.601755,2.42076,0.568869,2.45594,0.566953,2.47735,0.446586
2.47686,0.659641,2.46388,0.637374,2.43076,0.57612,2.4648,0.562759,2.48564,0.384824
2.48685,0.661016,2.47387,0.657668,2.44076,0.588986,2.4738,0.476992,2.49365,0.384462
2.49684,0.679448,2.48387,0.662561,2.45076,0.630603,2.48285,0.44799,2.50083,0.38511
2.50683,0.699892,2.49387,0.670882,2.46076,0.657171,2.49155,0.385738,2.50856,0.385135
2.51682,0.723273,2.50387,0.691815,2.47076,0.681031,2.49993,0.386202,2.51629,0.38513
2.52682,0.742146,2.51363,0.716328,2.48076,0.692719,2.50789,0.386307,2.52403,0.385113
2.53681,0.75026,2.52341,0.735584,2.49076,0.697865,2.51585,0.386365,2.53176,0.385084
2.5468,0.757295,2.5332,0.747568,2.50076,0.708818,2.52381,0.386394,2.53949,0.385043
2.55679,0.762436,2.54299,0.7543,2.51076,0.726888,2.53178,0.3864,2.54722,0.384993
2.56678,0.76571,2.55279,0.758799,2.52076,0.749692,2.53974,0.386387,2.55495,0.384935
2.57677,0.771066,2.56259,0.764275,2.53076,0.771386,2.5477,0.38636,2.56269,0.38487
2.58676,0.772426,2.5724,0.767745,2.54076,0.774783,2.55566,0.386319,2.57042,0.384799
2.59675,0.77106,2.58223,0.771703,2.55076,0.776459,2.56362,0.386268,2.57815,0.384724
2.60675,0.768492,2.59206,0.77031,2.56076,0.77784,2.57158,0.386209,2.58588,0.384644
2.61674,0.766887,2.6019,0.769119,2.57076,0.779268,2.57955,0.386144,2.59361,0.452802
2.62673,0.766855,2.61175,0.767183,2.58076,0.780914,2.58751,0.386073,2.60134,0.481634
2.63673,0.764197,2.62161,0.76676,2.59076,0.782276,2.59547,0.454116,2.60908,0.527228
2.64672,0.766087,2.63146,0.763902,2.60076,0.78377,2.60354,0.48295,2.61681,0.549112
2.65671,0.770947,2.64133,0.763575,2.61076,0.784541,2.61161,0.528482,2.62454,0.584766
2.66671,0.775479,2.6512,0.768208,2.62076,0.78824,2.61969,0.55048,2.63185,0.616266
2.67627,0.780733,2.66108,0.772668,2.63076,0.792399,2.62749,0.602976,2.63896,0.630066
2.68585,0.781415,2.67096,0.777965,2.64076,0.795013,2.63529,0.61744,2.64574,0.665687
2.69545,0.785445,2.68085,0.782743,2.65076,0.799369,2.64322,0.644433,2.65252,0.677547
2.70508,0.786486,2.69073,0.783275,2.66076,0.803187,2.65125,0.677678,2.65993,0.678953
2.71471,0.787358,2.70062,0.785556,2.67076,0.804739,2.65952,0.679042,2.66784,0.680661
2.72435,0.786282,2.71052,0.78638,2.68076,0.807225,2.66813,0.680763,2.67618,0.692192
2.734,0.785498,2.72041,0.787075,2.69076,0.810854,2.67703,0.692327,2.68484,0.694578
2.74367,0.785342,2.73031,0.786389,2.70076,0.814944,2.68614,0.694769,2.69377,0.697417
2.75335,0.78379,2.74022,0.784735,2.71076,0.816839,2.69543,0.697684,2.70292,0.700782
2.76305,0.781296,2.75013,0.783019,2.72076,0.815149,2.70486,0.701147,2.71224,0.704776
2.77277,0.78171,2.76003,0.781914,2.73076,0.815749,2.71441,0.705264,2.72169,0.709558
2.7825,0.773531,2.76995,0.781291,2.74076,0.816679,2.72404,0.710199,2.73125,0.715374
2.79224,0.772586,2.77987,0.778955,2.75076,0.812942,2.73375,0.716211,2.7409,0.722642
2.80198,0.774043,2.78979,0.771723,2.76076,0.81211,2.74352,0.723737,2.75062,0.726064
2.81173,0.774569,2.79972,0.772976,2.77076,0.807678,2.75333,0.727328,2.76036,0.727029
2.82149,0.776351,2.80964,0.775088,2.78076,0.805446,2.76316,0.728187,2.77011,0.728927
2.83125,0.772329,2.81957,0.775469,2.79076,0.806217,2.77299,0.730034,2.77986,0.729296
2.84104,0.769582,2.8295,0.771974,2.80076,0.804447,2.78283,0.730324,2.78919,0.728338
2.85084,0.766838,2.83945,0.76941,2.81076,0.803139,2.79224,0.727814,2.79815,0.716669
2.86068,0.761243,2.8494,0.766537,2.82052,0.80136,2.80127,0.714646,2.80677,0.711347
2.87054,0.757493,2.85935,0.763731,2.83034,0.802701,2.80994,0.709999,2.81506,0.707269
2.88041,0.755434,2.86932,0.760075,2.84016,0.802288,2.8183,0.706098,2.82285,0.703549
2.8903,0.751348,2.87928,0.755902,2.85002,0.799461,2.82636,0.702799,2.8304,0.701823
2.90019,0.747339,2.88925,0.754072,2.85988,0.800597,2.83416,0.701295,2.83741,0.701051
2.9101,0.746125,2.89923,0.747521,2.86977,0.799106,2.84152,0.700925,2.84424,0.701742
2.92002,0.746848,2.9092,0.746347,2.87968,0.79562,2.84868,0.701702,2.85092,0.699738
2.92994,0.75712,2.91918,0.747258,2.88959,0.791892,2.85551,0.699792,2.85745,0.696972
2.93986,0.757318,2.92916,0.752925,2.89953,0.790079,2.86217,0.697193,2.86385,0.694234
2.94979,0.757526,2.93914,0.758055,2.90946,0.784341,2.86869,0.694644,2.87012,0.69448
2.95972,0.755427,2.94912,0.758288,2.91941,0.782529,2.87508,0.695165,2.87629,0.694153
2.96965,0.751298,2.9591,0.756334,2.92935,0.782548,2.88135,0.69494,2.88235,0.691526
2.97959,0.747336,2.96885,0.7544,2.9393,0.780493,2.8875,0.692381,2.88832,0.681048
2.98953,0.74608,2.97861,0.750417,2.94925,0.778845,2.89356,0.68209,2.89421,0.678066
2.99947,0.744831,2.98839,0.749117,2.9592,0.777534,2.89952,0.678672,2.90002,0.672045
3.00941,0.743845,2.99818,0.745428,2.96915,0.774243,2.9054,0.672774,2.90575,0.66669
3.01936,0.740571,3.00798,0.744398,2.9791,0.773394,2.9112,0.66755,2.91143,0.661951
3.02931,0.740164,3.01779,0.743504,2.98906,0.772464,2.91694,0.662948,2.91704,0.657778
3.03926,0.742373,3.0276,0.742967,2.99901,0.771781,2.92261,0.65892,2.9226,0.643462
3.0492,0.742364,3.03742,0.742545,3.00897,0.77125,2.92822,0.64486,2.92812,0.660597
3.05915,0.744844,3.04724,0.742436,3.01893,0.770826,2.93377,0.66207,2.93358,0.647851
3.0691,0.744456,3.05706,0.744846,3.0289,0.770498,2.93933,0.649604,2.93903,0.646045
3.07905,0.744296,3.06689,0.744342,3.03886,0.770421,2.94486,0.657819,2.94444,0.663873
3.08877,0.751562,3.07673,0.744118,3.04883,0.770421,2.95035,0.665916,2.94981,0.642766
3.0985,0.754057,3.08633,0.751292,3.0588,0.772691,2.95579,0.645193,2.95515,0.631691
3.10822,0.764994,3.09594,0.753825,3.06877,0.772615,2.96124,0.623094,2.96046,0.62062
3.11772,0.773268,3.10554,0.762566,3.07874,0.777039,2.96664,0.623747,2.96574,0.596033
3.12722,0.779399,3.11515,0.771004,3.08872,0.779044,2.97202,0.612584,2.971,0.596697
3.13672,0.783901,3.12454,0.778949,3.09869,0.78615,2.97739,0.600357,2.97624,0.583874
3.14622,0.790092,3.13393,0.781565,3.10866,0.78723,2.98273,0.587825,2.98147,0.584764
3.15551,0.794538,3.14332,0.787777,3.11864,0.792151,2.98805,0.588906,2.9867,0.570631
3.1646,0.795557,3.15271,0.792213,3.12861,0.798804,2.99337,0.575131,2.99192,0.571799
3.1735,0.796915,3.16211,0.794965,3.13859,0.805124,2.99866,0.57649,2.99715,0.573069
3.18222,0.798783,3.1715,0.796112,3.14833,0.809993,3.00395,0.57788,3.00235,0.574359
3.19062,0.801308,3.18089,0.797798,3.15766,0.810721,3.0092,0.579443,3.00754,0.575796
3.19886,0.804398,3.19028,0.800148,3.16679,0.811608,3.01442,0.581051,3.01271,0.57724
3.20709,0.808215,3.19947,0.803095,3.17573,0.812724,3.01965,0.582737,3.01786,0.578881
3.21533,0.812685,3.20846,0.806775,3.18467,0.813967,3.02488,0.584517,3.02301,0.580501
3.22357,0.817081,3.21727,0.811156,3.1936,0.815501,3.03008,0.586318,3.02814,0.582243
3.23165,0.82113,3.2259,0.815677,3.2026,0.817232,3.03585,0.588301,3.03324,0.583956
3.23985,0.825012,3.23436,0.819823,3.21159,0.819098,3.04153,0.590265,3.03832,0.585813
3.24804,0.829038,3.24282,0.823729,3.22064,0.821091,3.04715,0.592291,3.04338,0.587687
3.25632,0.833894,3.25128,0.82795,3.22969,0.823284,3.05271,0.594362,3.04844,0.589566
3.26461,0.837706,3.25974,0.832833,3.23879,0.825576,3.05823,0.596483,3.0535,0.591476
3.27299,0.840933,3.2682,0.837802,3.24789,0.828133,3.0637,0.598658,3.05853,0.59339
3.28122,0.842928,3.27674,0.841005,3.25704,0.831032,3.06913,0.60089,3.06357,0.59545
3.28965,0.846497,3.28529,0.843127,3.26619,0.834337,3.07452,0.603182,3.06859,0.597515
3.29778,0.848916,3.29391,0.845931,3.27544,0.838079,3.07987,0.605404,3.07362,0.599643
3.30614,0.850195,3.30253,0.848199,3.28469,0.842091,3.0852,0.607379,3.07865,0.601734
3.31449,0.851191,3.31123,0.848628,3.29402,0.846503,3.0905,0.675337,3.08367,0.604005
3.32304,0.850764,3.31992,0.849336,3.30336,0.851101,3.09577,0.697827,3.0887,0.661375
3.33159,0.85189,3.32869,0.84898,3.31278,0.855711,3.10104,0.700616,3.09372,0.695565
3.34031,0.852198,3.33746,0.849045,3.32219,0.859467,3.10629,0.712868,3.09873,0.698359
3.3491,0.851142,3.34637,0.849284,3.33168,0.863243,3.11152,0.716743,3.10375,0.701429
3.35812,0.85221,3.35494,0.848481,3.34116,0.865186,3.11672,0.72123,3.10877,0.713892
3.36726,0.854397,3.36369,0.850899,3.35075,0.867959,3.12191,0.726354,3.11378,0.717976
3.37657,0.855658,3.37257,0.852936,3.36036,0.870563,3.12709,0.732153,3.11879,0.722644
3.38596,0.853645,3.38168,0.852447,3.37004,0.872645,3.13224,0.738681,3.1238,0.727929
3.39547,0.84995,3.39089,0.851223,3.37973,0.874133,3.13739,0.745949,3.12881,0.733874
3.40508,0.845136,3.40026,0.846956,3.38947,0.873022,3.14252,0.75106,3.13382,0.740537
3.41476,0.839029,3.40975,0.84185,3.39923,0.871886,3.14764,0.753831,3.13883,0.747169
3.4245,0.832291,3.41934,0.835504,3.40904,0.868325,3.15275,0.756378,3.14384,0.750819
3.4343,0.825332,3.42901,0.828515,3.41888,0.862386,3.15785,0.7568,3.14885,0.753537
3.44413,0.818374,3.43874,0.821686,3.42875,0.855228,3.16294,0.756935,3.15386,0.755564
3.454,0.808257,3.44852,0.81409,3.43863,0.845953,3.16802,0.757101,3.15886,0.755746
3.46389,0.800279,3.45835,0.804024,3.44852,0.835377,3.1731,0.757299,3.16387,0.755878
3.4738,0.792049,3.46821,0.796088,3.45843,0.826096,3.17817,0.757532,3.16887,0.756041
3.48373,0.782347,3.4781,0.786033,3.46834,0.81851,3.18323,0.757798,3.17388,0.756236
3.49368,0.770954,3.48801,0.778276,3.47827,0.811398,3.18829,0.750646,3.17888,0.756463
3.50363,0.761777,3.49794,0.766995,3.4882,0.80337,3.19334,0.751043,3.18388,0.749155
3.5136,0.755027,3.50788,0.75794,3.49815,0.797067,3.19839,0.750405,3.18889,0.749553
3.52357,0.746391,3.51784,0.751309,3.50811,0.789086,3.20343,0.748861,3.19389,0.749924
3.53355,0.735754,3.5278,0.742797,3.51808,0.779678,3.20847,0.746456,3.19889,0.748937
3.54353,0.72505,3.53777,0.732233,3.52805,0.768657,3.21351,0.743377,3.2039,0.747431
3.55351,0.706646,3.54774,0.716527,3.53803,0.760079,3.21854,0.740081,3.2089,0.74418
3.5635,0.690151,3.55772,0.700541,3.54801,0.751748,3.22357,0.735596,3.2139,0.740621
3.57349,0.679099,3.56771,0.686844,3.558,0.745828,3.2286,0.729923,3.2189,0.736884
3.58348,0.674747,3.57769,0.675904,3.56799,0.735509,3.23363,0.712544,3.22391,0.732538
3.59347,0.656844,3.58768,0.66824,3.57798,0.725359,3.23865,0.704682,3.22891,0.726462
3.60347,0.64584,3.59768,0.650193,3.58797,0.707223,3.24367,0.697511,3.23391,0.708925
3.61346,0.642611,3.60767,0.642976,3.59796,0.678592,3.24868,0.690975,3.23891,0.70124
3.62346,0.627471,3.61766,0.639781,3.60796,0.657918,3.25397,0.674575,3.24391,0.694209
3.63346,0.607353,3.62766,0.616101,3.61795,0.654801,3.25923,0.669446,3.24891,0.687783
3.64345,0.564688,3.63765,0.585256,3.62795,0.618834,3.26447,0.652872,3.25418,0.671337
3.65345,0.533507,3.64765,0.550613,3.63795,0.576733,3.26968,0.589855,3.25943,0.666271
3.66345,0.491416,3.65764,0.511043,3.64794,0.526453,3.2748,0.588205,3.26464,0.649659
3.67345,0.476573,3.66764,0.489274,3.65794,0.505872,3.27992,0.586734,3.26981,0.586428
3.68344,0.477612,3.67764,0.474441,3.66794,0.507421,3.28502,0.585329,3.27492,0.584755
3.69321,0.478558,3.68763,0.475363,3.67794,0.508759,3.29011,0.583978,3.28002,0.583294
3.70299,0.479475,3.69763,0.476227,3.68794,0.509931,3.29519,0.582795,3.28511,0.581898
3.71276,0.480284,3.70763,0.477054,3.69793,0.510982,3.30026,0.581699,3.29019,0.580559
3.72255,0.481086,3.71762,0.477783,3.70793,0.511893,3.30532,0.580718,3.29526,0.579383
3.73234,0.481766,3.72762,0.478516,3.71793,0.512722,3.31037,0.579779,3.30032,0.5783
3.74213,0.482462,3.73762,0.479136,3.72793,0.513412,3.31542,0.579029,3.30537,0.577323
3.75192,0.483042,3.74761,0.479769,3.73793,0.51404,3.32046,0.578285,3.31042,0.576394
3.76173,0.483638,3.75761,0.4803,3.74749,0.514523,3.3255,0.577518,3.31546,0.575647
3.77153,0.484167,3.76761,0.480849,3.75711,0.514975,3.33052,0.576684,3.3205,0.574908
3.78134,0.484676,3.77717,0.481293,3.76674,0.515289,3.33555,0.576003,3.32553,0.574283
3.79115,0.48512,3.78676,0.481762,3.77642,0.515587,3.34057,0.575332,3.33055,0.640165
3.80098,0.485571,3.79634,0.482158,3.78612,0.51576,3.34657,0.57466,3.33557,0.583233
3.81083,0.485962,3.80595,0.482576,3.79585,0.515916,3.35247,0.574055,3.34058,0.579319
3.82069,0.486374,3.81556,0.482923,3.8056,0.515965,3.35819,0.573477,3.34559,0.576452
3.83055,0.486718,3.82519,0.483302,3.81536,0.516018,3.36376,0.587656,3.3506,0.574812
3.84043,0.487106,3.83482,0.483613,3.82513,0.515928,3.36925,0.587218,3.35561,0.573711
3.85031,0.487406,3.84447,0.483976,3.83491,0.515877,3.37469,0.586765,3.36062,0.572833
3.86021,0.487765,3.85413,0.484245,3.84471,0.515739,3.38009,0.586352,3.36563,0.572128
3.87012,0.488042,3.86382,0.484585,3.85453,0.515594,3.38545,0.599817,3.37063,0.571501
3.88002,0.488378,3.87352,0.484837,3.86436,0.515384,3.39076,0.599482,3.37564,0.570976
3.88994,0.488633,3.88324,0.485157,3.8742,0.515168,3.39604,0.599298,3.38065,0.570526
3.89986,0.488951,3.89298,0.485391,3.88405,0.514903,3.40126,0.599004,3.38565,0.584869
3.90978,0.48919,3.90273,0.485698,3.89392,0.51466,3.40647,0.598878,3.39066,0.584534
3.91971,0.489493,3.91249,0.485918,3.90379,0.514349,3.41165,0.611639,3.39566,0.584231
3.92964,0.489717,3.92226,0.486213,3.91367,0.514068,3.41681,0.611551,3.40066,0.583966
3.93957,0.490009,3.93205,0.486422,3.92356,0.513724,3.42194,0.611462,3.40567,0.583742
3.94951,0.490221,3.94185,0.486705,3.93345,0.513448,3.42705,0.611462,3.41067,0.597341
3.95945,0.490502,3.95166,0.486908,3.94334,0.513075,3.43215,0.611367,3.41567,0.597198
3.9694,0.490711,3.96148,0.487183,3.95324,0.512776,3.43724,0.611464,3.42067,0.597063
3.97934,0.490978,3.97131,0.487378,3.96315,0.512412,3.4423,0.611509,3.42568,0.59694
3.98929,0.491125,3.98115,0.487638,3.97306,0.512126,3.44736,0.611603,3.43068,0.596886
3.99924,0.491287,3.991,0.487763,3.98297,0.511734,3.45242,0.623778,3.43568,0.596846
4.0092,0.491418,4.00085,0.487947,3.99288,0.511386,3.45746,0.623953,3.44068,0.609807
4.01916,0.491652,4.01072,0.488098,4.0028,0.510996,3.4625,0.624009,3.44568,0.609856
4.02911,0.491762,4.02058,0.488292,4.01272,0.51068,3.46754,0.624219,3.45068,0.609948
4.03907,0.491928,4.03045,0.488445,4.02265,0.510306,3.47258,0.624369,3.45568,0.610023
4.04904,0.49214,4.04032,0.488643,4.03259,0.510021,3.47761,0.624614,3.46069,0.61013
4.059,0.49229,4.05019,0.488793,4.04252,0.509676,3.48263,0.624758,3.46569,0.610286
4.06897,0.492432,4.06006,0.488987,4.05247,0.509421,3.48766,0.625052,3.47069,0.610379
4.07894,0.492658,4.06994,0.48914,4.06241,0.509106,3.49269,0.625285,3.47569,0.610566
4.08891,0.492823,4.07982,0.489327,4.07236,0.508882,3.49771,0.625542,3.48069,0.622816
4.09888,0.492924,4.08971,0.489486,4.08231,0.508607,3.50273,0.625804,3.48569,0.623058
4.10886,0.493138,4.0996,0.489672,4.09227,0.508394,3.50774,0.626136,3.49069,0.623231
4.11884,0.49329,4.10949,0.489828,4.10222,0.508165,3.51276,0.626358,3.49569,0.623473
4.12882,0.493414,4.1194,0.490016,4.11218,0.507973,3.51777,0.626708,3.50069,0.623704
4.1388,0.49362,4.1293,0.490169,4.12214,0.507772,3.52278,0.627015,3.50569,0.623966
4.14878,0.493765,4.13921,0.490352,4.1321,0.507606,3.52779,0.627404,3.51069,0.624192
4.15876,0.49389,4.14912,0.490503,4.14206,0.507457,3.5328,0.62772,3.51569,0.624521
4.16875,0.494086,4.15904,0.490686,4.15203,0.507293,3.53781,0.628124,3.52069,0.62478
4.17873,0.494243,4.16896,0.490839,4.16199,0.507152,3.54282,0.628505,3.52569,0.625111
4.18871,0.494359,4.17888,0.491014,4.17196,0.507033,3.54782,0.628924,3.53069,0.625434
4.1987,0.494528,4.18881,0.491174,4.18193,0.506921,3.55283,0.629338,3.53569,0.625797
4.20868,0.49468,4.19875,0.491336,4.1919,0.506821,3.55784,0.629815,3.54069,0.626103
4.21867,0.49481,4.20868,0.491489,4.20187,0.506731,3.56284,0.630205,3.54569,0.626527
4.22866,0.494959,4.21863,0.491642,4.21184,0.50666,3.56784,0.630698,3.55069,0.626872
4.23864,0.495108,4.22857,0.491805,4.22181,0.506578,3.57201,0.64238,3.55569,0.627295
4.24863,0.495248,4.23852,0.491954,4.23178,0.506523,3.57701,0.631737,3.56069,0.62772
4.25862,0.495393,4.24847,0.492114,4.24176,0.50646,3.58201,0.643324,3.56569,0.628154
4.2686,0.495534,4.25842,0.492256,4.25173,0.506416,3.58701,0.643855,3.57069,0.628574
4.27816,0.495671,4.26837,0.492413,4.26171,0.506379,3.59201,0.644466,3.57569,0.629094
4.28771,0.495803,4.27833,0.492555,4.27169,0.506339,3.59701,0.645054,3.58069,0.629604
4.29726,0.495869,4.28829,0.492711,4.28123,0.506313,3.60201,0.645557,3.58569,0.630031
4.30681,0.495922,4.29825,0.492783,4.2908,0.506278,3.60701,0.646153,3.59069,0.63057
4.31642,0.496008,4.30822,0.492858,4.30039,0.506215,3.61201,0.64674,3.59569,0.631132
4.32602,0.496078,4.31818,0.492942,4.31001,0.506159,3.61701,0.647374,3.60069,0.631703
4.33565,0.496172,4.32815,0.493043,4.31964,0.50611,3.62201,0.648023,3.60569,0.632233
4.34528,0.496246,4.33812,0.493135,4.32932,0.506074,3.62701,0.648697,3.61069,0.63282
4.35492,0.496343,4.34809,0.493243,4.33902,0.506039,3.63201,0.649389,3.61569,0.633446
4.36457,0.496422,4.35806,0.49334,4.34875,0.506014,3.63701,0.650106,3.62069,0.634073
4.37424,0.496525,4.36804,0.493451,4.35848,0.505993,3.64201,0.650846,3.62569,0.634717
4.3839,0.496605,4.37801,0.493551,4.36822,0.505971,3.64701,0.651608,3.63069,0.646448
4.39359,0.496708,4.38798,0.493665,4.37797,0.505958,3.65201,0.652395,3.63569,0.636127
4.40327,0.496792,4.39796,0.493767,4.38773,0.505944,3.65701,0.653207,3.64069,0.647791
4.41297,0.496899,4.40793,0.493883,4.39749,0.520297,3.66201,0.654044,3.64569,0.648523
4.42267,0.496982,4.41791,0.49399,4.40726,0.540245,3.66701,0.654907,3.65069,0.649304
4.43239,0.497087,4.42789,0.494102,4.41705,0.552513,3.67201,0.655794,3.65569,0.650073
4.44211,0.497172,4.43786,0.494205,4.42684,0.552564,3.67701,0.656694,3.66069,0.650875
4.45184,0.49728,4.44784,0.494322,4.43665,0.552658,3.68201,0.657739,3.66569,0.651653
4.46157,0.512034,4.45782,0.509179,4.44647,0.552782,3.68701,0.658717,3.67069,0.652521
4.47132,0.51929,4.4678,0.516471,4.4563,0.552936,3.69201,0.669625,3.67569,0.653431
4.48106,0.526225,4.47778,0.523452,4.46613,0.559232,3.69701,0.670611,3.68069,0.654264
4.49083,0.532972,4.48776,0.530236,4.47597,0.559452,3.70201,0.671737,3.68569,0.655134
4.50059,0.551684,4.49775,0.543039,4.48582,0.559726,3.70701,0.672796,3.69069,0.656125
4.51036,0.551975,4.50773,0.54935,4.49566,0.559999,3.71201,0.67384,3.69569,0.657105
4.52013,0.552282,4.51772,0.549664,4.50552,0.560336,3.71701,0.674945,3.70069,0.65805
4.52992,0.552636,4.5277,0.550016,4.51538,0.560667,3.72201,0.676197,3.70569,0.659055
4.53971,0.553004,4.53768,0.550391,4.52526,0.56109,3.72701,0.677387,3.71069,0.660143
4.5495,0.553419,4.54767,0.550811,4.53514,0.561453,3.73201,0.678574,3.71569,0.661212
4.5593,0.553852,4.55766,0.551251,4.54504,0.561918,3.73701,0.679818,3.72069,0.662295
4.56911,0.554301,4.56764,0.55171,4.55495,0.562364,3.74201,0.681212,3.72569,0.673275
4.57892,0.554761,4.57763,0.552179,4.56333,0.562905,3.74701,0.682558,3.73069,0.674433
4.58874,0.555265,4.58762,0.552691,4.57171,0.563348,3.75201,0.683882,3.73569,0.675586
4.59855,0.561881,4.59761,0.559346,4.5798,0.569975,3.75701,0.684849,3.74069,0.676818
4.60838,0.562472,4.6076,0.559937,4.588,0.570507,3.76228,0.685868,3.74569,0.678034
4.61799,0.569033,4.61759,0.566561,4.5964,0.57096,3.76753,0.686923,3.75096,0.679336
4.62761,0.56974,4.62758,0.567261,4.60481,0.571353,3.77277,0.688016,3.75621,0.680713
4.63724,0.570523,4.63757,0.568081,4.6133,0.571823,3.77798,0.698485,3.7614,0.682062
4.64688,0.588183,4.64756,0.585833,4.62187,0.57229,3.78318,0.699685,3.76659,0.683483
4.65653,0.594492,4.65755,0.592223,4.63062,0.578665,3.78836,0.700953,3.77177,0.684969
4.66619,0.595603,4.66754,0.593355,4.63943,0.579198,3.79352,0.710979,3.77693,0.695868
4.67586,0.606963,4.67753,0.609725,4.64838,0.585364,3.79863,0.71235,3.78206,0.697418
4.68554,0.622597,4.68753,0.620144,4.65738,0.607389,3.804,0.713776,3.78719,0.707682
4.69522,0.628002,4.69752,0.625633,4.66651,0.608079,3.80938,0.723344,3.7923,0.709397
4.70491,0.63352,4.70752,0.631296,4.67568,0.618463,3.81465,0.725016,3.79741,0.711164
4.71459,0.646797,4.71751,0.652729,4.68495,0.623852,3.81988,0.726676,3.80251,0.713044
4.72429,0.67717,4.72751,0.678798,4.69426,0.637973,3.82567,0.728479,3.80761,0.723069
4.73401,0.688077,4.7375,0.692745,4.70365,0.643298,3.8314,0.730375,3.8127,0.725063
4.74374,0.695598,4.7475,0.694158,4.71307,0.648632,3.83706,0.732473,3.81778,0.727158
4.75348,0.70314,4.75749,0.701854,4.72257,0.649851,3.84266,0.73461,3.82286,0.72895
4.76324,0.704955,4.76749,0.706681,4.73209,0.655019,3.84826,0.7441,3.82794,0.730797
4.77302,0.715417,4.77748,0.717182,4.74166,0.667961,3.85387,0.746436,3.83301,0.732771
4.7828,0.7225,4.78748,0.724253,4.75126,0.676461,3.85947,0.761397,3.83808,0.734858
4.7926,0.731789,4.79748,0.733541,4.76088,0.680999,3.865,0.763698,3.84315,0.736703
4.80241,0.73817,4.80747,0.739968,4.77052,0.69523,3.87106,0.771452,3.84822,0.745667
4.81222,0.744267,4.81747,0.74618,4.78018,0.707902,3.87702,0.779485,3.85328,0.747509
4.82205,0.74782,4.82747,0.747251,4.78986,0.716705,3.88284,0.782026,3.85834,0.755996
4.83189,0.748633,4.83746,0.748345,4.79956,0.724897,3.88865,0.75232,3.8634,0.758012
4.84174,0.749723,4.84746,0.75174,4.80927,0.739595,3.8944,0.777774,3.86845,0.765464
4.85159,0.752927,4.85746,0.757021,4.819,0.746112,3.90008,0.771277,3.8735,0.767446
4.86145,0.764206,4.86746,0.766136,4.82873,0.754608,3.9057,0.770803,3.87855,-0.221069
4.87132,0.769308,4.87746,0.773094,4.83823,0.756568,3.91132,0.725343,3.88359,0.599682
4.88119,0.776315,4.88745,0.776469,4.84774,0.762533,3.91669,0.757116,3.88863,-0.635417
4.89106,0.777731,4.89745,0.77786,4.85728,0.764846,3.92206,0.757325,3.89366,0.576421
4.90094,0.778924,4.90745,0.779129,4.86684,0.767116,3.9274,0.75277,3.89928,0.682151
4.91083,0.780383,4.91745,0.780704,4.87642,0.769534,3.9327,0.745046,3.90485,0.0819049
4.92073,0.78201,4.92745,0.782212,4.88603,0.770475,3.938,0.739217,3.91037,0.640448
4.93063,0.78193,4.93745,0.781937,4.89565,0.771369,3.94327,0.735684,3.91582,0.687687
4.94054,0.783651,4.94745,0.783822,4.9053,0.772238,3.94851,0.732517,3.92125,0.704257
4.95045,0.785409,4.95744,0.785448,4.91497,0.773121,3.95374,-0.326742,3.92665,0.704984
4.96036,0.786843,4.96744,0.786541,4.92465,0.77219,3.95894,0.461061,3.93194,0.705654
4.97028,0.787866,4.97744,0.787586,4.93436,0.773206,3.96413,0.720539,3.9372,0.709416
4.98019,0.788935,4.98744,0.788275,4.94406,0.774061,3.9693,0.71926,3.94156,0.709117
4.99012,0.78986,4.997,0.788246,4.95378,0.774703,3.97445,0.71831,3.94656,0.709114
5.00004,0.790613,5.00659,0.786799,4.96351,0.775312,3.9796,0.710144,3.95156,0.709689
5.00997,0.789182,5.01618,0.784241,4.97302,0.776036,3.98473,0.709565,3.95656,0.708818
5.0199,0.786851,5.02579,0.783708,4.98253,0.776924,3.98984,0.709046,3.96156,0.709261
5.02983,0.785986,5.03542,0.784738,4.99207,0.77804,3.99495,0.701934,3.96656,0.701424
5.03976,0.78703,5.04505,0.782433,5.00164,0.779183,4.00005,0.695447,3.97156,0.701276
5.0497,0.784254,5.0547,0.781687,5.0112,0.780348,4.00514,0.688942,3.97656,0.701174
5.05965,0.783543,5.06437,0.783122,5.02077,0.780158,4.01022,0.682975,3.98156,0.701214
5.06959,0.785199,5.07406,0.785106,5.03035,0.779933,4.0153,0.685364,3.98656,0.701333
5.07953,0.787437,5.08376,0.787669,5.03996,0.781807,4.02037,0.686659,3.99156,0.694954
5.08948,0.79015,5.09348,0.790451,5.04957,0.783947,4.02543,0.678788,3.99656,0.688416
5.09943,0.790939,5.1032,0.790843,5.05919,0.78607,4.03049,0.670645,4.00156,0.674224
5.10938,0.792941,5.11294,0.7925,5.06882,0.786575,4.03554,0.672392,4.00656,0.676449
5.11933,0.79473,5.12267,0.794601,5.07845,0.788822,4.04059,0.663942,4.01156,0.678105
5.12928,0.796595,5.13241,0.796158,5.08808,0.791213,4.04563,0.665402,4.01656,0.670266
5.13923,0.798133,5.14217,0.79749,5.09773,0.792222,4.05067,0.66703,4.02156,0.671937
5.14919,0.797506,5.15194,0.796347,5.10738,0.793135,4.0557,0.669109,4.02656,0.673653
5.15915,0.797187,5.16171,0.795225,5.11703,0.794082,4.06073,0.671452,4.03156,0.654885
5.1691,0.793253,5.17149,0.791162,5.1267,0.796616,4.06576,0.674294,4.03656,0.656986
5.17907,0.78954,5.18128,0.787748,5.13637,0.797569,4.07078,0.67699,4.04156,0.658497
5.18903,0.7881,5.19108,0.786468,5.14606,0.795298,4.0758,0.679879,4.04656,0.660104
5.19899,0.78715,5.20088,0.785684,5.15576,0.798246,4.08082,0.683291,4.05156,0.662121
5.20896,0.786056,5.21071,0.784364,5.16547,0.799035,4.08584,0.687106,4.05656,0.664384
5.21893,0.784359,5.22053,0.776918,5.17519,0.800897,4.09086,0.681724,4.06156,0.667147
5.2289,0.777171,5.23036,0.775628,5.18491,0.801376,4.09587,0.692766,4.06656,0.670056
5.23887,0.776149,5.24019,0.772768,5.19463,0.798361,4.10089,0.699755,4.07156,0.673918
5.24884,0.773555,5.25005,0.772142,5.20413,0.79742,4.1059,0.692579,4.07656,0.68254
5.25882,0.768791,5.25991,0.767435,5.21366,0.797978,4.11091,0.694601,4.08156,0.681246
5.26879,0.766468,5.26979,0.763339,5.22321,0.796504,4.11592,0.697221,4.08656,0.683846
5.27877,0.762883,5.27968,0.759998,5.23279,0.7969,4.12093,0.691488,4.09156,0.687354
5.28875,0.760357,5.28958,0.755376,5.24239,0.795069,4.12595,0.696254,4.09656,0.691143
5.29874,0.755448,5.29948,0.754845,5.25201,0.794744,4.13096,0.698325,4.10156,0.695404
5.30872,0.754821,5.30939,0.754239,5.26166,0.794075,4.13597,0.701338,4.10656,0.700068
5.3187,0.756656,5.31931,0.753602,5.27132,0.792847,4.14098,0.69425,4.11183,0.705634
5.32869,0.752307,5.32925,0.751065,5.28102,0.792271,4.14599,0.690051,4.11708,0.705947
5.33868,0.751633,5.33919,0.750286,5.29074,0.791052,4.151,0.696478,4.12233,0.696676
5.34867,0.750633,5.34914,0.748573,5.30046,0.790052,4.15601,0.698641,4.12758,0.689778
5.35866,0.748666,5.35909,0.746495,5.31019,0.786841,4.16102,0.67243,4.13282,0.693989
5.36866,0.74402,5.36906,0.741591,5.31995,0.778836,4.16603,0.671169,4.13807,0.699877
5.37842,0.738668,5.37902,0.736091,5.32972,0.777075,4.17104,0.669429,4.14332,0.695504
5.38821,0.735761,5.38899,0.733132,5.33951,0.771082,4.17605,0.667099,4.14856,0.700534
5.39801,0.730403,5.39896,0.728078,5.34932,0.764353,4.18106,0.651534,4.15476,0.699652
5.40758,0.725479,5.40894,0.72288,5.35916,0.756479,4.18607,0.647771,4.16116,0.686273
5.41718,0.722733,5.41891,0.719911,5.36903,0.747398,4.19108,0.631221,4.16757,0.672244
5.42683,0.719297,5.42889,0.707168,5.37892,0.740157,4.19609,0.627632,4.17397,0.670564
5.43652,0.706647,5.43887,0.700503,5.3863,0.729392,4.2011,0.624179,4.18037,0.656898
5.44627,0.699879,5.44886,0.696751,5.39383,0.72371,4.20611,0.62085,4.18678,0.653587
5.45605,0.694999,5.45885,0.691573,5.40149,0.71534,4.21111,0.617639,4.19318,0.636942
5.46587,0.686545,5.46884,0.683179,5.40943,0.706756,4.21612,0.614538,4.19958,0.633043
5.4757,0.681398,5.47883,0.67085,5.41761,0.695181,4.22113,0.61154,4.20599,0.629281
5.48555,0.665525,5.48882,0.662125,5.42601,0.6866,4.22614,0.608638,4.21239,0.625647
5.4954,0.66074,5.49881,0.653421,5.4346,0.677504,4.23115,0.605828,4.21879,0.622133
5.50527,0.65246,5.5088,0.649224,5.44335,0.671952,4.23616,0.58608,4.2252,0.618732
5.51515,0.640275,5.5188,0.637167,5.45225,0.65952,4.24117,0.583719,4.2316,0.615437
5.52504,0.636922,5.52879,0.633909,5.46128,0.647235,4.24618,0.581424,4.238,0.612243
5.53494,0.624931,5.53878,0.621962,5.46737,0.631095,4.25119,0.579231,4.24441,0.609143
5.54485,0.62239,5.54878,0.619484,5.47368,0.619044,4.2562,0.577089,4.25081,0.606132
5.55475,0.615399,5.55877,0.612509,5.48019,0.612003,4.2612,0.575032,4.25721,0.603206
5.56467,0.608657,5.56877,0.605813,5.48711,0.600078,4.26621,0.573017,4.26361,0.600359
5.57459,0.602079,5.57876,0.599224,5.49419,0.598521,4.27122,0.571076,4.27002,0.58027
5.58452,0.600757,5.58876,0.59792,5.50144,0.597054,4.27623,0.569175,4.27642,0.577883
5.59444,0.599616,5.59875,0.596759,5.50883,0.580161,4.28123,0.567338,4.28282,0.575577
5.60437,0.598548,5.60875,0.595704,5.51636,0.579384,4.28624,0.565539,4.28916,0.573349
5.6143,0.592403,5.61874,0.589537,5.52403,0.5732,4.29124,0.563801,4.29544,0.571198
5.62423,0.591662,5.62874,0.588822,5.53197,0.561167,4.29625,0.5621,4.30165,0.56911
5.63416,0.591036,5.63873,0.588141,5.54002,0.554855,4.30125,0.560452,4.30781,0.567081
5.64409,0.579632,5.64873,0.571045,5.54818,0.548495,4.30626,0.558838,4.31387,0.56511
5.65403,0.57377,5.65873,0.570817,5.55644,0.535443,4.31126,0.516145,4.31984,0.563193
5.66398,0.573562,5.66872,0.570584,5.5648,0.535463,4.31627,0.438559,4.32572,0.561327
5.67392,0.573409,5.67872,0.570394,5.57315,0.535471,4.32127,0.407253,4.33153,0.559512
5.68387,0.573227,5.68871,0.570232,5.5817,0.528755,4.32628,0.407369,4.33726,0.538061
5.69382,0.567308,5.69871,0.564276,5.59032,0.514658,4.33128,0.407461,4.34293,0.515093
5.70378,0.567285,5.70871,0.564253,5.59902,0.50748,4.33628,0.40772,4.34855,0.437407
5.71373,0.561285,5.7187,0.558178,5.60779,0.507672,4.34129,0.407936,4.35416,0.405863
5.72346,0.561344,5.7287,0.552065,5.61656,0.507734,4.34629,0.408166,4.35972,0.40563
5.7332,0.555345,5.7387,0.545777,5.62533,0.507802,4.35129,0.408112,4.36523,0.40625
5.74295,0.549156,5.74869,0.545989,5.63417,0.507814,4.3563,0.407955,4.37074,0.406747
5.75272,0.542836,5.75869,0.539635,5.64301,0.529403,4.3613,0.40821,4.3762,0.406897
5.76249,0.543133,5.76869,0.539863,5.65184,0.536118,4.3663,0.408189,4.38165,0.407126
5.77226,0.543344,5.77869,0.540095,5.66082,0.542651,4.3713,0.408359,4.38705,0.407257
5.78204,0.543516,5.78868,0.540259,5.66985,0.542557,4.37658,0.408009,4.39246,0.407206
5.79182,0.537045,5.79868,0.533865,5.67888,0.548864,4.38182,0.408033,4.39783,0.407017
5.80161,0.537541,5.80868,0.53437,5.68796,0.54876,4.38705,0.408164,4.40317,0.406723
5.81141,0.537888,5.81824,0.534656,5.69709,0.548665,4.39227,0.408094,4.40848,0.406935
5.82122,0.538243,5.82783,0.534968,5.70603,0.548512,4.39748,0.408257,4.41377,0.407225
5.83103,0.53869,5.83743,0.535417,5.71503,0.548421,4.40268,0.408165,4.41932,0.407484
5.84086,0.538942,5.84704,0.535644,5.72402,0.554556,4.40787,0.408332,4.42511,0.407292
5.85068,0.539209,5.85667,0.535881,5.73302,0.554442,4.41305,0.408232,4.43083,0.407136
5.86051,0.539642,5.86632,0.536244,5.74214,0.554343,4.41822,0.408326,4.43649,0.40696
5.87036,0.532985,5.87597,0.529632,5.7513,0.554273,4.42338,0.408139,4.44209,0.406926
5.88021,0.526224,5.88564,0.522776,5.76051,0.554106,4.42852,0.408274,4.44766,0.407244
5.89008,0.526583,5.89533,0.523095,5.76976,0.554033,4.43365,0.408229,4.45323,0.407512
5.89995,0.527014,5.90503,0.523547,5.77905,0.55399,4.43877,0.408414,4.45881,0.407323
5.90983,0.527295,5.91473,0.523792,5.78834,0.553846,4.44415,0.408489,4.46438,0.407242
5.91972,0.534322,5.92445,0.524022,5.79767,0.553827,4.44952,0.40829,4.46995,0.407471
5.92961,0.527666,5.93419,0.524289,5.80704,0.553839,4.45485,0.408243,4.47576,0.407327
5.93951,0.534883,5.94395,0.531515,5.81648,0.553769,4.46016,0.408458,4.48151,0.407254
5.94941,0.528139,5.95372,0.531836,5.82599,0.553737,4.46572,0.408625,4.48718,0.407378
5.95932,0.535269,5.96351,0.538617,5.83555,0.553758,4.47127,0.40833,4.49286,0.407325
5.96923,0.548786,5.97332,0.545506,5.84517,0.55371,4.47678,0.408064,4.49848,0.407439
5.97914,0.561472,5.98312,0.558378,5.85483,0.553694,4.48225,0.407887,4.5041,0.407251
5.98906,0.56177,5.99295,0.558627,5.86453,0.559836,4.48767,0.407938,4.50966,0.407372
5.99899,0.562088,6.0028,0.558951,5.87425,0.559828,4.49306,0.408189,4.51517,0.407568
6.00892,0.562329,6.01265,0.559231,5.88397,0.559811,4.49899,0.408396,4.52066,0.407228
6.01886,0.56252,6.02251,0.559453,5.89372,0.559778,4.50515,0.408435,4.52611,0.407019
6.02881,0.562693,6.0324,0.559667,5.90352,0.559784,4.5113,0.408303,4.53152,0.407293
6.03877,0.562852,6.0423,0.559865,5.91334,0.559834,4.51735,0.408513,4.53718,0.407252
6.04874,0.562999,6.05223,0.553899,5.92318,0.559836,4.5234,0.408647,4.54278,0.407528
6.05871,0.557019,6.06217,0.554084,5.93303,0.559803,4.52967,0.408326,4.54838,0.407374
6.06869,0.557424,6.07212,0.541775,5.9429,0.559831,4.53582,0.407819,4.55393,0.407249
6.07868,0.551643,6.08209,0.535625,5.95278,0.55982,4.5418,0.408147,4.55943,0.407545
6.08867,0.54566,6.09206,0.536167,5.96268,0.559833,4.54777,0.408381,4.56484,0.407632
6.09866,0.546122,6.10203,0.522633,5.97259,0.559889,4.55423,0.408619,4.57049,0.407492
6.10865,0.539886,6.11201,0.52313,5.98252,0.559897,4.56087,0.408447,4.57612,0.407358
6.11864,0.533427,6.12199,0.523601,5.99245,0.559875,4.56737,0.408338,4.58169,0.407374
6.12863,0.526669,6.13198,0.524028,6.00238,0.559925,4.57374,0.408363,4.58726,0.407148
6.13863,0.526923,6.14197,0.524435,6.01233,0.559938,4.58011,0.408363,4.59278,0.407207
6.14862,0.527083,6.15196,0.517534,6.02229,0.559921,4.58648,0.40828,4.59828,0.407515
6.15862,0.527216,6.16195,0.517888,6.03225,0.559895,4.59273,0.408327,4.60402,0.407581
6.16862,0.520112,6.17194,0.518237,6.04223,0.559856,4.59892,0.408319,4.60976,0.407362
6.17862,0.52022,6.18193,0.518408,6.0522,0.559811,4.60506,0.40843,4.61544,0.407253
6.18861,0.520353,6.19193,0.518547,6.06219,0.559757,4.61109,0.408539,4.62109,0.407273
6.19861,0.520475,6.20148,0.518715,6.07217,0.55981,4.61713,0.408461,4.62667,0.40747
6.20861,0.520533,6.21107,0.518768,6.08216,0.559842,4.62312,0.408669,4.6325,0.407691
6.21861,0.52062,6.2207,0.518772,6.09215,0.559857,4.62933,0.40865,4.63833,0.407642
6.2286,0.520681,6.23035,0.518938,6.10214,0.559847,4.63543,0.408332,4.64408,0.407313
6.2386,0.520799,6.24002,0.519066,6.11214,0.559827,4.64143,0.408324,4.64977,0.407292
6.2486,0.520857,6.24971,0.519162,6.12213,0.559773,4.64735,0.408179,4.6554,0.407132
6.2586,0.520975,6.25941,0.519366,6.13213,0.559722,4.65319,0.40839,4.66103,0.407331
6.2686,0.521351,6.26913,0.519893,6.14213,0.559652,4.65925,0.40866,4.6669,0.407591
6.2786,0.521758,6.27889,0.520354,6.15212,0.559541,4.66552,0.408777,4.67325,0.407743
6.2886,0.522021,6.28864,0.520625,6.16212,0.559432,4.6718,0.408777,4.6798,0.407612
6.29859,0.522284,6.29841,0.520957,6.17212,0.559299,4.67796,0.408779,4.68622,0.4072
6.30859,0.522637,6.30819,0.521251,6.18212,0.559118,4.68403,0.408784,4.69238,0.407234
6.31859,0.522811,6.31799,0.521504,6.19212,0.558925,4.69,0.407799,4.69848,0.407371
6.32859,0.522844,6.32738,0.521748,6.20211,0.55874,4.69588,0.408113,4.70453,0.407587
6.33859,0.52312,6.33684,0.521909,6.21211,0.558512,4.70199,0.408251,4.71079,0.407508
6.34859,0.523146,6.34633,0.522021,6.22211,0.558273,4.7081,0.408589,4.71706,0.407233
6.35859,0.52325,6.35584,0.522149,6.23211,0.558,4.71442,0.408727,4.72321,0.40742
6.36859,0.523429,6.36539,0.522243,6.24211,0.557815,4.72074,0.408705,4.72937,0.407418
6.37859,0.523498,6.37498,0.522366,6.25211,0.557537,4.727,0.408196,4.73547,0.407427
6.38859,0.523543,6.38463,0.52245,6.26211,0.557317,4.73306,0.408387,4.74147,0.407726
6.39858,0.523666,6.39431,0.522568,6.27211,0.557146,4.73903,0.40859,4.74769,0.407733
6.40858,0.52361,6.40402,0.522654,6.2821,0.556941,4.74522,0.408796,4.75381,0.407414
6.41858,0.523663,6.41375,0.522808,6.2921,0.550523,4.7513,0.408635,4.75982,0.407294
6.42858,0.523692,6.42351,0.522828,6.3021,0.550288,4.75729,0.408458,4.76575,0.407392
6.43858,0.523711,6.43329,0.52288,6.3121,0.550021,4.7632,0.408493,4.77168,0.407356
6.44858,0.523725,6.44308,0.522918,6.3221,0.549712,4.76906,0.408611,4.77757,0.407635
6.45858,0.523744,6.45289,0.522942,6.3321,0.549417,4.77514,0.408627,4.78368,0.407703
6.46858,0.523737,6.46271,0.522916,6.3421,0.549094,4.78114,0.40843,4.78978,0.407697
6.47858,0.523768,6.47256,0.523015,6.3521,0.548743,4.78704,0.408358,4.79589,0.407535
6.48858,0.523783,6.48243,0.522981,6.3621,0.542025,4.79287,0.408393,4.8019,0.407543
6.49858,0.523787,6.49231,0.523043,6.3721,0.541664,4.79865,0.408628,4.80783,0.407399
6.50858,0.523801,6.5022,0.523011,6.3821,0.54133,4.80444,0.408593,4.81367,0.407365
6.51858,0.523803,6.51211,0.52309,6.3921,0.540965,4.81016,0.408685,4.81947,0.407644
6.52858,0.52382,6.52203,0.523044,6.4021,0.540592,4.81588,0.408769,4.8255,0.407821
6.53858,0.523859,6.53195,0.52313,6.4121,0.540246,4.82156,0.408592,4.83175,0.407774
6.54858,0.524011,6.54189,0.523176,6.4221,0.539864,4.82719,0.408599,4.83794,0.407769
6.55858,0.524136,6.55183,0.523398,6.4321,0.526139,4.83276,0.408454,4.84413,0.40761
6.56814,0.524248,6.56177,0.523466,6.4421,0.496781,4.83828,0.408671,4.85021,0.407608
6.57773,0.524303,6.57172,0.523658,6.45186,0.496491,4.84405,0.408617,4.8562,0.407463
6.58734,0.524394,6.58168,0.523714,6.46164,0.496243,4.84977,0.408818,4.8621,0.407431
6.59697,0.524465,6.59164,0.523905,6.47144,0.495964,4.85573,0.408462,4.86796,0.40771
6.60662,0.524578,6.6016,0.52394,6.48125,0.495619,4.86161,0.408685,4.87405,0.407888
6.61606,0.524643,6.61157,0.524163,6.49108,0.495285,4.86771,0.40835,4.88013,0.407781
6.62552,0.524726,6.62154,0.524165,6.50092,0.494904,4.87371,0.408635,4.88612,0.407307
6.63478,0.524781,6.63151,0.524415,6.51079,0.494567,4.87993,0.408752,4.89196,0.407573
6.64408,0.524871,6.64148,0.524422,6.52066,0.494139,4.88604,0.408761,4.8978,0.40758
6.65317,0.524951,6.65146,0.524704,6.53055,0.49373,4.89216,0.408871,4.90356,0.407728
6.66232,0.52516,6.66144,0.524833,6.54045,0.493308,4.89817,0.408757,4.90926,0.4077
6.67127,0.525319,6.67142,0.525218,6.55036,0.492976,4.9041,0.408708,4.9149,0.407377
6.68028,0.525516,6.6814,0.525212,6.56028,0.492561,4.90998,0.408701,4.92051,0.40768
6.68894,0.525634,6.69139,0.525466,6.5702,0.492175,4.91583,0.408845,4.92635,0.407519
6.69768,0.525748,6.70137,0.525466,6.58013,0.491684,4.92163,0.409119,4.93212,0.407792
6.70624,0.525818,6.71136,0.525751,6.59007,0.491226,4.92743,0.409052,4.93812,0.407489
6.71487,0.525917,6.72134,0.525777,6.60002,0.490683,4.93317,0.408751,4.94397,0.40774
6.72351,0.526018,6.73133,0.526119,6.60996,0.490178,4.93884,0.408429,4.95004,0.407573
6.73222,0.52615,6.74132,0.526163,6.61991,0.489613,4.94439,0.408599,4.95601,0.40764
6.74093,0.526287,6.75131,0.526525,6.62986,0.48904,4.95017,0.40872,4.9619,0.407669
6.74971,0.526442,6.76106,0.526521,6.63981,0.488443,4.95619,0.408739,4.96775,0.407931
6.7585,0.526564,6.77083,0.526911,6.64977,0.487831,4.96212,0.40899,4.97383,0.407332
6.76742,0.526803,6.78019,0.526915,6.65973,0.487264,4.968,0.409035,4.97974,0.407637
6.77634,0.526953,6.78958,0.527335,6.66969,0.48662,4.97381,0.408684,4.98587,0.407681
6.7854,0.527252,6.79876,0.527372,6.67965,0.485948,4.97954,0.408625,4.99194,0.407955
6.79445,0.527459,6.80799,0.52779,6.68962,0.485228,4.98525,0.408844,4.99802,0.40736
6.80361,0.527828,6.81702,0.527639,6.69958,0.484485,4.99095,0.437106,5.004,0.407666
6.81278,0.527829,6.8261,0.527771,6.70955,0.483694,4.99659,0.436895,5.0102,0.407713
6.82204,0.527903,6.835,0.527631,6.71952,0.48289,5.00217,0.436951,5.01635,0.407983
6.8313,0.527877,6.84395,0.527848,6.72926,0.482028,5.00771,0.437183,5.02249,0.467029
6.84065,0.527985,6.85291,0.527683,6.73902,0.481182,5.01324,0.437187,5.02854,0.467308
6.8498,0.527979,6.86198,0.527921,6.74836,0.480115,5.01873,0.437223,5.0348,0.495424
6.85904,0.528133,6.87087,0.52781,6.75773,0.479056,5.02418,0.516968,5.041,0.495686
6.86792,0.528139,6.87982,0.543429,6.76672,0.477956,5.02958,0.516963,5.0472,0.495302
6.87693,0.542362,6.88877,0.562814,6.77577,0.476832,5.03495,0.516948,5.05321,0.4956
6.88532,0.562455,6.89784,0.580766,6.78447,0.475698,5.04029,0.517156,5.05944,0.496088
6.8939,0.580334,6.90691,0.59777,6.79323,0.474562,5.04563,0.517399,5.06541,0.521294
6.90217,0.586404,6.91609,0.613945,6.80167,0.473398,5.05122,0.540652,5.0713,0.500861
6.91064,0.613696,6.92491,0.619412,6.81019,0.472229,5.05669,0.5407,5.07711,0.501175
6.91881,0.619155,6.93379,0.620361,6.81855,0.471017,5.06212,0.54093,5.08292,0.50176
6.92708,0.620001,6.94233,0.630639,6.827,0.469818,5.06754,0.540953,5.08866,0.501843
6.93484,0.625559,6.95095,0.631909,6.83545,0.468523,5.07295,0.540964,5.09437,0.501757
6.94272,0.631366,6.95926,0.633227,6.84408,0.475212,5.07832,0.522753,5.10001,0.526405
6.95008,0.632496,6.96766,0.652525,6.85239,0.516775,5.08366,0.52317,5.1056,0.527029
6.95757,0.634174,6.97576,0.678011,6.8608,0.515897,5.08898,0.527545,5.11114,0.527228
6.96537,0.657183,6.98397,0.698572,6.86929,0.51474,5.09429,0.527575,5.11691,0.527157
6.97328,0.671509,6.99189,0.718311,6.87796,0.520531,5.09957,0.527724,5.12269,0.527287
6.98094,0.705205,6.99982,0.741182,6.88631,0.519499,5.10483,0.528218,5.1284,0.549872
6.98872,0.717947,7,0.790933,6.89485,0.518668,5.11006,0.528369,5.13408,0.55041
6.99626,0.745117,,,6.90323,0.517721,5.11529,0.550689,5.13972,0.568888
7,0.767213,,,6.9118,0.523761,5.12049,0.550835,5.14531,0.569072
,,,,6.92045,0.522887,5.12569,0.551105,5.15085,0.569604
,,,,6.92926,0.535302,5.13146,0.55127,5.15634,0.587067
,,,,6.93821,0.558399,5.13746,0.551726,5.16237,0.58715
,,,,6.94736,0.557191,5.14337,0.552241,5.1683,0.619161
,,,,6.95632,0.555078,5.14921,0.552539,5.17415,0.619381
,,,,6.96534,0.564177,5.15497,0.571172,5.17993,0.632916
,,,,6.974,0.577786,5.16066,0.589625,5.18564,0.633299
,,,,6.98293,0.581891,5.16629,0.605577,5.19158,0.647114
,,,,6.99152,0.613717,5.17193,0.605679,5.19753,0.679483
,,,,7,0.625328,5.17751,0.620502,5.20347,0.680038
,,,,,,5.18303,0.634045,5.20933,0.680637
,,,,,,5.18851,0.634379,5.21519,0.681615
,,,,,,5.19395,0.659308,5.22098,0.692635
,,,,,,5.19936,0.670355,5.22669,0.693373
,,,,,,5.20472,0.680893,5.23223,0.694427
,,,,,,5.21006,0.681491,5.238,0.695461
,,,,,,5.21538,0.682173,5.24374,0.696566
,,,,,,5.22068,0.693182,5.24948,0.697927
,,,,,,5.22597,0.694064,5.25545,0.699413
,,,,,,5.23151,0.695039,5.26142,0.700991
,,,,,,5.23706,0.696114,5.2674,0.702632
,,,,,,5.2426,0.697336,5.27328,0.704532
,,,,,,5.24902,0.698609,5.27917,0.706499
,,,,,,5.25586,0.700007,5.28527,0.708664
,,,,,,5.26331,0.701628,5.29138,0.710983
,,,,,,5.27126,0.703343,5.29749,0.713468
,,,,,,5.27933,0.705368,5.3036,0.716042
,,,,,,5.28749,0.707489,5.30966,0.718881
,,,,,,5.29602,0.709845,5.31562,0.729199
,,,,,,5.30454,0.712461,5.32159,0.731094
,,,,,,5.31336,0.723867,5.32747,0.733157
,,,,,,5.3224,0.72685,5.33383,0.735317
,,,,,,5.33163,0.728895,5.3402,0.73758
,,,,,,5.34101,0.731107,5.347,0.739987
,,,,,,5.35052,0.733493,5.35442,0.742557
,,,,,,5.36012,0.736066,5.36234,0.745
,,,,,,5.36981,0.738835,5.37051,0.747167
,,,,,,5.37891,0.740922,5.37829,0.749408
,,,,,,5.38813,0.74322,5.38607,0.751441
,,,,,,5.39743,0.745148,5.39411,0.753501
,,,,,,5.40636,0.747326,5.40216,0.754802
,,,,,,5.41529,0.748528,5.40993,0.756169
,,,,,,5.42404,0.749716,5.41758,0.755656
,,,,,,5.43246,0.75007,5.42445,0.754476
,,,,,,5.44059,0.751004,5.43116,0.75401
,,,,,,5.44844,0.751052,5.43761,0.753719
,,,,,,5.45551,0.75051,5.44383,0.752392
,,,,,,5.46197,0.749585,5.44986,0.751822
,,,,,,5.46795,0.748934,5.4558,0.743333
,,,,,,5.47385,0.740534,5.46166,0.743223
,,,,,,5.47968,0.740086,5.46724,0.743058
,,,,,,5.48543,0.740351,5.47277,0.74216
,,,,,,5.49099,0.740936,5.47815,0.741595
,,,,,,5.49648,0.739543,5.4835,0.740101
,,,,,,5.50192,0.736879,5.48878,0.738409
,,,,,,5.50719,0.735417,5.49403,0.737095
,,,,,,5.51243,0.735146,5.49927,0.736378
,,,,,,5.51763,0.73453,5.50448,0.734337
,,,,,,5.52281,0.733442,5.50963,0.732405
,,,,,,5.52798,0.731169,5.51477,0.731139
,,,,,,5.53313,0.72966,5.51989,0.729095
,,,,,,5.53827,0.7282,5.52499,0.724756
,,,,,,5.54338,0.72514,5.53009,0.720431
,,,,,,5.54849,0.720637,5.53517,0.71637
,,,,,,5.55357,0.716439,5.54023,0.712548
,,,,,,5.55865,0.712528,5.54529,0.708951
,,,,,,5.56371,0.708876,5.55033,0.705604
,,,,,,5.56878,0.705492,5.55537,0.702442
,,,,,,5.57383,0.69434,5.5604,0.691402
,,,,,,5.57889,0.691679,5.56542,0.688885
,,,,,,5.58393,0.689242,5.57044,0.686606
,,,,,,5.58896,0.687008,5.57545,0.6845
,,,,,,5.594,0.684963,5.58046,0.682551
,,,,,,5.59902,0.70035,5.58547,0.689295
,,,,,,5.60405,0.68989,5.59048,0.687844
,,,,,,5.60907,0.688555,5.59548,0.686546
,,,,,,5.61409,0.695893,5.60049,0.693562
,,,,,,5.61911,0.70271,5.60549,0.692412
,,,,,,5.62413,0.693721,5.61049,0.691781
,,,,,,5.62915,0.693123,5.6155,0.691122
,,,,,,5.63416,0.68367,5.6205,0.681658
,,,,,,5.63917,0.664081,5.6255,0.662029
,,,,,,5.64418,0.664298,5.6305,0.651089
,,,,,,5.64919,0.664489,5.6355,0.651141
,,,,,,5.65419,0.653667,5.6405,0.651165
,,,,,,5.6592,0.653788,5.6455,0.651181
,,,,,,5.6642,0.653898,5.6505,0.651214
,,,,,,5.66921,0.654032,5.6555,0.651252
,,,,,,5.67421,0.65417,5.6605,0.651316
,,,,,,5.67921,0.654329,5.6655,0.651392
,,,,,,5.68422,0.654496,5.67051,0.651487
,,,,,,5.68922,0.654679,5.67551,0.651591
,,,,,,5.69422,0.654873,5.68051,0.651718
,,,,,,5.69922,0.655076,5.68551,0.640782
,,,,,,5.70422,0.655292,5.69051,0.640921
,,,,,,5.70922,0.644558,5.69551,0.64109
,,,,,,5.71423,0.644811,5.70051,0.641269
,,,,,,5.71923,0.645068,5.70551,0.64144
,,,,,,5.72423,0.645324,5.71051,0.641631
,,,,,,5.72923,0.645583,5.71551,0.641826
,,,,,,5.73423,0.645845,5.72051,0.642076
,,,,,,5.73923,0.646109,5.72551,0.630105
,,,,,,5.74423,0.646375,5.73051,0.630345
,,,,,,5.74923,0.646645,5.73551,0.630601
,,,,,,5.75423,0.646918,5.74051,0.630855
,,,,,,5.75923,0.647195,5.74551,0.631132
,,,,,,5.76423,0.647475,5.75051,0.63141
,,,,,,5.76923,0.64776,5.75551,0.631677
,,,,,,5.77423,0.636076,5.76051,0.631953
,,,,,,5.77923,0.636389,5.76551,0.632244
,,,,,,5.78423,0.636709,5.77051,0.63251
,,,,,,5.78924,0.637031,5.77551,0.632807
,,,,,,5.79424,0.637416,5.78051,0.633121
,,,,,,5.79924,0.637799,5.78551,0.63344
,,,,,,5.80424,0.638172,5.79051,0.633762
,,,,,,5.80924,0.638544,5.79551,0.621707
,,,,,,5.81424,0.638918,5.80051,0.622093
,,,,,,5.81924,0.639236,5.80551,0.622437
,,,,,,5.82424,0.639448,5.81051,0.62284
,,,,,,5.82924,0.639665,5.81551,0.623239
,,,,,,5.83424,0.639886,5.82051,0.623626
,,,,,,5.83924,0.640111,5.82551,0.624015
,,,,,,5.84424,0.640341,5.83051,0.624411
,,,,,,5.84924,0.628355,5.83551,0.624782
,,,,,,5.85424,0.628608,5.84051,0.625216
,,,,,,5.85924,0.628866,5.84551,0.625552
,,,,,,5.86424,0.629124,5.85051,0.625806
,,,,,,5.86924,0.62935,5.85551,0.626031
,,,,,,5.87424,0.629558,5.86051,0.626282
,,,,,,5.87924,0.629773,5.86551,0.626153
,,,,,,5.88424,0.630041,5.87051,0.626607
,,,,,,5.88924,0.630231,5.87551,0.626898
,,,,,,5.89424,0.63047,5.88051,0.627174
,,,,,,5.89924,0.63068,5.88551,0.627406
,,,,,,5.90424,0.630911,5.89051,0.627641
,,,,,,5.90924,0.6311,5.89551,0.627852
,,,,,,5.91424,0.631312,5.90051,0.628063
,,,,,,5.91924,0.631494,5.90551,0.628256
,,,,,,5.92424,0.631684,5.91051,0.628422
,,,,,,5.92924,0.631851,5.91551,0.628603
,,,,,,5.93424,0.632036,5.92051,0.62879
,,,,,,5.93924,0.632186,5.92551,0.628961
,,,,,,5.94424,0.632359,5.93051,0.62915
,,,,,,5.94924,0.632504,5.93551,0.629291
,,,,,,5.95424,0.632668,5.93967,0.629178
,,,,,,5.95924,0.632781,5.94467,0.629447
,,,,,,5.96424,0.632936,5.94967,0.629661
,,,,,,5.96924,0.633085,5.95467,0.629845
,,,,,,5.97424,0.633243,5.95967,0.630025
,,,,,,5.97924,0.633391,5.96467,0.630195
,,,,,,5.98424,0.633527,5.96967,0.630365
,,,,,,5.98924,0.633677,5.97467,0.630526
,,,,,,5.99424,0.633826,5.97967,0.630663
,,,,,,5.99924,0.633973,5.98467,0.630813
,,,,,,6.00424,0.634074,5.98967,0.630973
,,,,,,6.00924,0.634158,5.99467,0.631118
,,,,,,6.01424,0.634139,5.99967,0.631259
,,,,,,6.01924,0.634158,6.00467,0.631348
,,,,,,6.02424,0.634229,6.00967,0.631445
,,,,,,6.02924,0.634255,6.01467,0.63142
,,,,,,6.03424,0.634261,6.01967,0.631517
,,,,,,6.03951,0.634253,6.02467,0.631532
,,,,,,6.04476,0.634225,6.02967,0.631586
,,,,,,6.05026,0.634185,6.03467,0.631619
,,,,,,6.05601,0.634146,6.03994,0.631636
,,,,,,6.06148,0.640247,6.04547,0.631639
,,,,,,6.06679,0.634048,6.051,0.631624
,,,,,,6.07209,0.634022,6.05652,0.631594
,,,,,,6.07736,0.633974,6.06205,0.63155
,,,,,,6.08263,0.633908,6.06758,0.631564
,,,,,,6.0879,0.633826,6.07334,0.631573
,,,,,,6.09343,0.633745,6.07934,0.63156
,,,,,,6.09896,0.633652,6.08581,0.63154
,,,,,,6.10446,0.63355,6.0927,0.631513
,,,,,,6.10994,0.63344,6.09995,0.63148
,,,,,,6.11537,0.633323,6.10735,0.631428
,,,,,,6.12081,0.633201,6.11464,0.631345
,,,,,,6.12621,0.633085,6.12174,0.631256
,,,,,,6.13161,0.632961,6.12898,0.631157
,,,,,,6.13697,0.632829,6.13638,0.631059
,,,,,,6.14229,0.632692,6.14392,0.630946
,,,,,,6.14761,0.632568,6.15134,0.630834
,,,,,,6.15293,0.63856,6.15855,0.630626
,,,,,,6.15823,0.644365,6.16609,0.630409
,,,,,,6.16349,0.644193,6.17376,0.630231
,,,,,,6.16901,0.644007,6.1812,0.630052
,,,,,,6.17478,0.643863,6.18842,0.629875
,,,,,,6.18048,0.643708,6.19524,0.629609
,,,,,,6.18611,0.643597,6.2019,0.629382
,,,,,,6.1917,0.643414,6.20842,0.62914
,,,,,,6.19713,0.643218,6.2148,0.628889
,,,,,,6.20248,0.643041,6.22106,0.628604
,,,,,,6.20781,0.642833,6.22709,0.628344
,,,,,,6.2131,0.642621,6.233,0.628069
,,,,,,6.21836,0.642469,6.23882,0.627795
,,,,,,6.2236,0.642226,6.24457,0.627514
,,,,,,6.22881,0.642009,6.25026,0.627282
,,,,,,6.234,0.641799,6.25589,0.627097
,,,,,,6.23917,0.641566,6.26144,0.626958
,,,,,,6.24433,0.641393,6.26694,0.626815
,,,,,,6.24948,0.641238,6.2724,0.626651
,,,,,,6.25461,0.641013,6.27782,0.626442
,,,,,,6.25973,0.640896,6.28319,0.626304
,,,,,,6.26484,0.640791,6.2885,0.62619
,,,,,,6.26994,0.640644,6.29374,0.626082
,,,,,,6.27503,0.640562,6.29895,0.625919
,,,,,,6.28011,0.640412,6.30414,0.625791
,,,,,,6.28518,0.640302,6.30931,0.625764
,,,,,,6.29025,0.640221,6.31445,0.625676
,,,,,,6.2953,0.640098,6.31959,0.625616
,,,,,,6.30035,0.640024,6.32467,0.625619
,,,,,,6.30539,0.63999,6.32889,0.625565
,,,,,,6.31043,0.639877,6.33389,0.625515
,,,,,,6.31547,0.639842,6.33889,0.625599
,,,,,,6.32049,0.633734,6.34389,0.625634
,,,,,,6.32551,0.633618,6.34889,0.625688
,,,,,,6.33054,0.639712,6.35389,0.625825
,,,,,,6.33555,0.639798,6.35889,0.62593
,,,,,,6.34056,0.639812,6.36389,0.62602
,,,,,,6.34557,0.639877,6.36889,0.62624
,,,,,,6.35057,0.640017,6.37389,0.626414
,,,,,,6.35557,0.64005,6.37889,0.626614
,,,,,,6.36057,0.640155,6.38389,0.626891
,,,,,,6.36558,0.640408,6.38889,0.627146
,,,,,,6.37058,0.640534,6.39389,0.627308
,,,,,,6.37558,0.640741,6.39889,0.627386
,,,,,,6.38058,0.640925,6.40389,0.627411
,,,,,,6.38558,0.640875,6.40889,0.627435
,,,,,,6.39058,0.640811,6.41389,0.627581
,,,,,,6.39558,0.640902,6.41889,0.627642
,,,,,,6.40058,0.640873,6.42389,0.627758
,,,,,,6.40558,0.640921,6.42889,0.627958
,,,,,,6.41058,0.641044,6.43389,0.628159
,,,,,,6.41558,0.628699,6.43889,0.628446
,,,,,,6.41975,0.641127,6.44389,0.628745
,,,,,,6.42475,0.641257,6.44889,0.629139
,,,,,,6.42975,0.641451,6.45389,0.62955
,,,,,,6.43475,0.641721,6.45889,0.63006
,,,,,,6.43975,0.641976,6.46389,0.630593
,,,,,,6.44475,0.642334,6.46889,0.631231
,,,,,,6.44975,0.642689,6.47389,0.631894
,,,,,,6.45475,0.643154,6.47889,0.632667
,,,,,,6.45975,0.643621,6.48389,0.633472
,,,,,,6.46475,0.644204,6.48889,0.634361
,,,,,,6.46975,0.644794,6.49389,0.635178
,,,,,,6.47475,0.645505,6.49889,0.63609
,,,,,,6.47975,0.646228,6.50389,0.637078
,,,,,,6.48475,0.647077,6.50889,0.638166
,,,,,,6.48975,0.647943,6.51389,0.639337
,,,,,,6.49475,0.648939,6.51889,0.640616
,,,,,,6.49975,0.64996,6.52389,0.641986
,,,,,,6.50475,0.651116,6.52889,0.643475
,,,,,,6.50975,0.652304,6.53389,0.645063
,,,,,,6.51475,0.653634,6.53889,0.646853
,,,,,,6.51975,0.655005,6.54389,0.648809
,,,,,,6.52475,0.656525,6.54889,0.650905
,,,,,,6.52975,0.658023,6.55389,0.653125
,,,,,,6.53475,0.659612,6.55889,0.649227
,,,,,,6.53975,0.661381,6.56389,0.645001
,,,,,,6.54475,0.663329,6.56889,0.647153
,,,,,,6.54975,0.665375,6.57389,0.649212
,,,,,,6.55475,0.667584,6.57889,0.651434
,,,,,,6.55975,0.669742,6.58389,0.653774
,,,,,,6.56475,0.671386,6.58889,0.656308
,,,,,,6.56975,0.661769,6.59389,0.671685
,,,,,,6.57475,0.66365,6.59889,0.674659
,,,,,,6.57975,0.665691,6.60389,0.67793
,,,,,,6.58475,0.667892,6.60889,0.703018
,,,,,,6.58975,0.682093,6.61389,0.715929
,,,,,,6.59475,0.67359,6.61889,0.727895
,,,,,,6.60002,0.675841,6.62389,0.739655
,,,,,,6.60527,-7.63916,6.62916,0.756993
,,,,,,6.61049,0.713913,6.6344,0.759215
,,,,,,6.61567,0.717385,6.63962,0.759468
,,,,,,6.6208,0.729595,6.64482,0.759305
,,,,,,6.62592,0.755265,6.65,0.759258
,,,,,,6.63103,0.758318,6.65516,0.759313
,,,,,,6.63612,0.760639,6.66031,0.75952
,,,,,,6.64119,0.760846,6.66545,0.759824
,,,,,,6.64625,0.760768,6.67057,0.752837
,,,,,,6.65129,0.76089,6.67568,0.753589
,,,,,,6.65633,0.761037,6.68078,0.7465
,,,,,,6.66136,0.761408,6.68586,0.747818
,,,,,,6.66639,0.761851,6.69095,0.749437
,,,,,,6.67141,0.755062,6.69602,0.751305
,,,,,,6.67642,0.755986,6.70109,0.753515
,,,,,,6.68144,0.749237,6.70615,0.747715
,,,,,,6.68645,0.750792,6.7112,0.750755
,,,,,,6.69146,0.752711,6.71625,0.743383
,,,,,,6.69647,0.754891,6.7213,0.74478
,,,,,,6.70148,0.757497,6.72634,0.730827
,,,,,,6.70649,0.750708,6.73138,0.716665
,,,,,,6.7115,0.752133,6.73641,0.688771
,,,,,,6.71651,0.74479,6.74144,0.684421
,,,,,,6.72151,0.742164,6.74647,0.664162
,,,,,,6.72652,0.728604,6.7515,0.659432
,,,,,,6.73152,0.714268,6.75652,0.650207
,,,,,,6.73653,0.684969,6.76154,0.640906
,,,,,,6.74153,0.680556,6.76754,0.633272
,,,,,,6.74681,0.66101,6.77345,0.629901
,,,,,,6.75206,0.654518,6.77957,0.611568
,,,,,,6.75729,0.643842,6.7857,0.611758
,,,,,,6.7625,0.635817,6.79183,0.61193
,,,,,,6.7677,0.63058,6.79791,0.613962
,,,,,,6.7729,0.610375,6.80445,0.614859
,,,,,,6.77806,0.60978,6.81099,0.612648
,,,,,,6.78322,0.610469,6.81745,0.610719
,,,,,,6.78837,0.610745,6.82392,0.607619
,,,,,,6.79352,0.613266,6.83032,0.601764
,,,,,,6.79867,0.612695,6.83665,0.596389
,,,,,,6.8038,0.610433,6.84293,0.591462
,,,,,,6.80893,0.609244,6.84914,0.548641
,,,,,,6.81406,0.604517,6.85535,0.523139
,,,,,,6.81918,0.598969,6.86151,0.496635
,,,,,,6.82429,0.59385,6.86761,0.437878
,,,,,,6.8294,0.589129,6.87371,0.43791
,,,,,,6.8345,0.545699,6.87982,0.43789
,,,,,,6.8396,0.520748,6.88592,0.437821
,,,,,,6.84469,0.519344,6.89223,0.437713
,,,,,,6.84979,0.465699,6.89928,0.437547
,,,,,,6.85488,0.436051,6.90692,0.437343
,,,,,,6.85997,0.437179,6.91504,0.437115
,,,,,,6.86507,0.437272,6.92353,0.436869
,,,,,,6.87016,0.437257,6.93232,0.436612
,,,,,,6.87583,0.437065,6.94135,0.436347
,,,,,,6.88235,0.436879,6.95058,0.435942
,,,,,,6.88956,0.436655,6.95996,0.435551
,,,,,,6.89733,0.436407,6.96934,0.434685
,,,,,,6.90555,0.436142,6.9773,0.434661
,,,,,,6.91412,0.435866,6.98456,0.434253
,,,,,,6.92298,0.435584,6.99125,0.433931
,,,,,,6.93207,0.435297,6.99763,0.433676
,,,,,,6.94134,0.435005,7,0.433542
,,,,,,6.95076,0.434562,,
,,,,,,6.96029,0.434129,,
,,,,,,6.96982,0.433217,,
,,,,,,6.97803,0.433153,,
,,,,,,6.98564,0.432692,,
,,,,,,6.99259,0.432318,,
,,,,,,6.99937,0.432007,,
,,,,,,7,0.431872,,
