x,healthy,x,earlyOA
0,0.0396213,0,0.0396213
0.01,0.0492593,0.01,0.0492545
0.0190825,0.0953116,0.0190825,0.0953031
0.0276631,0.139149,0.0276631,0.139138
0.0362436,0.183084,0.0362436,0.183071
0.0448242,0.227057,0.0448242,0.227042
0.0534048,0.271022,0.0534048,0.271007
0.0619854,0.314955,0.0619854,0.314939
0.0705659,0.358827,0.0705659,0.35881
0.0789799,0.39907,0.0789799,0.399052
0.087711,0.442242,0.087711,0.442223
0.0964422,0.485952,0.0964422,0.485933
0.105173,0.52985,0.105173,0.529831
0.113904,0.573823,0.113904,0.573804
0.122636,0.617823,0.122636,0.617805
0.131367,0.661823,0.131367,0.661806
0.140098,0.705805,0.140098,0.705789
0.148655,0.748966,0.148655,0.748951
0.157047,0.79129,0.157047,0.791277
0.165753,0.834949,0.165753,0.834938
0.174712,0.879759,0.174712,0.87975
0.183874,0.92551,0.183874,0.925503
0.193199,0.972014,0.193199,0.972009
0.202656,1.01911,0.202656,1.01911
0.21222,1.06668,0.21222,1.06668
0.221868,1.11461,0.221868,1.11461
0.231585,1.16281,0.231585,1.16282
0.241357,1.21122,0.241357,1.21123
0.251174,1.25978,0.251174,1.25979
0.261027,1.30844,0.261027,1.30846
0.270908,1.35718,0.270908,1.3572
0.280796,1.40588,0.280796,1.4059
0.290705,1.4546,0.290705,1.45463
0.30062,1.50327,0.30062,1.50331
0.310551,1.55195,0.310551,1.55199
0.320486,1.60056,0.320486,1.6006
0.330425,1.64911,0.330425,1.64916
0.340366,1.69759,0.340366,1.69765
0.350311,1.74602,0.350311,1.74608
0.360259,1.79437,0.360259,1.79444
0.37021,1.84266,0.37021,1.84273
0.380163,1.89088,0.380163,1.89096
0.390119,1.93903,0.390119,1.93912
0.400078,1.98712,0.400078,1.98721
0.410038,2.03514,0.410038,2.03523
0.420001,2.08308,0.420001,2.08319
0.429966,2.13097,0.429966,2.13108
0.439932,2.17878,0.439932,2.17889
0.449901,2.22652,0.449901,2.22665
0.459871,2.2742,0.459871,2.27433
0.469843,2.32181,0.469843,2.32195
0.479816,2.36935,0.479816,2.36949
0.489791,2.41683,0.489791,2.41698
0.499767,2.46424,0.499767,2.46439
0.509744,2.51158,0.509744,2.51174
0.519723,2.55885,0.519723,2.55902
0.529702,2.60606,0.529702,2.60624
0.539683,2.65321,0.539683,2.65339
0.549665,2.70029,0.549665,2.70048
0.559648,2.7473,0.559648,2.7475
0.569632,2.79425,0.569632,2.79446
0.579616,2.84114,0.579616,2.84135
0.589602,2.88797,0.589602,2.88818
0.599588,2.93473,0.599588,2.93495
0.609575,2.98143,0.609575,2.98166
0.619563,3.02806,0.619563,3.0283
0.629551,3.07464,0.629551,3.07488
0.63954,3.12115,0.639539,3.1214
0.64953,3.16761,0.649526,3.16785
0.65952,3.214,0.659514,3.21424
0.669511,3.26033,0.669502,3.26057
0.679502,3.30661,0.679489,3.30684
0.689494,3.35283,0.689477,3.35304
0.699486,3.39899,0.699465,3.39919
0.709479,3.44509,0.709453,3.44528
0.719472,3.49113,0.71944,3.49131
0.729465,3.53712,0.729428,3.53728
0.739459,3.58306,0.739416,3.58319
0.749453,3.62893,0.749404,3.62905
0.759447,3.67475,0.759391,3.67485
0.769441,3.72052,0.769379,3.72059
0.779435,3.76623,0.779367,3.76628
0.789429,3.81189,0.789355,3.81191
0.799424,3.85749,0.799342,3.85749
0.809418,3.90304,0.80933,3.90302
0.819414,3.94854,0.819318,3.9485
0.829409,3.99399,0.829307,3.99392
0.839405,4.03939,0.839296,4.0393
0.849401,4.08474,0.849287,4.08463
0.859397,4.13004,0.859277,4.12991
0.869394,4.17529,0.869269,4.17515
0.879391,4.22049,0.87926,4.22033
0.889389,4.26565,0.889253,4.26547
0.899387,4.31075,0.899246,4.31057
0.909385,4.35581,0.90924,4.35562
0.919383,4.40083,0.919235,4.40062
0.929382,4.4458,0.929231,4.44559
0.93938,4.49072,0.939227,4.4905
0.949379,4.53559,0.949223,4.53537
0.959378,4.58042,0.959219,4.58019
0.969377,4.6252,0.969216,4.62498
0.979376,4.66994,0.979213,4.66971
0.989376,4.71464,0.98921,4.71441
0.999375,4.75929,0.999208,4.75906
1.00937,4.9969,1.00921,4.99314
1.01894,5.24753,1.01877,5.24371
1.0281,5.42262,1.02793,5.42056
1.03691,5.55623,1.03673,5.55443
1.04538,5.67306,1.0452,5.67152
1.05355,5.77904,1.05337,5.77768
1.06144,5.87406,1.06126,5.87282
1.06908,5.95612,1.0689,5.95511
1.07649,6.02741,1.07631,6.02647
1.08369,6.09792,1.08351,6.10068
1.0907,6.2598,1.09052,6.2657
1.09771,6.41322,1.09736,6.4164
1.10472,6.55871,1.10419,6.55917
1.11173,6.67375,1.11102,6.67597
1.11856,6.76051,1.1177,6.76169
1.12524,6.83855,1.12423,6.83869
1.13177,6.91014,1.13062,6.9093
1.13816,6.97681,1.13689,6.97506
1.14444,7.0396,1.14306,7.03704
1.15065,7.09954,1.14912,7.09589
1.15676,7.15695,1.15518,7.1529
1.16277,7.21218,1.16115,7.20788
1.16874,7.26575,1.16707,7.26131
1.1747,7.31819,1.17299,7.31368
1.18067,7.36974,1.17892,7.3652
1.18663,7.42055,1.18484,7.41602
1.1926,7.47073,1.19076,7.46622
1.19856,7.52035,1.19669,7.51589
1.20453,7.56945,1.20261,7.56504
1.21049,7.61807,1.20853,7.61372
1.21646,7.66625,1.21446,7.66198
1.22264,7.71516,1.2206,7.71097
1.22903,7.76506,1.22695,7.76097
1.23561,7.81608,1.2335,7.81211
1.24238,7.86821,1.24024,7.8644
1.24933,7.92138,1.24715,7.91776
1.25644,7.97551,1.25423,7.9721
1.2637,8.03053,1.26147,8.02735
1.27112,8.08716,1.26886,8.0834
1.27867,8.14877,1.27639,8.14423
1.28636,8.21349,1.28405,8.2087
1.29417,8.27983,1.29184,8.27517
1.3021,8.3443,1.29975,8.34082
1.31014,8.40731,1.30777,8.40477
1.31792,8.46638,1.3159,8.46679
1.32569,8.52295,1.32403,8.52688
1.33359,8.57755,1.33226,8.58523
1.3416,8.61536,1.34058,8.62954
1.34972,8.62728,1.34891,8.64836
1.35784,8.61288,1.35723,8.64088
1.36595,8.56741,1.36556,8.60172
1.37407,8.48772,1.37388,8.52777
1.38219,8.36695,1.38221,8.41311
1.39053,8.22141,1.39073,8.26733
1.39887,8.05812,1.39926,8.10357
1.40721,7.87608,1.40778,7.9208
1.41575,7.67467,1.41648,7.71826
1.42412,7.45225,1.42524,7.49462
1.43258,7.20891,1.43408,7.24904
1.44112,6.94398,1.44298,6.98079
1.44967,6.65705,1.45187,6.68983
1.45804,6.3458,1.46059,6.3733
1.46627,6.01438,1.46913,6.03563
1.4747,5.66469,1.47785,5.67863
1.48331,5.29533,1.48672,5.30096
1.49209,4.90508,1.49572,4.90172
1.50102,4.50227,1.50483,4.49506
1.51007,4.0832,1.51406,4.06526
1.51923,3.64128,1.52337,3.61173
1.52849,3.17549,1.53277,3.13355
1.53784,2.68501,1.54223,2.62912
1.54726,2.1609,1.55176,2.09092
1.55676,1.61467,1.56135,1.5309
1.56631,1.04481,1.57098,0.946341
1.57592,0.447064,1.58066,0.332297
1.58554,0,1.59038,0
1.59517,0,1.60009,0
1.6044,0,1.6094,0
1.6131,0,1.61884,0.00749425
1.62148,0.00926624,1.62834,0.040661
1.62957,0.0419255,1.63785,0.097809
1.63739,0.0915873,1.64735,0.181872
1.64496,0.158144,1.65686,0.288815
1.65231,0.244133,1.66643,0.41743
1.65966,0.346874,1.67604,0.566875
1.66701,0.465535,1.6857,0.735341
1.67436,0.599445,1.6954,0.919463
1.6817,0.748002,1.70514,1.11967
1.68905,0.908491,1.71489,1.33546
1.69654,1.08153,1.72466,1.5714
1.70404,1.26672,1.73303,1.81389
1.71153,1.4639,1.7411,2.06942
1.71902,1.67139,1.74891,2.33803
1.727,1.89719,1.75658,2.61758
1.73498,2.13706,1.76439,2.90602
1.74271,2.38995,1.77219,3.19989
1.75019,2.65562,1.77975,3.49626
1.75797,2.93388,1.78708,3.79414
1.76587,3.2186,1.79421,4.09248
1.77333,3.50842,1.80116,4.39034
1.78056,3.79983,1.80794,4.68578
1.78761,4.09243,1.81456,4.98009
1.79447,4.38521,1.82104,5.27336
1.80118,4.6762,1.82739,5.56553
1.80773,4.96599,1.83362,5.86203
1.81415,5.25495,1.83946,6.15137
1.82045,5.54296,1.84551,6.43717
1.82663,5.83538,1.85157,6.72093
1.83251,6.12122,1.85754,7.00398
1.83861,6.40362,1.86342,7.28282
1.84472,6.68418,1.86904,7.56132
1.85073,6.96408,1.87457,7.83456
1.85665,7.23925,1.87969,8.1082
1.86218,7.51215,1.8848,8.37768
1.86766,7.78362,1.88985,8.64458
1.87307,8.05165,1.8949,8.90814
1.87836,8.31843,1.89991,9.16832
1.88352,8.58104,1.90493,9.42708
1.88862,8.84126,1.9091,9.67844
1.8937,9.09928,1.9141,9.93013
1.89878,9.35368,1.9191,10.1772
1.90383,9.60873,1.9241,10.4208
1.90888,9.86003,1.9291,10.6608
1.91392,10.1078,1.9341,10.8984
1.91894,10.3505,1.9391,11.1338
1.92396,10.5881,1.9441,11.3658
1.92897,10.8229,1.9491,11.5963
1.93397,11.0559,1.9541,11.8238
1.93898,11.2869,1.9591,12.0491
1.94398,11.5169,1.9641,12.2723
1.94898,11.7429,1.9691,12.4918
1.95398,11.9683,1.9741,12.7092
1.95898,12.1912,1.9791,12.9236
1.96398,12.4109,1.9841,13.1348
1.96899,12.6256,1.9891,13.3461
1.97399,12.838,1.9941,13.5553
1.97899,13.0495,1.9991,13.7603
1.98399,13.2588,2.0041,13.975
1.98899,13.4665,2.0091,14.1867
1.99399,13.6703,2.0141,14.3923
1.99899,13.8744,2.01969,14.5827
2.00399,14.0826,2.02521,14.74
2.00899,14.2864,2.03068,14.8737
2.01426,14.4791,2.03611,14.9912
2.01979,14.6453,2.04151,15.0958
2.02529,14.7884,2.04687,15.1913
2.03075,14.9092,2.0522,15.2787
2.03616,15.0204,2.0575,15.3598
2.04156,15.1189,2.06277,15.4358
2.04693,15.2095,2.06803,15.5012
2.05226,15.2932,2.07327,15.5612
2.05756,15.3713,2.07851,15.6185
2.06284,15.4449,2.08372,15.6727
2.06812,15.509,2.08892,15.7239
2.07339,15.5679,2.09411,15.7724
2.07865,15.6235,2.09929,15.8184
2.08388,15.6758,2.10445,15.8617
2.08909,15.7252,2.1096,15.9028
2.09429,15.7718,2.11474,15.9415
2.09947,15.8157,2.11987,15.9783
2.10463,15.8571,2.12498,16.013
2.10979,15.8961,2.13009,16.0456
2.11495,15.9332,2.1352,16.0764
2.12009,15.9682,2.1403,16.1055
2.12522,16.0012,2.14541,16.1331
2.13034,16.0323,2.15051,16.1616
2.13546,16.0616,2.1556,16.1869
2.14057,16.0893,2.16068,16.2062
2.14568,16.1157,2.16576,16.2183
2.15079,16.1432,2.17083,16.2221
2.15589,16.1676,2.17589,16.2175
2.16098,16.1863,2.18095,16.2013
2.16607,16.1979,2.18601,16.1777
2.17114,16.2013,2.19107,16.1419
2.17621,16.1963,2.19612,16.0972
2.18128,16.1798,2.20116,16.0369
2.18635,16.1557,2.20621,15.9655
2.19141,16.1196,2.21125,15.8779
2.19647,16.0745,2.21628,15.7819
2.20152,16.0146,2.22132,15.6741
2.20657,15.9439,2.22634,15.5592
2.21161,15.8559,2.23137,15.4329
2.21665,15.7587,2.23639,15.2983
2.22169,15.6494,2.24141,15.1553
2.22672,15.533,2.2467,14.9957
2.23174,15.4051,2.25196,14.8272
2.23677,15.2684,2.2572,14.6451
2.24179,15.1239,2.26242,14.4524
2.2474,14.9635,2.2676,14.2467
2.25296,14.7942,2.27277,14.0332
2.25841,14.6111,2.27792,13.8074
2.26383,14.4159,2.28305,13.5745
2.26921,14.208,2.28817,13.3305
2.27455,13.9901,2.29328,13.0786
2.27987,13.761,2.29838,12.8077
2.28515,13.5241,2.30348,12.5298
2.29042,13.2761,2.30856,12.241
2.29566,13.0179,2.31363,11.9428
2.30088,12.7431,2.31898,11.6321
2.30608,12.4595,2.32429,11.3057
2.31128,12.1647,2.32986,10.9681
2.31646,11.8601,2.33566,10.6189
2.3219,11.5416,2.34169,10.2532
2.32735,11.208,2.34764,9.86788
2.33304,10.8631,2.35354,9.46492
2.33896,10.5061,2.35936,9.04434
2.3451,10.1305,2.3654,8.60686
2.35145,9.73525,2.37166,8.15704
2.35769,9.32171,2.37813,7.69659
2.36413,8.89034,2.38478,7.22436
2.37076,8.44405,2.39162,6.73698
2.37757,7.98316,2.39862,6.23607
2.38456,7.50943,2.40579,5.71774
2.3917,7.02242,2.41311,5.17922
2.39901,6.52113,2.42058,4.62665
2.40645,6.00071,2.42818,4.05873
2.4142,5.45737,2.43591,3.47556
2.42222,4.90019,2.44377,2.8759
2.43034,4.3272,2.45188,2.2585
2.43869,3.73732,2.46021,1.62401
2.44723,3.12666,2.46874,0.960852
2.45594,2.49703,2.47735,0.284729
2.4648,1.84756,2.48564,0
2.4738,1.16801,2.49365,0
2.48285,0.463041,2.50083,0
2.49155,0,2.50856,0
2.49993,0,2.51629,0
2.50789,0,2.52403,0
2.51585,0,2.53176,0
2.52381,0,2.53949,0
2.53178,0,2.54722,0
2.53974,0,2.55495,0
2.5477,0,2.56269,0
2.55566,0,2.57042,0
2.56362,0,2.57815,0
2.57158,0,2.58588,0
2.57955,0,2.59361,0
2.58751,0,2.60134,0
2.59547,0,2.60908,0
2.60354,0,2.61681,0
2.61161,0,2.62454,0
2.61969,0,2.63185,0
2.62749,0,2.63896,0
2.63529,0,2.64574,0.0122711
2.64322,0,2.65252,0.049075
2.65125,0.0185961,2.65993,0.109687
2.65952,0.0650398,2.66784,0.193805
2.66813,0.138719,2.67618,0.300894
2.67703,0.23837,2.68484,0.430056
2.68614,0.362529,2.69377,0.581552
2.69543,0.511019,2.70292,0.755481
2.70486,0.683583,2.71224,0.951855
2.71441,0.879936,2.72169,1.1706
2.72404,1.09975,2.73125,1.41155
2.73375,1.34267,2.7409,1.67447
2.74352,1.60829,2.75062,1.95903
2.75333,1.8961,2.76036,2.26485
2.76316,2.20563,2.77011,2.59121
2.77299,2.53607,2.77986,2.94098
2.78283,2.88855,2.78919,3.30691
2.79224,3.25869,2.79815,3.68628
2.80127,3.64051,2.80677,4.07493
2.80994,4.03192,2.81506,4.47713
2.8183,4.43833,2.82285,4.89234
2.82636,4.85622,2.8304,5.31723
2.83416,5.28473,2.83741,5.75189
2.84152,5.72205,2.84424,6.1933
2.84868,6.16812,2.85092,6.64078
2.85551,6.6193,2.85745,7.09164
2.86217,7.07662,2.86385,7.54554
2.86869,7.5365,2.87012,8.00164
2.87508,7.99842,2.87629,8.45916
2.88135,8.46165,2.88235,8.91735
2.8875,8.92546,2.88832,9.37502
2.89356,9.38724,2.89421,9.82505
2.89952,9.84295,2.90002,10.2767
2.9054,10.2999,2.90575,10.7282
2.9112,10.7564,2.91143,11.1786
2.91694,11.2117,2.91704,11.6272
2.92261,11.6649,2.9226,12.0723
2.92822,12.1131,2.92812,12.5086
2.93377,12.5533,2.93358,12.9429
2.93933,12.9914,2.93903,13.3749
2.94486,13.4279,2.94444,13.8068
2.95035,13.861,2.94981,14.2331
2.95579,14.2852,2.95515,14.6223
2.96124,14.656,2.96046,14.9063
2.96664,14.9179,2.96574,15.1164
2.97202,15.1141,2.971,15.2714
2.97739,15.2587,2.97624,15.3848
2.98273,15.3651,2.98147,15.4668
2.98805,15.4408,2.9867,15.5235
2.99337,15.4943,2.99192,15.5594
2.99866,15.5269,2.99715,15.5807
3.00395,15.5449,3.00235,15.5902
3.0092,15.554,3.00754,15.5919
3.01442,15.5541,3.01271,15.5814
3.01965,15.5403,3.01786,15.572
3.02488,15.528,3.02301,15.5538
3.03008,15.5112,3.02814,15.5303
3.03585,15.4913,3.03324,15.5101
3.04153,15.4688,3.03832,15.4869
3.04715,15.445,3.04338,15.4596
3.05271,15.4203,3.04844,15.4373
3.05823,15.3946,3.0535,15.418
3.0637,15.3684,3.05853,15.399
3.06913,15.3415,3.06357,15.3774
3.07452,15.3143,3.06859,15.3538
3.07987,15.2867,3.07362,15.3293
3.0852,15.2578,3.07865,15.3036
3.0905,15.2281,3.08367,15.2774
3.09577,15.2098,3.0887,15.2485
3.10104,15.1996,3.09372,15.2303
3.10629,15.1957,3.09873,15.2198
3.11152,15.1964,3.10375,15.2153
3.11672,15.2009,3.10877,15.2154
3.12191,15.2087,3.11378,15.219
3.12709,15.2192,3.11879,15.2257
3.13224,15.232,3.1238,15.235
3.13739,15.2468,3.12881,15.2465
3.14252,15.2625,3.13382,15.26
3.14764,15.2791,3.13883,15.2748
3.15275,15.2964,3.14384,15.2904
3.15785,15.3144,3.14885,15.3068
3.16294,15.3331,3.15386,15.3238
3.16802,15.3524,3.15886,15.3414
3.1731,15.3724,3.16387,15.3597
3.17817,15.3929,3.16887,15.3786
3.18323,15.414,3.17388,15.3981
3.18829,15.4331,3.17888,15.4182
3.19334,15.4533,3.18388,15.4385
3.19839,15.4749,3.18889,15.4567
3.20343,15.4973,3.19389,15.4769
3.20847,15.5203,3.19889,15.4983
3.21351,15.5436,3.2039,15.5203
3.21854,15.5671,3.2089,15.5429
3.22357,15.5909,3.2139,15.5658
3.2286,15.6148,3.2189,15.5889
3.23363,15.6364,3.22391,15.6122
3.23865,15.654,3.22891,15.6357
3.24367,15.6739,3.23391,15.6564
3.24868,15.6893,3.23891,15.6738
3.25397,15.705,3.24391,15.6937
3.25923,15.7238,3.24891,15.7091
3.26447,15.7435,3.25418,15.7246
3.26968,15.7879,3.25943,15.7428
3.2748,15.7665,3.26464,15.7619
3.27992,15.7375,3.26981,15.7997
3.28502,15.702,3.27492,15.7787
3.29011,15.674,3.28002,15.7495
3.29519,15.64,3.28511,15.7141
3.30026,15.6155,3.29019,15.686
3.30532,15.5822,3.29526,15.6519
3.31037,15.5627,3.30032,15.6273
3.31542,15.5299,3.30537,15.5939
3.32046,15.5089,3.31042,15.5741
3.3255,15.4785,3.31546,15.5411
3.33052,15.4618,3.3205,15.5241
3.33555,15.433,3.32553,15.4905
3.34057,15.4134,3.33055,15.7189
3.34657,15.3818,3.33557,15.5838
3.35247,15.3636,3.34058,15.4927
3.35819,15.3285,3.34559,15.4302
3.36376,15.3084,3.3506,15.3825
3.36925,15.2827,3.35561,15.3453
3.37469,15.2588,3.36062,15.3167
3.38009,15.2427,3.36563,15.29
3.38545,15.2173,3.37063,15.2643
3.39076,15.2041,3.37564,15.2526
3.39604,15.1829,3.38065,15.2271
3.40126,15.1633,3.38565,15.213
3.40647,15.1439,3.39066,15.1907
3.41165,15.1298,3.39566,15.1766
3.41681,15.1034,3.40066,15.1596
3.42194,15.0933,3.40567,15.143
3.42705,15.0708,3.41067,15.1216
3.43215,15.0522,3.41567,15.1105
3.43724,15.0374,3.42067,15.0869
3.4423,15.0239,3.42568,15.0727
3.44736,15.0009,3.43068,15.0558
3.45242,14.9949,3.43568,15.0406
3.45746,14.9776,3.44068,15.0198
3.4625,14.9631,3.44568,15.0104
3.46754,14.9442,3.45068,14.9924
3.47258,14.9359,3.45568,14.9788
3.47761,14.9201,3.46069,14.9688
3.48263,14.9064,3.46569,14.9533
3.48766,14.8948,3.47069,14.9399
3.49269,14.8828,3.47569,14.9246
3.49771,14.8618,3.48069,14.9138
3.50273,14.8559,3.48569,14.9034
3.50774,14.8401,3.49069,14.8861
3.51276,14.8254,3.49569,14.875
3.51777,14.808,3.50069,14.8625
3.52278,14.7996,3.50569,14.8448
3.52779,14.7851,3.51069,14.8342
3.5328,14.7732,3.51569,14.8202
3.53781,14.7595,3.52069,14.8065
3.54282,14.7484,3.52569,14.7905
3.54782,14.7298,3.53069,14.7813
3.55283,14.7241,3.53569,14.7644
3.55784,14.7099,3.54069,14.754
3.56284,14.695,3.54569,14.741
3.56784,14.6792,3.55069,14.7273
3.57201,14.6776,3.55569,14.7121
3.57701,14.6607,3.56069,14.7032
3.58201,14.6494,3.56569,14.6874
3.58701,14.6316,3.57069,14.672
3.59201,14.6288,3.57569,14.6687
3.59701,14.6137,3.58069,14.6524
3.60201,14.5997,3.58569,14.6378
3.60701,14.5834,3.59069,14.6233
3.61201,14.5724,3.59569,14.6172
3.61701,14.5603,3.60069,14.6025
3.62201,14.5486,3.60569,14.5895
3.62701,14.5366,3.61069,14.5777
3.63201,14.5252,3.61569,14.5661
3.63701,14.5137,3.62069,14.5537
3.64201,14.5023,3.62569,14.5409
3.64701,14.4911,3.63069,14.5342
3.65201,14.4799,3.63569,14.5208
3.65701,14.4689,3.64069,14.5086
3.66201,14.458,3.64569,14.4972
3.66701,14.4471,3.65069,14.4882
3.67201,14.4376,3.65569,14.4739
3.67701,14.4335,3.66069,14.4668
3.68201,14.4401,3.66569,14.4521
3.68701,14.4328,3.67069,14.4441
3.69201,14.4265,3.67569,14.4416
3.69701,14.4201,3.68069,14.4342
3.70201,14.4265,3.68569,14.4263
3.70701,14.4194,3.69069,14.429
3.71201,14.4124,3.69569,14.425
3.71701,14.4059,3.70069,14.4185
3.72201,14.4118,3.70569,14.4129
3.72701,14.4049,3.71069,14.4197
3.73201,14.3977,3.71569,14.4125
3.73701,14.3915,3.72069,14.4074
3.74201,14.3974,3.72569,14.4025
3.74701,14.3909,3.73069,14.4007
3.75201,14.3838,3.73569,14.3947
3.75701,14.3779,3.74069,14.3937
3.76228,14.3736,3.74569,14.3865
3.76753,14.3694,3.75096,14.3846
3.77277,14.3655,3.75621,14.3839
3.77798,14.3614,3.7614,14.3758
3.78318,14.3574,3.76659,14.3723
3.78836,14.3534,3.77177,14.3704
3.79352,14.3592,3.77693,14.3656
3.79863,14.353,3.78206,14.3615
3.804,14.3452,3.78719,14.3595
3.80938,14.3424,3.7923,14.3541
3.81465,14.3437,3.79741,14.3497
3.81988,14.3367,3.80251,14.3475
3.82567,14.3292,3.80761,14.3419
3.8314,14.3239,3.8127,14.3375
3.83706,14.3222,3.81778,14.335
3.84266,14.3171,3.82286,14.3292
3.84826,14.3093,3.82794,14.3248
3.85387,14.3044,3.83301,14.3232
3.85947,14.302,3.83808,14.3177
3.865,14.2936,3.84315,14.3132
3.87106,14.2876,3.84822,14.3107
3.87702,14.2833,3.85328,14.3048
3.88284,14.2728,3.85834,14.3004
3.88865,14.2657,3.8634,14.2981
3.8944,14.2574,3.86845,14.2918
3.90008,14.2481,3.8735,14.2859
3.9057,14.2367,3.87855,14.2809
3.91132,14.3923,3.88359,14.2719
3.91669,14.3108,3.88863,14.2631
3.92206,14.2663,3.89366,14.2568
3.9274,14.2417,3.89928,14.2472
3.9327,14.2217,3.90485,14.2356
3.938,14.2103,3.91037,14.2298
3.94327,14.2011,3.91582,14.221
3.94851,14.1944,3.92125,14.2122
3.95374,14.1888,3.92665,14.2106
3.95894,14.1844,3.93194,14.201
3.96413,14.1776,3.9372,14.1889
3.9693,14.1722,3.94156,14.1855
3.97445,14.1679,3.94656,14.1793
3.9796,14.1648,3.95156,14.1728
3.98473,14.1638,3.95656,14.1702
3.98984,14.1646,3.96156,14.166
3.99495,14.1662,3.96656,14.1632
4.00005,14.1661,3.97156,14.161
4.00514,14.168,3.97656,14.1596
4.01022,14.1679,3.98156,14.1599
4.0153,14.1702,3.98656,14.1627
4.02037,14.1779,3.99156,14.1645
4.02543,14.1903,3.99656,14.1672
4.03049,14.2027,4.00156,14.1681
4.03554,14.2182,4.00656,14.1668
4.04059,14.2352,4.01156,14.1719
4.04563,14.2533,4.01656,14.1805
4.05067,14.2736,4.02156,14.1919
4.0557,14.2957,4.02656,14.2057
4.06073,14.3192,4.03156,14.222
4.06576,14.3436,4.03656,14.2373
4.07078,14.3691,4.04156,14.256
4.0758,14.3949,4.04656,14.2766
4.08082,14.4224,4.05156,14.299
4.08584,14.4492,4.05656,14.3224
4.09086,14.4778,4.06156,14.3467
4.09587,14.509,4.06656,14.3719
4.10089,14.5435,4.07156,14.3972
4.1059,14.578,4.07656,14.4239
4.11091,14.612,4.08156,14.4498
4.11592,14.6471,4.08656,14.4777
4.12093,14.6813,4.09156,14.5076
4.12595,14.7184,4.09656,14.5393
4.13096,14.7583,4.10156,14.5723
4.13597,14.8001,4.10656,14.6061
4.14098,14.841,4.11183,14.6405
4.14599,14.8715,4.11708,14.6755
4.151,14.8977,4.12233,14.7107
4.15601,14.922,4.12758,14.7456
4.16102,14.9634,4.13282,14.7811
4.16603,15.0289,4.13807,14.8194
4.17104,15.0885,4.14332,14.8531
4.17605,15.1437,4.14856,14.88
4.18106,15.1952,4.15476,14.905
4.18607,15.2423,4.16116,14.9283
4.19108,15.287,4.16757,14.992
4.19609,15.3288,4.17397,15.0562
4.2011,15.3693,4.18037,15.1126
4.20611,15.4089,4.18678,15.1644
4.21111,15.4477,4.19318,15.2123
4.21612,15.4859,4.19958,15.2568
4.22113,15.5236,4.20599,15.2993
4.22614,15.5611,4.21239,15.3404
4.23115,15.5982,4.21879,15.3805
4.23616,15.6316,4.2252,15.42
4.24117,15.6648,4.2316,15.459
4.24618,15.6987,4.238,15.4976
4.25119,15.7334,4.24441,15.5361
4.2562,15.7685,4.25081,15.5745
4.2612,15.804,4.25721,15.6129
4.26621,15.8397,4.26361,15.6513
4.27122,15.8757,4.27002,15.6872
4.27623,15.9119,4.27642,15.7213
4.28123,15.9483,4.28282,15.7566
4.28624,15.9848,4.28916,15.7931
4.29124,16.0225,4.29544,15.8326
4.29625,16.0613,4.30165,15.8729
4.30125,16.1003,4.30781,15.9139
4.30626,16.1395,4.31387,15.9554
4.31126,16.1754,4.31984,15.9974
4.31627,16.1926,4.32572,16.0398
4.32127,16.1889,4.33153,16.0826
4.32628,16.1742,4.33726,16.1252
4.33128,16.1656,4.34293,16.1577
4.33628,16.1583,4.34855,16.1743
4.34129,16.1481,4.35416,16.1676
4.34629,16.1358,4.35972,16.1619
4.35129,16.1247,4.36523,16.1488
4.3563,16.1167,4.37074,16.133
4.3613,16.1053,4.3762,16.116
4.3663,16.0978,4.38165,16.0998
4.3713,16.0878,4.38705,16.0872
4.37658,16.0822,4.39246,16.0799
4.38182,16.0732,4.39783,16.0688
4.38705,16.0641,4.40317,16.0607
4.39227,16.0584,4.40848,16.0543
4.39748,16.0547,4.41377,16.0453
4.40268,16.0485,4.41932,16.0348
4.40787,16.0404,4.42511,16.0254
4.41305,16.0318,4.43083,16.0213
4.41822,16.0247,4.43649,16.0189
4.42338,16.0219,4.44209,16.0131
4.42852,16.0165,4.44766,16.0042
4.43365,16.008,4.45323,15.9946
4.43877,15.9989,4.45881,15.9897
4.44415,15.9926,4.46438,15.9817
4.44952,15.9907,4.46995,15.9721
4.45485,15.9841,4.47576,15.9636
4.46016,15.9756,4.48151,15.9562
4.46572,15.9674,4.48718,15.9507
4.47127,15.9615,4.49286,15.944
4.47678,15.9555,4.49848,15.9362
4.48225,15.9532,4.5041,15.9296
4.48767,15.952,4.50966,15.9243
4.49306,15.9473,4.51517,15.9172
4.49899,15.9403,4.52066,15.9134
4.50515,15.9321,4.52611,15.9096
4.5113,15.9266,4.53152,15.9018
4.51735,15.9183,4.53718,15.8944
4.5234,15.9083,4.54278,15.8842
4.52967,15.9012,4.54838,15.8768
4.53582,15.9009,4.55393,15.8716
4.5418,15.8952,4.55943,15.8638
4.54777,15.8868,4.56484,15.8568
4.55423,15.8762,4.57049,15.8535
4.56087,15.869,4.57612,15.8499
4.56737,15.8645,4.58169,15.8453
4.57374,15.858,4.58726,15.8436
4.58011,15.852,4.59278,15.8391
4.58648,15.8482,4.59828,15.8324
4.59273,15.8421,4.60402,15.8269
4.59892,15.8371,4.60976,15.8238
4.60506,15.8325,4.61544,15.8217
4.61109,15.8274,4.62109,15.8176
4.61713,15.8218,4.62667,15.8117
4.62312,15.8141,4.6325,15.8052
4.62933,15.8086,4.63833,15.8007
4.63543,15.8067,4.64408,15.7994
4.64143,15.8037,4.64977,15.7972
4.64735,15.8022,4.6554,15.7963
4.65319,15.7976,4.66103,15.7924
4.65925,15.7917,4.6669,15.7871
4.66552,15.7854,4.67325,15.7815
4.6718,15.7801,4.6798,15.7787
4.67796,15.7749,4.68622,15.7766
4.68403,15.77,4.69238,15.772
4.69,15.7718,4.69848,15.7683
4.69588,15.7676,4.70453,15.7637
4.70199,15.7645,4.71079,15.7592
4.7081,15.7602,4.71706,15.7558
4.71442,15.7553,4.72321,15.7517
4.72074,15.7503,4.72937,15.7476
4.727,15.7475,4.73547,15.7425
4.73306,15.7426,4.74147,15.7353
4.73903,15.7376,4.74769,15.7304
4.74522,15.7317,4.75381,15.7279
4.7513,15.7273,4.75982,15.7266
4.75729,15.7237,4.76575,15.7245
4.7632,15.7212,4.77168,15.7207
4.76906,15.7181,4.77757,15.7137
4.77514,15.7151,4.78368,15.7086
4.78114,15.7114,4.78978,15.7051
4.78704,15.7062,4.79589,15.7016
4.79287,15.7022,4.8019,15.6972
4.79865,15.6969,4.80783,15.6932
4.80444,15.6921,4.81367,15.6896
4.81016,15.6869,4.81947,15.6843
4.81588,15.683,4.8255,15.6788
4.82156,15.6799,4.83175,15.6745
4.82719,15.6756,4.83794,15.6712
4.83276,15.6724,4.84413,15.668
4.83828,15.6674,4.85021,15.6639
4.84405,15.6636,4.8562,15.66
4.84977,15.6587,4.8621,15.6564
4.85573,15.6569,4.86796,15.6513
4.86161,15.652,4.87405,15.6461
4.86771,15.6498,4.88013,15.642
4.87371,15.6449,4.88612,15.6412
4.87993,15.6404,4.89196,15.6353
4.88604,15.6368,4.8978,15.6302
4.89216,15.6316,4.90356,15.6236
4.89817,15.6266,4.90926,15.6199
4.9041,15.6219,4.9149,15.6165
4.90998,15.6181,4.92051,15.6103
4.91583,15.6126,4.92635,15.6065
4.92163,15.6056,4.93212,15.6009
4.92743,15.6009,4.93812,15.5978
4.93317,15.5978,4.94397,15.5922
4.93884,15.5938,4.95004,15.5885
4.94439,15.5908,4.95601,15.5842
4.95017,15.5872,4.9619,15.5789
4.95619,15.5834,4.96775,15.5729
4.96212,15.577,4.97383,15.5719
4.968,15.5714,4.97974,15.5661
4.97381,15.5696,4.98587,15.5608
4.97954,15.5661,4.99194,15.555
4.98525,15.5593,4.99802,15.5529
4.99095,15.5525,5.004,15.5474
4.99659,15.5484,5.0102,15.5422
5.00217,15.5455,5.01635,15.5365
5.00771,15.5395,5.02249,15.534
5.01324,15.534,5.02854,15.5281
5.01873,15.5286,5.0348,15.5217
5.02418,15.5219,5.041,15.5147
5.02958,15.5164,5.0472,15.5101
5.03495,15.5125,5.05321,15.5029
5.04029,15.5072,5.05944,15.4941
5.04563,15.5002,5.06541,15.4866
5.05122,15.4933,5.0713,15.4811
5.05669,15.4885,5.07711,15.4735
5.06212,15.4821,5.08292,15.4656
5.06754,15.4755,5.08866,15.4601
5.07295,15.4707,5.09437,15.4528
5.07832,15.4616,5.10001,15.4448
5.08366,15.4552,5.1056,15.4372
5.08898,15.4501,5.11114,15.431
5.09429,15.4458,5.11691,15.4235
5.09957,15.4401,5.12269,15.4162
5.10483,15.431,5.1284,15.4062
5.11006,15.4224,5.13408,15.3974
5.11529,15.4157,5.13972,15.3907
5.12049,15.4095,5.14531,15.3828
5.12569,15.4018,5.15085,15.3732
5.13146,15.3943,5.15634,15.3635
5.13746,15.385,5.16237,15.3565
5.14337,15.3782,5.1683,15.3435
5.14921,15.3703,5.17415,15.3257
5.15497,15.3634,5.17993,15.3055
5.16066,15.3557,5.18564,15.2871
5.16629,15.3439,5.19158,15.2671
5.17193,15.3275,5.19753,15.2423
5.17751,15.3081,5.20347,15.2169
5.18303,15.2884,5.20933,15.1838
5.18851,15.2689,5.21519,15.1488
5.19395,15.249,5.22098,15.1111
5.19936,15.2281,5.22669,15.0676
5.20472,15.2043,5.23223,15.0185
5.21006,15.1776,5.238,14.9655
5.21538,15.1471,5.24374,14.9052
5.22068,15.1101,5.24948,14.8364
5.22597,15.0695,5.25545,14.7616
5.23151,15.0237,5.26142,14.6862
5.23706,14.9728,5.2674,14.6066
5.2426,14.9163,5.27328,14.5199
5.24902,14.854,5.27917,14.4266
5.25586,14.7846,5.28527,14.3262
5.26331,14.7076,5.29138,14.226
5.27126,14.6234,5.29749,14.1182
5.27933,14.53,5.3036,14.0045
5.28749,14.4301,5.30966,13.8836
5.29602,14.3221,5.31562,13.7603
5.30454,14.2063,5.32159,13.6269
5.31336,14.0824,5.32747,13.4927
5.3224,13.95,5.33383,13.352
5.33163,13.8088,5.3402,13.2052
5.34101,13.6589,5.347,13.0516
5.35052,13.5,5.35442,12.8903
5.36012,13.3321,5.36234,12.7206
5.36981,13.1551,5.37051,12.5423
5.37891,12.9697,5.37829,12.3572
5.38813,12.7758,5.38607,12.1646
5.39743,12.5731,5.39411,11.9639
5.40636,12.3643,5.40216,11.7553
5.41529,12.1497,5.40993,11.5417
5.42404,11.9286,5.41758,11.3228
5.43246,11.7012,5.42445,11.0974
5.44059,11.4673,5.43116,10.8675
5.44844,11.2271,5.43761,10.625
5.45551,10.9798,5.44383,10.386
5.46197,10.7215,5.44986,10.1417
5.46795,10.4627,5.4558,9.88621
5.47385,10.1995,5.46166,9.62865
5.47968,9.93001,5.46724,9.36816
5.48543,9.65389,5.47277,9.10353
5.49099,9.37191,5.47815,8.83506
5.49648,9.08511,5.4835,8.5609
5.50192,8.79421,5.48878,8.28152
5.50719,8.49956,5.49403,7.99816
5.51243,8.20102,5.49927,7.71098
5.51763,7.89836,5.50448,7.42004
5.52281,7.59187,5.50963,7.12562
5.52798,7.28155,5.51477,6.82786
5.53313,6.96769,5.51989,6.52716
5.53827,6.65052,5.52499,6.22441
5.54338,6.33081,5.53009,5.91976
5.54849,6.00921,5.53517,5.61316
5.55357,5.6857,5.54023,5.30494
5.55865,5.36045,5.54529,4.99498
5.56371,5.03371,5.55033,4.68363
5.56878,4.70526,5.55537,4.37091
5.57383,4.3735,5.5604,4.05649
5.57889,4.03873,5.56542,3.73732
5.58393,3.70411,5.57044,3.41847
5.58896,3.36932,5.57545,3.09961
5.594,3.03452,5.58046,2.78066
5.59902,2.69954,5.58547,2.46089
5.60405,2.36429,5.59048,2.13856
5.60907,2.02651,5.59548,1.81857
5.61409,1.69117,5.60049,1.50046
5.61911,1.37884,5.60549,1.20614
5.62413,1.08764,5.61049,0.931455
5.62915,0.817711,5.6155,0.675885
5.63416,0.548943,5.6205,0.409532
5.63917,0.311373,5.6255,0.280749
5.64418,0.333955,5.6305,0.293488
5.64919,0.334434,5.6355,0.291234
5.65419,0.324067,5.6405,0.28032
5.6592,0.308548,5.6455,0.265437
5.6642,0.291052,5.6505,0.248113
5.66921,0.273422,5.6555,0.230932
5.67421,0.25635,5.6605,0.214264
5.67921,0.240283,5.6655,0.198812
5.68422,0.225465,5.67051,0.184308
5.68922,0.211769,5.67551,0.171063
5.69422,0.199402,5.68051,0.158769
5.69922,0.18779,5.68551,0.148065
5.70422,0.177043,5.69051,0.138683
5.70922,0.167256,5.69551,0.128997
5.71423,0.158601,5.70051,0.121671
5.71923,0.151411,5.70551,0.11413
5.72423,0.145746,5.71051,0.110181
5.72923,0.141174,5.71551,0.104578
5.73423,0.137437,5.72051,0.101033
5.73923,0.134354,5.72551,0.0977256
5.74423,0.13179,5.73051,0.0918888
5.74923,0.12965,5.73551,0.0859845
5.75423,0.127861,5.74051,0.0830057
5.75923,0.126367,5.74551,0.0798822
5.76423,0.125128,5.75051,0.075416
5.76923,0.124108,5.75551,0.0709722
5.77423,0.122783,5.76051,0.0636446
5.77923,0.120807,5.76551,0.0596674
5.78423,0.118488,5.77051,0.0541468
5.78924,0.11584,5.77551,0.0514645
5.79424,0.108249,5.78051,0.0479344
5.79924,0.100636,5.78551,0.0440863
5.80424,0.0930402,5.79051,0.0353666
5.80924,0.0854742,5.79551,0.0294908
5.81424,0.0779399,5.80051,0.0285033
5.81924,0.0704337,5.80551,0.0267984
5.82424,0.0629508,5.81051,0.0249034
5.82924,0.0554875,5.81551,0.0218783
5.83424,0.0480406,5.82051,0.0173821
5.83924,0.0406072,5.82551,0.0146552
5.84424,0.0331856,5.83051,0.0138958
5.84924,0.0266129,5.83551,0.0116705
5.85424,0.0257985,5.84051,0.00974811
5.85924,0.0246419,5.84551,0.00602738
5.86424,0.0234176,5.85051,0.00361595
5.86924,0.0229264,5.85551,0.00285763
5.87424,0.0249229,5.86051,0.00134624
5.87924,0.0252813,5.86551,0.00347659
5.88424,0.0250332,5.87051,0.00329827
5.88924,0.023218,5.87551,0.00440247
5.89424,0.0237128,5.88051,0.00526138
5.89924,0.023813,5.88551,0.00549453
5.90424,0.0238695,5.89051,0.0058637
5.90924,0.0238729,5.89551,0.00572053
5.91424,0.0237845,5.90051,0.00570966
5.91924,0.0233263,5.90551,0.0052965
5.92424,0.0232587,5.91051,0.00618803
5.92924,0.0228288,5.91551,0.00645696
5.93424,0.0223822,5.92051,0.00591381
5.93924,0.0220007,5.92551,0.00522494
5.94424,0.0215175,5.93051,0.00434384
5.94924,0.0207646,5.93551,0.00189517
5.95424,0.0203384,5.93967,0.00632931
5.95924,0.0179188,5.94467,0.00883349
5.96424,0.017206,5.94967,0.011028
5.96924,0.0171822,5.95467,0.0121924
5.97424,0.017152,5.95967,0.0128445
5.97924,0.0170614,5.96467,0.0128217
5.98424,0.0175652,5.96967,0.0125901
5.98924,0.0177038,5.97467,0.011835
5.99424,0.0177185,5.97967,0.00992773
5.99924,0.0173429,5.98467,0.00964593
6.00424,0.0182334,5.98967,0.00939307
6.00924,0.0198576,5.99467,0.0091186
6.01424,0.0219902,5.99967,0.00793594
6.01924,0.0238486,6.00467,0.00958398
6.02424,0.0252408,6.00967,0.011459
6.02924,0.0267273,6.01467,0.014014
6.03424,0.0283561,6.01967,0.0157354
6.03951,0.0299603,6.02467,0.0175984
6.04476,0.0318047,6.02967,0.0191286
6.05026,0.0337922,6.03467,0.0207347
6.05601,0.0357125,6.03994,0.022343
6.06148,0.0378869,6.04547,0.0239991
6.06679,0.0367759,6.051,0.0258355
6.07209,0.0354266,6.05652,0.0278273
6.07736,0.0344589,6.06205,0.0299315
6.08263,0.033644,6.06758,0.0280199
6.0879,0.0330127,6.07334,0.0260579
6.09343,0.0322192,6.07934,0.024149
6.09896,0.0317079,6.08581,0.0220161
6.10446,0.0313395,6.0927,0.0197788
6.10994,0.0311426,6.09995,0.0175149
6.11537,0.0310672,6.10735,0.0154732
6.12081,0.0311537,6.11464,0.0138942
6.12621,0.0310894,6.12174,0.0128255
6.13161,0.0311638,6.12898,0.0118023
6.13697,0.0313943,6.13638,0.0108207
6.14229,0.0316898,6.14392,0.0097124
6.14761,0.0317532,6.15134,0.00785204
6.15293,0.0326014,6.15855,0.00742431
6.15823,0.033706,6.16609,0.00763304
6.16349,0.0343787,6.17376,0.00899214
6.16901,0.0351931,6.1812,0.00928156
6.17478,0.0358058,6.18842,0.00836511
6.18048,0.0376646,6.19524,0.00963819
6.18611,0.0375616,6.2019,0.0119855
6.1917,0.0371523,6.20842,0.0145214
6.19713,0.0374537,6.2148,0.0151997
6.20248,0.0391859,6.22106,0.0163403
6.20781,0.0399295,6.22709,0.0187427
6.2131,0.0421401,6.233,0.0218716
6.21836,0.0420746,6.23882,0.0234664
6.2236,0.0445373,6.24457,0.0254494
6.22881,0.0457384,6.25026,0.0273145
6.234,0.0473797,6.25589,0.0289093
6.23917,0.0499223,6.26144,0.0275851
6.24433,0.0516916,6.26694,0.0236791
6.24948,0.0542772,6.2724,0.0206491
6.25461,0.0556301,6.27782,0.018067
6.25973,0.0533543,6.28319,0.0163652
6.26484,0.050296,6.2885,0.0173732
6.26994,0.0475097,6.29374,0.0171244
6.27503,0.0448534,6.29895,0.0178701
6.28011,0.0426397,6.30414,0.0199416
6.28518,0.0404839,6.30931,0.0201163
6.29025,0.0390734,6.31445,0.0200116
6.2953,0.0379248,6.31959,0.0214299
6.30035,0.036719,6.32467,0.0215039
6.30539,0.0361659,6.32889,0.0227104
6.31043,0.0350765,6.33389,0.0239237
6.31547,0.0350245,6.33889,0.0234711
6.32049,0.0343008,6.34389,0.0227364
6.32551,0.0338115,6.34889,0.023624
6.33054,0.0347654,6.35389,0.0231668
6.33555,0.0338959,6.35889,0.0223855
6.34056,0.0334319,6.36389,0.0232716
6.34557,0.0343111,6.36889,0.0225511
6.35057,0.0339084,6.37389,0.0216421
6.35557,0.033085,6.37889,0.0222672
6.36057,0.0345085,6.38389,0.0215785
6.36558,0.0339123,6.38889,0.0205396
6.37058,0.0335092,6.39389,0.0210878
6.37558,0.0343107,6.39889,0.0201421
6.38058,0.0340472,6.40389,0.0189591
6.38558,0.0330606,6.40889,0.0190892
6.39058,0.03404,6.41389,0.0170884
6.39558,0.0331968,6.41889,0.0153547
6.40058,0.0324069,6.42389,0.0155444
6.40558,0.0328273,6.42889,0.0154289
6.41058,0.0313275,6.43389,0.0160087
6.41558,0.0291596,6.43889,0.0162432
6.41975,0.031069,6.44389,0.0170253
6.42475,0.0302477,6.44889,0.0173576
6.42975,0.0305519,6.45389,0.0181713
6.43475,0.0305871,6.45889,0.0184981
6.43975,0.0313752,6.46389,0.0192693
6.44475,0.0318396,6.46889,0.0195494
6.44975,0.0329364,6.47389,0.0202505
6.45475,0.0335978,6.47889,0.02044
6.45975,0.0348094,6.48389,0.0210349
6.46475,0.0355422,6.48889,0.0211335
6.46975,0.0367753,6.49389,0.0216202
6.47475,0.0374887,6.49889,0.0215982
6.47975,0.038667,6.50389,0.021948
6.48475,0.0393199,6.50889,0.0217971
6.48975,0.0404094,6.51389,0.0220059
6.49475,0.040963,6.51889,0.0217188
6.49975,0.0419274,6.52389,0.0217787
6.50475,0.0423483,6.52889,0.0213475
6.50975,0.0431558,6.53389,0.0212507
6.51475,0.0434146,6.53889,0.0187973
6.51975,0.0440375,6.54389,0.0155053
6.52475,0.0441087,6.54889,0.0118963
6.52975,0.0445285,6.55389,0.00874522
6.53475,0.0443865,6.55889,0.00453365
6.53975,0.0420132,6.56389,0
6.54475,0.0382702,6.56889,0
6.54975,0.0347666,6.57389,0
6.55475,0.0307026,6.57889,0
6.55975,0.0269519,6.58389,0
6.56475,0.0226502,6.58889,0
6.56975,0.0186107,6.59389,0
6.57475,0.0143689,6.59889,0
6.57975,0.0107504,6.60389,0
6.58475,0.00725143,6.60889,0
6.58975,0.00452234,6.61389,0
6.59475,0,6.61889,0
6.60002,0,6.62389,0
6.60527,0.000664857,6.62916,0.0127221
6.61049,0,6.6344,0.0390437
6.61567,0,6.63962,0.0774127
6.6208,0,6.64482,0.12695
6.62592,0.00547181,6.65,0.186515
6.63103,0.025153,6.65516,0.252726
6.63612,0.0641062,6.66031,0.325749
6.64119,0.108888,6.66545,0.408228
6.64625,0.166933,6.67057,0.499807
6.65129,0.231553,6.67568,0.597457
6.65633,0.303856,6.68078,0.700904
6.66136,0.381934,6.68586,0.810939
6.66639,0.470223,6.69095,0.92981
6.67141,0.56406,6.69602,1.05455
6.67642,0.666313,6.70109,1.18526
6.68144,0.772352,6.70615,1.32334
6.68645,0.886797,6.7112,1.46489
6.69146,1.00681,6.71625,1.61679
6.69647,1.1351,6.7213,1.77112
6.70148,1.26849,6.72634,1.93546
6.70649,1.40766,6.73138,2.10328
6.7115,1.55145,6.73641,2.26946
6.71651,1.70414,6.74144,2.4397
6.72151,1.86003,6.74647,2.6183
6.72652,2.02461,6.7515,2.80576
6.73152,2.19278,6.75652,2.99923
6.73653,2.35948,6.76154,3.19706
6.74153,2.53018,6.76754,3.38934
6.74681,2.70757,6.77345,3.59011
6.75206,2.89309,6.77957,3.78832
6.75729,3.08511,6.7857,3.98652
6.7625,3.28141,6.79183,4.18815
6.7677,3.48225,6.79791,4.39206
6.7729,3.67812,6.80445,4.59319
6.77806,3.87909,6.81099,4.79383
6.78322,4.08093,6.81745,4.99402
6.78837,4.28351,6.82392,5.19279
6.79352,4.48603,6.83032,5.39033
6.79867,4.68797,6.83665,5.58628
6.8038,4.88843,6.84293,5.78035
6.80893,5.08633,6.84914,5.96828
6.81406,5.2816,6.85535,6.15054
6.81918,5.47414,6.86151,6.32594
6.82429,5.6639,6.86761,6.43746
6.8294,5.85082,6.87371,6.47702
6.8345,6.03416,6.87982,6.48105
6.8396,6.20888,6.88592,6.46161
6.84469,6.38635,6.89223,6.42404
6.84979,6.54108,6.89928,6.36717
6.85488,6.60984,6.90692,6.29617
6.85997,6.63515,6.91504,6.21472
6.86507,6.63371,6.92353,6.1254
6.87016,6.61419,6.93232,6.03005
6.87583,6.57665,6.94135,5.92998
6.88235,6.52098,6.95058,5.78827
6.88956,6.45177,6.95996,5.61647
6.89733,6.37242,6.96934,5.43856
6.90555,6.28539,6.9773,5.28568
6.91412,6.19243,6.98456,5.14245
6.92298,6.09481,6.99125,5.01015
6.93207,5.99345,6.99763,4.88071
6.94134,5.889,7,4.8301
6.95076,5.74289,,
6.96029,5.56727,,
6.96982,5.38611,,
6.97803,5.22818,,
6.98564,5.0778,,
6.99259,4.94017,,
6.99937,4.80273,,
7,4.78597,,
