x,N145,N1207,N2125,x,N145,N1207,N2125,x,N145,N1207,N2125
0,0,0,0,0,0,0,0,0,0,0,0
0.01,-0.000400251,-0.000881164,-0.00104404,0.01,-0.000398687,-0.000879372,-0.00104577,0.01,-0.000478582,-0.000896159,-0.00104005
0.0193853,-0.000905277,-0.00196279,-0.00226898,0.0193853,-0.000900941,-0.00195907,-0.00226999,0.0193853,-0.00110631,-0.00196905,-0.0022789
0.0282314,-0.00145339,-0.00310197,-0.00353401,0.0282314,-0.00144567,-0.00309663,-0.00353315,0.0282314,-0.00180232,-0.00307602,-0.00355716
0.0366047,-0.00201829,-0.00424338,-0.00479129,0.0366047,-0.00200682,-0.00423689,-0.00478846,0.0366047,-0.00253065,-0.00416787,-0.00482374
0.0445633,-0.00258439,-0.00535925,-0.00601465,0.0445633,-0.00256894,-0.00535205,-0.00601026,0.0445633,-0.00326953,-0.00522286,-0.00605376
0.0521582,-0.00314377,-0.00643862,-0.0071948,0.0521582,-0.00312421,-0.00643114,-0.00718943,0.0521582,-0.00400701,-0.00623476,-0.00723962
0.059434,-0.00369209,-0.00747735,-0.00832845,0.059434,-0.00366835,-0.00746996,-0.00832265,0.059434,-0.0047365,-0.00720333,-0.00837932
0.0663574,-0.00409804,-0.00822088,-0.00915308,0.0663574,-0.00407072,-0.00821455,-0.00914642,0.0662922,-0.00529362,-0.00786057,-0.00920704
0.0734473,-0.00453079,-0.00901163,-0.0100375,0.0734473,-0.00449963,-0.00900657,-0.0100314,0.0733204,-0.00588366,-0.00857169,-0.0100823
0.0808806,-0.00500582,-0.00987932,-0.0110089,0.0808806,-0.00497049,-0.00987569,-0.0110045,0.0805093,-0.00651717,-0.00935133,-0.0110307
0.0886169,-0.00551853,-0.0108111,-0.0120478,0.0886169,-0.0054787,-0.0108091,-0.0120453,0.08803,-0.00720277,-0.0101966,-0.012054
0.0966204,-0.00606534,-0.0117976,-0.0131441,0.0966204,-0.00602068,-0.0117974,-0.0131433,0.0958433,-0.00793602,-0.0110959,-0.013139
0.10486,-0.00664304,-0.0128307,-0.0142904,0.10486,-0.00659324,-0.0128325,-0.0142908,0.103915,-0.00871415,-0.012043,-0.0142789
0.113307,-0.00724861,-0.0139032,-0.0154797,0.113307,-0.00719336,-0.0139074,-0.0154808,0.112214,-0.00953392,-0.0130315,-0.015466
0.121937,-0.0078794,-0.0150092,-0.0167061,0.121937,-0.00781841,-0.0150159,-0.0167075,0.120714,-0.0103923,-0.0140563,-0.0166941
0.130729,-0.00853308,-0.0161436,-0.0179646,0.130729,-0.00846606,-0.016153,-0.017966,0.129391,-0.0112865,-0.0151132,-0.0179576
0.139663,-0.00920752,-0.017302,-0.0192508,0.139663,-0.0091342,-0.0173144,-0.0192519,0.138224,-0.0122138,-0.0161985,-0.0192519
0.148724,-0.00990081,-0.0184806,-0.0205608,0.148724,-0.00982095,-0.0184961,-0.0205615,0.147195,-0.013172,-0.0173092,-0.020573
0.157895,-0.0106113,-0.0196761,-0.0218915,0.157895,-0.0105246,-0.0196951,-0.0218914,0.156287,-0.0141585,-0.0184425,-0.0219172
0.167164,-0.0113376,-0.0208863,-0.0232403,0.167164,-0.0112439,-0.0209089,-0.0232393,0.165486,-0.0151713,-0.0195962,-0.0232813
0.176473,-0.0120757,-0.022105,-0.0246015,0.176473,-0.0119746,-0.0221305,-0.024598,0.17478,-0.0162088,-0.0207684,-0.0246633
0.185863,-0.0128265,-0.0233321,-0.0259719,0.185819,-0.0127157,-0.0233585,-0.0259651,0.184112,-0.0172651,-0.021954,-0.0260549
0.195286,-0.0135872,-0.0245644,-0.0273513,0.1952,-0.0134664,-0.0245912,-0.0273389,0.193481,-0.018339,-0.0231515,-0.0274562
0.20474,-0.0143569,-0.0258006,-0.0287371,0.204615,-0.014226,-0.0258276,-0.0287186,0.202883,-0.0194294,-0.0243592,-0.0288636
0.214195,-0.0151332,-0.0270369,-0.0301251,0.21403,-0.0149914,-0.0270635,-0.0301002,0.212318,-0.0205351,-0.0255769,-0.030278
0.223649,-0.0159145,-0.0282712,-0.0315133,0.223444,-0.0157634,-0.0282997,-0.0314836,0.221783,-0.0216549,-0.0268027,-0.0316954
0.233133,-0.0167037,-0.0295066,-0.032904,0.232654,-0.0165268,-0.0295145,-0.0328432,0.231277,-0.0227883,-0.0280363,-0.0331164
0.242617,-0.0174972,-0.0307396,-0.0342943,0.241496,-0.0172726,-0.0306961,-0.0341639,0.240772,-0.023931,-0.0292744,-0.0345367
0.252101,-0.0182963,-0.0319726,-0.0356883,0.250339,-0.0180242,-0.031877,-0.0354891,0.250266,-0.0250862,-0.0305221,-0.0359641
0.261376,-0.0190847,-0.0331815,-0.0370547,0.258847,-0.0187538,-0.0330161,-0.0367644,0.259369,-0.0262095,-0.031736,-0.0373425
0.270279,-0.0198538,-0.0343563,-0.0383805,0.267049,-0.0194663,-0.0341226,-0.038003,0.267967,-0.0272937,-0.0329092,-0.0386629
0.279182,-0.0206289,-0.0355323,-0.0397125,0.274972,-0.0201606,-0.035194,-0.0391992,0.275905,-0.0283185,-0.0340201,-0.039901
0.287744,-0.0213793,-0.0366639,-0.0409922,0.282895,-0.0208563,-0.0362596,-0.0403971,0.283706,-0.0293364,-0.0351167,-0.0411266
0.295996,-0.0221108,-0.0377611,-0.0422298,0.290282,-0.0215118,-0.0372598,-0.0415158,0.291074,-0.0303076,-0.0361589,-0.0422887
0.303849,-0.0228153,-0.038814,-0.0434148,0.297461,-0.0221525,-0.0382299,-0.0426009,0.29815,-0.0312497,-0.0371653,-0.0434097
0.311178,-0.0234833,-0.0398083,-0.0445291,0.30445,-0.0227803,-0.0391768,-0.0436618,0.304845,-0.0321503,-0.038124,-0.0444731
0.318019,-0.0241169,-0.0407493,-0.0455846,0.311266,-0.0233929,-0.0400952,-0.0446916,0.311393,-0.0330353,-0.039062,-0.045518
0.3247,-0.0247382,-0.041665,-0.0466158,0.317858,-0.0239881,-0.0409836,-0.0456882,0.317701,-0.0338901,-0.0399629,-0.0465153
0.330989,-0.0253274,-0.0425298,-0.0475876,0.324204,-0.0245642,-0.0418402,-0.0466505,0.323895,-0.03473,-0.0408431,-0.0474901
0.33712,-0.0259023,-0.0433685,-0.0485316,0.330384,-0.0251265,-0.0426723,-0.0475873,0.329904,-0.0355463,-0.0416957,-0.0484315
0.343075,-0.0264598,-0.0441766,-0.0494416,0.336318,-0.0256688,-0.0434717,-0.048487,0.335757,-0.0363425,-0.0425248,-0.0493456
0.348856,-0.0270005,-0.0449559,-0.0503205,0.342106,-0.0261982,-0.044248,-0.0493608,0.341505,-0.0371242,-0.0433362,-0.0502381
0.354515,-0.0275285,-0.045713,-0.0511757,0.347826,-0.0267196,-0.0450087,-0.0502171,0.347137,-0.0378905,-0.0441297,-0.0511096
0.360093,-0.0280466,-0.0464511,-0.0520096,0.353458,-0.0272316,-0.0457522,-0.0510586,0.352637,-0.0386398,-0.0449044,-0.0519582
0.365565,-0.0285536,-0.0471708,-0.0528257,0.358942,-0.0277308,-0.0464746,-0.0518769,0.358,-0.0393714,-0.04566,-0.0527836
0.37098,-0.0290534,-0.047877,-0.0536278,0.364351,-0.0282223,-0.0471831,-0.0526797,0.363296,-0.0400938,-0.0464044,-0.0535952
0.376343,-0.0295468,-0.0485714,-0.0544199,0.369648,-0.0287034,-0.0478742,-0.0534644,0.368546,-0.040809,-0.04714,-0.0543969
0.381606,-0.0300305,-0.04925,-0.0551945,0.374909,-0.0291801,-0.0485566,-0.0542397,0.373758,-0.0415176,-0.0478669,-0.0551887
0.386829,-0.0305094,-0.0499198,-0.05596,0.380103,-0.0296499,-0.0492266,-0.0550032,0.37893,-0.0422202,-0.0485869,-0.0559712
0.392011,-0.0309835,-0.0505805,-0.0567166,0.385256,-0.030115,-0.0498878,-0.055757,0.384071,-0.0429182,-0.0493018,-0.0567471
0.397165,-0.0314539,-0.0512343,-0.0574665,0.390382,-0.0305767,-0.0505421,-0.0565043,0.389186,-0.043612,-0.0500114,-0.057515
0.402295,-0.0319212,-0.0518818,-0.0582105,0.395458,-0.0310334,-0.0511878,-0.0572433,0.394275,-0.0443023,-0.0507173,-0.0582772
0.407408,-0.0323861,-0.0525244,-0.0589508,0.40052,-0.0314879,-0.0518282,-0.0579771,0.399347,-0.0449903,-0.0514209,-0.0590386
0.412508,-0.032849,-0.0531623,-0.0596853,0.405566,-0.0319402,-0.0524636,-0.0587055,0.404404,-0.0456762,-0.0521218,-0.0597915
0.417596,-0.03331,-0.0537959,-0.0604166,0.410601,-0.0323909,-0.0530951,-0.059432,0.409447,-0.0463601,-0.0528202,-0.0605409
0.422673,-0.0337696,-0.0544263,-0.0611456,0.415625,-0.0328396,-0.0537218,-0.0601506,0.414483,-0.0470431,-0.0535173,-0.0612862
0.427736,-0.0342278,-0.0550536,-0.0618712,0.420638,-0.0332875,-0.0543468,-0.0608703,0.419511,-0.0477255,-0.054214,-0.0620329
0.43278,-0.0346838,-0.0556761,-0.0625906,0.425648,-0.0337345,-0.0549683,-0.0615853,0.424534,-0.0484072,-0.0549097,-0.0627749
0.437813,-0.0351389,-0.0562959,-0.0633061,0.430655,-0.0341813,-0.0555893,-0.0623033,0.429552,-0.0490888,-0.0556054,-0.0635154
0.442839,-0.0355933,-0.0569138,-0.0640229,0.43566,-0.0346272,-0.0562065,-0.0630142,0.434567,-0.0497704,-0.0563008,-0.0642538
0.447861,-0.0360471,-0.0575299,-0.0647378,0.440665,-0.0350731,-0.056823,-0.0637256,0.439578,-0.0504517,-0.0569957,-0.0649899
0.452875,-0.0365,-0.0581431,-0.06545,0.445667,-0.0355186,-0.0574376,-0.0644364,0.444586,-0.0511334,-0.0576912,-0.0657256
0.457887,-0.0369527,-0.058755,-0.0661605,0.450669,-0.0359641,-0.0580508,-0.0651462,0.449592,-0.0518155,-0.0583867,-0.0664592
0.462895,-0.0374049,-0.0593648,-0.0668695,0.455671,-0.0364095,-0.0586628,-0.0658548,0.454596,-0.0524979,-0.0590826,-0.0671923
0.467901,-0.0378571,-0.0599738,-0.0675782,0.460672,-0.0368548,-0.0592734,-0.0665611,0.459599,-0.0531806,-0.0597785,-0.0679236
0.472906,-0.038309,-0.0605805,-0.0682845,0.465673,-0.0373002,-0.0598827,-0.0672664,0.464602,-0.0538645,-0.0604753,-0.0686543
0.47791,-0.0387608,-0.0611858,-0.0689896,0.470673,-0.0377456,-0.060491,-0.0679706,0.469604,-0.0545487,-0.061172,-0.069385
0.482913,-0.039213,-0.0617922,-0.0696967,0.475674,-0.0381912,-0.0610985,-0.0686744,0.474605,-0.0552331,-0.0618685,-0.0701119
0.487916,-0.0396647,-0.0623952,-0.0703991,0.480674,-0.0386369,-0.0617051,-0.0693781,0.479606,-0.0559184,-0.0625653,-0.070839
0.492918,-0.0401167,-0.0629979,-0.0711021,0.485674,-0.0390827,-0.0623106,-0.0700809,0.484606,-0.0566044,-0.0632631,-0.0715659
0.497919,-0.040569,-0.0635998,-0.0718037,0.490674,-0.0395284,-0.0629146,-0.0707813,0.489607,-0.0572912,-0.0639612,-0.0722913
0.50292,-0.0410207,-0.0642,-0.0725067,0.495675,-0.0399745,-0.0635183,-0.0714815,0.494607,-0.0579788,-0.0646602,-0.0730165
0.507921,-0.0414729,-0.0647997,-0.0732097,0.500675,-0.0404204,-0.0641198,-0.0721787,0.499608,-0.0586672,-0.0653596,-0.0737405
0.512921,-0.0419244,-0.0653959,-0.0739044,0.505675,-0.0408664,-0.0647207,-0.0728793,0.504608,-0.0593563,-0.0660594,-0.0744642
0.517921,-0.0423765,-0.0659931,-0.0746014,0.510675,-0.0413127,-0.0653212,-0.0735777,0.509608,-0.0600461,-0.0667597,-0.075188
0.522922,-0.0428286,-0.0665893,-0.0752976,0.515675,-0.0417593,-0.0659203,-0.0742747,0.514608,-0.0607366,-0.0674604,-0.0759098
0.527922,-0.0432809,-0.0671842,-0.0759913,0.520675,-0.0422059,-0.0665189,-0.0749696,0.519608,-0.061428,-0.0681617,-0.0766344
0.532922,-0.0437335,-0.0677795,-0.0766866,0.525675,-0.0426524,-0.067116,-0.0756653,0.524608,-0.0621185,-0.0688594,-0.0773493
0.537922,-0.0441861,-0.0683731,-0.0773802,0.530675,-0.0430994,-0.0677131,-0.076362,0.529608,-0.0628105,-0.0695602,-0.0780687
0.542922,-0.0446389,-0.068966,-0.0780738,0.535675,-0.0435465,-0.0683095,-0.0770578,0.534608,-0.0635039,-0.070262,-0.0787882
0.547922,-0.045092,-0.0695583,-0.0787664,0.540675,-0.0439938,-0.0689051,-0.0777528,0.539608,-0.0641974,-0.0709622,-0.0795011
0.552923,-0.0455449,-0.070149,-0.0794567,0.545675,-0.0444412,-0.0694995,-0.0784463,0.544608,-0.064892,-0.0716648,-0.0802199
0.557923,-0.0459982,-0.0707398,-0.0801483,0.550675,-0.044889,-0.0700942,-0.0791428,0.549608,-0.0655875,-0.0723679,-0.0809379
0.562923,-0.0464514,-0.0713291,-0.0808379,0.555675,-0.0453362,-0.0706853,-0.0798307,0.554608,-0.0662836,-0.0730712,-0.0816558
0.567923,-0.0469047,-0.0719171,-0.0815262,0.560675,-0.0457838,-0.0712764,-0.0805183,0.559608,-0.0669798,-0.0737739,-0.0823717
0.572923,-0.0473585,-0.0725058,-0.0822165,0.565675,-0.0462321,-0.0718723,-0.081212,0.564608,-0.0676774,-0.0744785,-0.0830896
0.577923,-0.0478123,-0.0730932,-0.082905,0.570675,-0.0466797,-0.0724611,-0.0818976,0.569608,-0.0683751,-0.0751824,-0.0838072
0.582923,-0.0482658,-0.0736789,-0.0835911,0.575675,-0.0471274,-0.0730496,-0.0825857,0.574608,-0.0690735,-0.075886,-0.0845213
0.587923,-0.0487193,-0.0742634,-0.0842746,0.580675,-0.0475753,-0.073637,-0.0832718,0.579608,-0.0697726,-0.0765897,-0.0852346
0.592923,-0.0491734,-0.0748487,-0.0849611,0.585675,-0.0480233,-0.0742242,-0.0839579,0.584608,-0.0704723,-0.0772943,-0.0859489
0.597923,-0.0496272,-0.0754318,-0.0856451,0.590675,-0.0484714,-0.0748102,-0.0846427,0.589608,-0.0711726,-0.0779995,-0.0866592
0.602923,-0.050081,-0.0760143,-0.0863273,0.595675,-0.0489196,-0.0753949,-0.0853245,0.594608,-0.0718732,-0.0787034,-0.0873691
0.607923,-0.0505352,-0.0765973,-0.0870129,0.600675,-0.0493677,-0.0759787,-0.0860068,0.599608,-0.0725746,-0.0794081,-0.0880815
0.612923,-0.0509894,-0.0771782,-0.0876933,0.605675,-0.0498168,-0.0765639,-0.0866912,0.604608,-0.0732778,-0.0801215,-0.0887976
0.617923,-0.0514437,-0.0777568,-0.0883742,0.610675,-0.0502652,-0.0771469,-0.0873729,0.609608,-0.0739801,-0.0808266,-0.0895113
0.622923,-0.0518979,-0.0783365,-0.0890569,0.615675,-0.0507142,-0.0777303,-0.088059,0.614608,-0.0746828,-0.0815312,-0.0902192
0.627923,-0.0523523,-0.0789151,-0.0897362,0.620675,-0.051161,-0.0783053,-0.0887283,0.619608,-0.0753871,-0.0822461,-0.0909338
0.632923,-0.0528063,-0.079492,-0.0904134,0.625675,-0.0516111,-0.0788887,-0.0894109,0.624608,-0.0760908,-0.082951,-0.091639
0.637923,-0.0532609,-0.0800693,-0.0910917,0.630675,-0.0520596,-0.0794675,-0.0900823,0.629608,-0.0767955,-0.0836567,-0.0923474
0.642923,-0.0537153,-0.080645,-0.0917667,0.635675,-0.0525082,-0.0800456,-0.0907591,0.634608,-0.0774995,-0.0843601,-0.093049
0.647923,-0.0541699,-0.0812203,-0.0924413,0.640675,-0.0529569,-0.0806231,-0.0914355,0.639608,-0.0782051,-0.0850659,-0.0937556
0.652923,-0.0546243,-0.0817944,-0.0931159,0.645675,-0.0534056,-0.0811996,-0.0921111,0.644608,-0.0789123,-0.0857802,-0.0944651
0.657923,-0.0550788,-0.0823674,-0.0937879,0.650675,-0.0538542,-0.0817747,-0.0927845,0.649608,-0.0796187,-0.0864859,-0.0951678
0.662923,-0.0555338,-0.0829415,-0.0944637,0.655675,-0.0543031,-0.0823496,-0.0934583,0.654608,-0.0803261,-0.0871926,-0.095871
0.667923,-0.0559887,-0.0835142,-0.0951403,0.660675,-0.0547505,-0.0829207,-0.0941259,0.659608,-0.0810339,-0.0878999,-0.0965758
0.672923,-0.0564437,-0.0840861,-0.0958103,0.665675,-0.0551995,-0.083494,-0.0947979,0.664608,-0.0817422,-0.0886073,-0.0972812
0.677923,-0.0568986,-0.0846573,-0.0964837,0.670675,-0.0556483,-0.0840664,-0.0954692,0.669608,-0.0824502,-0.0893118,-0.0979832
0.682923,-0.0573527,-0.085224,-0.0971448,0.675675,-0.0560973,-0.0846376,-0.0961386,0.674608,-0.0831711,-0.090045,-0.0987335
0.687923,-0.0578079,-0.0857943,-0.0978161,0.680675,-0.0565463,-0.0852078,-0.09681,0.678775,-0.083783,-0.0906747,-0.0993659
0.692923,-0.0582627,-0.0863628,-0.0984847,0.685675,-0.0569951,-0.0857774,-0.0974768,0.679608,-0.0839809,-0.0909607,-0.0996309
0.697923,-0.0587175,-0.0869303,-0.0991519,0.690675,-0.0574442,-0.086347,-0.0981443,0.684608,-0.0847687,-0.0917889,-0.100555
0.702923,-0.0591729,-0.0874986,-0.0998216,0.695675,-0.0578934,-0.0869157,-0.0988094,0.689608,-0.0854577,-0.0924357,-0.10114
0.707923,-0.0596275,-0.0880632,-0.100485,0.700675,-0.0583421,-0.0874832,-0.0994747,0.694608,-0.0861506,-0.0930896,-0.101784
0.712923,-0.0600823,-0.0886279,-0.101155,0.705675,-0.0587913,-0.0880506,-0.100141,0.699608,-0.0868479,-0.0937612,-0.102434
0.717923,-0.0605373,-0.0891931,-0.10182,0.709841,-0.0591802,-0.0885569,-0.100738,0.704608,-0.0875453,-0.0944374,-0.103098
0.722923,-0.0609918,-0.0897559,-0.102483,0.714841,-0.0596383,-0.0891429,-0.101439,0.709608,-0.0882461,-0.0951236,-0.103776
0.727923,-0.0614468,-0.0903191,-0.103157,0.719008,-0.0600222,-0.0896339,-0.102007,0.714608,-0.0889525,-0.0958309,-0.104531
0.732923,-0.0619027,-0.0908833,-0.10382,0.724008,-0.0604754,-0.0902051,-0.102688,0.719608,-0.0896534,-0.0965257,-0.105208
0.737923,-0.0623577,-0.091446,-0.104481,0.729008,-0.0609188,-0.0907538,-0.103331,0.724879,-0.0903969,-0.0972582,-0.105932
0.742923,-0.0628118,-0.0920032,-0.105133,0.733175,-0.0613016,-0.0912404,-0.103898,0.729996,-0.091118,-0.0979701,-0.106634
0.747923,-0.0632669,-0.0925641,-0.105794,0.738175,-0.0617538,-0.0918083,-0.104573,0.735062,-0.0918372,-0.0986822,-0.107329
0.752923,-0.0637213,-0.0931222,-0.106451,0.742342,-0.0621346,-0.0922887,-0.105131,0.74011,-0.0925559,-0.0993969,-0.108031
0.757923,-0.064176,-0.09368,-0.107107,0.747342,-0.0625819,-0.0928429,-0.105786,0.745142,-0.093273,-0.10011,-0.108731
0.762923,-0.0646307,-0.0942376,-0.107764,0.751508,-0.0629617,-0.0933212,-0.106341,0.750163,-0.0939904,-0.100823,-0.109428
0.767923,-0.0650856,-0.0947953,-0.10842,0.756508,-0.063412,-0.0938794,-0.107003,0.755179,-0.0947079,-0.101535,-0.110125
0.772923,-0.0655405,-0.0953513,-0.109074,0.761508,-0.0638528,-0.0944204,-0.107642,0.760193,-0.0954258,-0.102248,-0.110821
0.777923,-0.0659954,-0.0959073,-0.109729,0.765675,-0.064234,-0.0949017,-0.108194,0.765203,-0.0961436,-0.10296,-0.111515
0.782923,-0.06645,-0.0964614,-0.110389,0.770675,-0.0646847,-0.0954604,-0.108863,0.770209,-0.096862,-0.103672,-0.112212
0.787923,-0.0669043,-0.0970144,-0.111038,0.775675,-0.0651255,-0.0959984,-0.109495,0.775214,-0.0975807,-0.104385,-0.112906
0.792923,-0.0673591,-0.0975683,-0.111691,0.780675,-0.0655683,-0.0965396,-0.110127,0.780218,-0.0983003,-0.105098,-0.113604
0.797923,-0.0678133,-0.09812,-0.11234,0.785675,-0.0660123,-0.0970846,-0.110774,0.785219,-0.0990193,-0.10581,-0.114298
0.802923,-0.0682683,-0.0986725,-0.11299,0.790675,-0.0664567,-0.09763,-0.111421,0.79022,-0.0997393,-0.106522,-0.114993
0.807923,-0.0687225,-0.0992228,-0.113637,0.795675,-0.0669023,-0.0981779,-0.112064,0.795221,-0.100459,-0.107234,-0.115685
0.812923,-0.0691769,-0.0997735,-0.114285,0.800675,-0.0673476,-0.0987237,-0.112704,0.800221,-0.101179,-0.107947,-0.116381
0.817923,-0.0696312,-0.100323,-0.114931,0.805675,-0.067794,-0.0992711,-0.113343,0.805222,-0.1019,-0.108658,-0.117082
0.822923,-0.0700856,-0.100872,-0.115579,0.810675,-0.0682407,-0.0998187,-0.113985,0.810222,-0.102621,-0.109371,-0.117774
0.827923,-0.0705403,-0.101421,-0.116224,0.815675,-0.0686879,-0.100367,-0.114627,0.815222,-0.103342,-0.110082,-0.11847
0.832923,-0.0709949,-0.10197,-0.116869,0.820675,-0.0691353,-0.100914,-0.115267,0.820222,-0.104063,-0.110794,-0.119159
0.837923,-0.0714491,-0.102516,-0.117513,0.825675,-0.0695828,-0.101461,-0.115907,0.825222,-0.104785,-0.111507,-0.11985
0.842923,-0.0719035,-0.103063,-0.118155,0.830675,-0.0700304,-0.102008,-0.116546,0.830222,-0.105507,-0.112221,-0.120542
0.847923,-0.0723576,-0.103609,-0.118798,0.835675,-0.0704778,-0.102554,-0.117184,0.835222,-0.10623,-0.112935,-0.121232
0.852923,-0.0728084,-0.104146,-0.119425,0.840675,-0.0709255,-0.103099,-0.117824,0.840222,-0.106953,-0.113648,-0.121921
0.857923,-0.0732621,-0.10469,-0.120066,0.845675,-0.0713733,-0.103645,-0.118463,0.845222,-0.107676,-0.11436,-0.122621
0.862923,-0.0737162,-0.105234,-0.120707,0.850675,-0.0718209,-0.104189,-0.119099,0.850222,-0.108401,-0.115078,-0.12332
0.867923,-0.0741699,-0.105776,-0.121344,0.855675,-0.0722681,-0.104731,-0.119736,0.855222,-0.109126,-0.115793,-0.124011
0.872923,-0.074624,-0.106319,-0.121984,0.860675,-0.0727161,-0.105274,-0.120373,0.860222,-0.109851,-0.116508,-0.124706
0.877923,-0.0750779,-0.106861,-0.12262,0.865675,-0.0731642,-0.105818,-0.121009,0.865222,-0.110576,-0.117222,-0.12539
0.882923,-0.0755319,-0.107403,-0.123259,0.870675,-0.0736118,-0.106359,-0.121643,0.870222,-0.111303,-0.117941,-0.12609
0.887923,-0.0759856,-0.107943,-0.123894,0.875675,-0.0740594,-0.106901,-0.122279,0.875222,-0.112028,-0.118655,-0.126777
0.892923,-0.0764394,-0.108483,-0.12453,0.880675,-0.0745071,-0.107441,-0.122912,0.880222,-0.112705,-0.119269,-0.127254
0.897923,-0.0768932,-0.109023,-0.125165,0.885675,-0.0749545,-0.107981,-0.123544,0.885222,-0.113484,-0.120117,-0.128233
0.902923,-0.0773467,-0.109561,-0.125799,0.890675,-0.0754022,-0.10852,-0.124177,0.890222,-0.114214,-0.120831,-0.128919
0.907923,-0.0778002,-0.110099,-0.126432,0.895675,-0.0758499,-0.10906,-0.124812,0.895222,-0.114944,-0.121546,-0.129609
0.912923,-0.0782535,-0.110636,-0.127064,0.900675,-0.0762978,-0.1096,-0.125449,0.900222,-0.115673,-0.122262,-0.130298
0.917923,-0.0787068,-0.111173,-0.127696,0.905675,-0.076745,-0.110137,-0.12608,0.905222,-0.116403,-0.122978,-0.130989
0.922923,-0.07916,-0.111709,-0.128328,0.910675,-0.0771957,-0.110679,-0.126714,0.910222,-0.117132,-0.123694,-0.131678
0.927923,-0.0796132,-0.112244,-0.128959,0.915675,-0.0776442,-0.111226,-0.127358,0.915222,-0.117862,-0.12441,-1.32E-01
0.932923,-0.0800662,-0.112779,-0.129588,0.920675,-0.0780912,-0.111761,-0.12799,0.920222,-0.118592,-0.125126,-0.133057
0.937923,-0.0805187,-0.113312,-0.130215,0.925675,-0.0785377,-0.112296,-0.128616,0.925222,-0.119322,-0.125843,-0.133747
0.942923,-0.0809718,-0.113845,-0.130844,0.930675,-0.0789846,-0.11283,-0.129243,0.930222,-0.120052,-0.126559,-0.134434
0.947923,-0.0814238,-0.114375,-0.131469,0.935675,-0.0794313,-0.113363,-0.129869,0.935222,-0.120782,-0.127277,-0.135124
0.952923,-0.0818775,-0.11491,-0.1321,0.940675,-0.0798779,-0.113896,-0.130495,0.940222,-0.121513,-0.127995,-0.135814
0.957923,-0.0823301,-0.115442,-0.132725,0.945675,-0.0803249,-0.114429,-0.131123,0.945222,-0.122245,-0.128713,-0.136504
0.962923,-0.0827823,-0.115972,-0.133349,0.950675,-0.0807718,-0.114962,-0.13175,0.950222,-0.122976,-0.129432,-0.137194
0.967923,-0.0832347,-0.116502,-0.133975,0.955675,-0.0812184,-0.115492,-0.132376,0.955222,-0.123708,-0.13015,-0.137883
0.972923,-0.0836867,-0.117031,-0.134597,0.960675,-0.0816642,-0.116021,-0.132992,0.960222,-0.124439,-0.130868,-0.138571
0.977923,-0.0841382,-0.117558,-0.135214,0.965675,-0.0821108,-0.116551,-0.133615,0.965222,-0.125172,-0.131588,-0.139261
0.982923,-0.0845905,-0.118087,-0.135842,0.970675,-0.0825569,-0.11708,-0.134234,0.970222,-0.125904,-0.132307,-0.139951
0.987923,-0.0850424,-0.118615,-0.136464,0.975675,-0.0830027,-0.117607,-0.134854,0.975222,-0.126637,-0.133026,-0.14064
0.992089,-0.0854318,-0.119087,-0.137023,0.980675,-0.0834485,-0.118135,-0.135474,0.980222,-0.12737,-0.133745,-0.14133
0.996256,-0.0858258,-0.119558,-0.137574,0.985675,-0.0838938,-0.118661,-0.13609,0.985222,-0.128102,-0.134463,-0.142017
1.00126,-0.086524,-0.120716,-0.139091,0.990675,-0.0843403,-0.119189,-0.136714,0.990222,-0.128836,-0.135183,-0.142707
1.00626,-0.0876906,-0.122814,-0.141561,0.995675,-0.0847858,-0.119714,-0.137331,0.995222,-0.129568,-0.135901,-0.143395
1.01153,-0.0890582,-0.12529,-0.144316,1.00067,-0.085372,-0.120612,-0.138504,1.00022,-0.130366,-0.136756,-0.144275
1.01736,-0.0906949,-0.128251,-0.147565,1.00595,-0.0865738,-0.122798,-0.141149,1.00522,-0.131879,-0.139053,-0.14685
1.02368,-0.0924804,-0.131415,-0.151007,1.01122,-0.0879313,-0.125275,-0.143918,1.01022,-0.133619,-0.141638,-0.149594
1.03043,-0.0942375,-0.134367,-0.154203,1.01704,-0.0895538,-0.128234,-0.147166,1.01549,-0.135632,-0.144575,-0.152714
1.03757,-0.0961304,-0.137437,-0.15752,1.02337,-0.0913403,-0.131433,-0.150644,1.02102,-0.137906,-0.147812,-0.156163
1.04471,-0.0981299,-0.140593,-0.160931,1.03012,-0.0930836,-0.134394,-0.153841,1.02707,-0.140183,-0.150759,-0.159323
1.05166,-0.100229,-0.143816,-0.164384,1.03726,-0.0949605,-0.137469,-0.157157,1.03359,-0.142615,-0.15374,-0.162517
1.05897,-0.102524,-0.147221,-0.167996,1.0444,-0.0969417,-0.140628,-0.160571,1.04011,-0.145144,-0.156772,-0.16577
1.0666,-0.10505,-0.150852,-0.171812,1.05135,-0.0990206,-0.143852,-0.164025,1.0465,-0.147762,-0.159855,-0.169047
1.0747,-0.10786,-0.154757,-0.175844,1.05866,-0.101293,-0.147256,-0.16764,1.05331,-0.150613,-0.163102,-0.172504
1.08319,-0.111008,-0.159047,-0.180223,1.06629,-0.103795,-0.150888,-0.171459,1.0605,-0.15373,-0.166582,-0.176208
1.09197,-0.114531,-0.163806,-0.184996,1.07439,-0.106576,-0.154789,-0.175489,1.06826,-0.157169,-0.170309,-0.180102
1.101,-0.118445,-0.169021,-0.190157,1.08288,-0.109692,-0.159069,-0.179862,1.07646,-0.16097,-0.174393,-0.184326
1.11022,-0.122671,-0.174431,-0.195476,1.09166,-0.113182,-0.163825,-0.184631,1.08502,-0.165159,-0.17887,-0.188917
1.1196,-0.126971,-0.179518,-0.200384,1.10069,-0.11706,-0.16903,-0.189783,1.09387,-0.16976,-0.183817,-0.19389
1.12911,-0.131629,-0.184748,-0.205427,1.10991,-0.121262,-0.174461,-0.195122,1.10295,-0.174796,-0.18927,-0.199292
1.13871,-0.13655,-0.189832,-0.210241,1.11929,-0.125533,-0.179554,-0.200028,1.11221,-0.180032,-0.194797,-0.204657
1.14839,-0.141785,-0.194565,-0.214594,1.1288,-0.13016,-0.184789,-0.20507,1.12162,-0.185324,-0.200106,-0.209711
1.15814,-0.147315,-0.198437,-0.217894,1.1384,-0.135054,-0.189893,-0.209901,1.13115,-0.190925,-0.205614,-0.214889
1.16793,-0.153215,-0.202505,-0.221489,1.14808,-0.14027,-0.194672,-0.214296,1.14077,-0.196732,-0.211026,-0.219857
1.17777,-0.159508,-0.206917,-0.225571,1.15782,-0.145768,-0.198571,-0.217618,1.15047,-0.202752,-0.215931,-0.224169
1.18764,-0.165925,-0.210084,-0.228375,1.16762,-0.151649,-0.202641,-0.221195,1.16023,-0.209054,-0.220271,-0.227757
1.19753,-0.173117,-0.213242,-0.23077,1.17746,-0.157916,-0.207069,-0.225285,1.17004,-0.215634,-0.224857,-0.231635
1.20745,-0.180414,-0.215865,-0.232615,1.18733,-0.164319,-0.210276,-0.228112,1.17988,-0.222334,-0.229384,-0.235587
1.21738,-0.186987,-0.21814,-0.235579,1.19722,-0.171497,-0.213469,-0.230546,1.18976,-0.229119,-0.233054,-0.238638
1.22733,-0.192354,-0.221896,-0.243117,1.20714,-0.178807,-0.216085,-0.232334,1.19966,-0.236175,-0.236235,-0.24082
1.23729,-0.196996,-0.229271,-0.255514,1.21707,-0.185474,-0.218391,-0.235205,1.20958,-0.242425,-0.238811,-0.24288
1.24725,-0.200867,-0.236229,-0.263838,1.22702,-0.190812,-0.221971,-0.242495,1.21952,-0.24735,-0.241673,-0.246588
1.25722,-0.204517,-0.242451,-0.270082,1.23698,-0.195601,-0.229329,-0.254888,1.22947,-0.251576,-0.2479,-0.256059
1.26676,-0.208017,-0.248221,-0.275828,1.24694,-0.199473,-0.236299,-0.263437,1.23943,-0.254112,-0.255677,-0.265912
1.27635,-0.211365,-0.253592,-0.281253,1.25691,-0.203139,-0.242539,-0.269741,1.24939,-0.258576,-0.263564,-0.27275
1.28602,-0.214511,-0.258539,-0.286285,1.26688,-0.206662,-0.248331,-0.275481,1.25937,-0.263336,-0.27064,-0.279188
1.29576,-0.21756,-0.26323,-0.291137,1.27686,-0.21012,-0.253846,-0.281101,1.26935,-0.268019,-0.276897,-0.285086
1.30555,-0.22029,-0.267418,-0.295478,1.28684,-0.21323,-0.258755,-0.286043,1.27933,-0.272731,-0.282736,-0.290859
1.31538,-0.22294,-0.271426,-0.299695,1.29682,-0.216293,-0.263485,-0.290948,1.28931,-0.277192,-0.287969,-0.296078
1.32524,-0.225461,-0.275213,-0.303711,1.30681,-0.219035,-0.267715,-0.295346,1.2993,-0.281334,-0.292632,-0.300716
1.33513,-0.227856,-0.278803,-0.307556,1.3168,-0.221691,-0.271764,-0.299626,1.30929,-0.285391,-0.297101,-0.30534
1.34503,-0.230156,-0.282245,-0.311274,1.32679,-0.224212,-0.27559,-0.303709,1.31928,-0.289291,-0.301328,-0.30978
1.35495,-0.23235,-0.28554,-0.314879,1.33678,-0.226604,-0.279216,-0.307606,1.32928,-0.293042,-0.305358,-0.314071
1.36489,-0.234453,-0.288718,-0.318402,1.34678,-0.228896,-0.282692,-0.311377,1.33927,-0.297117,-0.309749,-0.318869
1.37484,-0.236477,-0.291799,-0.321865,1.35677,-0.23108,-0.28602,-0.31503,1.34927,-0.300136,-0.312958,-0.32229
1.3848,-0.238425,-0.294794,-0.32528,1.36677,-0.233171,-0.289228,-0.318596,1.35926,-0.303484,-0.316579,-0.326266
1.39477,-0.240301,-0.297713,-0.328653,1.37676,-0.23518,-0.292336,-0.322097,1.36926,-0.306739,-0.320131,-0.330198
1.40474,-0.242121,-0.300577,-0.332013,1.38676,-0.23711,-0.295356,-0.325543,1.37926,-0.309897,-0.323612,-0.334075
1.41472,-0.243887,-0.303392,-0.33536,1.39676,-0.238968,-0.298297,-0.328943,1.38926,-0.312967,-0.327038,-0.337917
1.4247,-0.245604,-0.306165,-0.338702,1.40676,-0.240768,-0.301181,-0.332327,1.39925,-0.315957,-0.330416,-0.341728
1.43469,-0.247279,-0.308906,-0.342043,1.41676,-0.242512,-0.304015,-0.335694,1.40925,-0.318882,-0.333763,-0.345533
1.44468,-0.248917,-0.311619,-0.345385,1.42676,-0.244208,-0.306805,-0.339052,1.41925,-0.321741,-0.337076,-0.349303
1.45467,-0.250524,-0.314305,-0.34873,1.43675,-0.245861,-0.30956,-0.342406,1.42925,-0.324546,-0.340366,-0.35306
1.46466,-0.252101,-0.316964,-0.352071,1.44675,-0.247477,-0.312287,-0.345759,1.43925,-0.327305,-0.343637,-0.356807
1.47465,-0.253612,-0.319601,-0.355434,1.45675,-0.249061,-0.314983,-0.34911,1.44925,-0.330026,-0.346895,-0.360546
1.48465,-0.25505,-0.322199,-0.358766,1.46675,-0.250611,-0.317654,-0.352472,1.45925,-0.332714,-0.350134,-0.364271
1.49465,-0.256438,-0.324772,-0.36212,1.47675,-0.252084,-0.32029,-0.355815,1.46925,-0.335326,-0.353353,-0.367985
1.50464,-0.258077,-0.327609,-0.365716,1.48675,-0.253493,-0.322894,-0.359161,1.47925,-0.337866,-0.356546,-0.371696
1.51464,-0.258637,-0.329514,-0.368696,1.49675,-0.25491,-0.32554,-0.36258,1.48925,-0.340346,-0.359713,-0.375384
1.52464,-0.258545,-0.330948,-0.371375,1.50675,-0.256339,-0.328212,-0.366047,1.49925,-0.342968,-0.363079,-0.379253
1.53463,-0.257952,-0.331952,-0.373676,1.51675,-0.256666,-0.32995,-0.368908,1.50925,-0.345283,-0.366216,-0.383041
1.54463,-0.256909,-0.332478,-0.375493,1.52675,-0.256452,-0.331316,-0.371531,1.51925,-0.346572,-0.368488,-0.386228
1.55463,-0.255341,-0.332425,-0.376687,1.53675,-0.255823,-0.332325,-0.373868,1.52925,-0.347374,-0.370415,-0.38917
1.56463,-0.253376,-0.331968,-0.377322,1.54675,-0.254578,-0.332645,-0.375426,1.53925,-0.347794,-0.372045,-0.391923
1.57419,-0.250891,-0.330856,-0.377527,1.55675,-0.252905,-0.332528,-0.37632,1.54925,-0.347599,-0.372959,-0.393876
1.58378,-0.247233,-0.329353,-0.37888,1.56675,-0.250793,-0.331873,-0.377126,1.55925,-0.346958,-0.373346,-0.39518
1.59337,-0.24136,-0.323148,-0.371639,1.57631,-0.248098,-0.330752,-0.377103,1.56758,-0.345747,-0.373134,-0.395933
1.60295,-0.239529,-0.324028,-0.375632,1.58567,-0.245087,-0.328951,-0.376657,1.57591,-0.343515,-0.372452,-0.397419
1.61256,-0.233938,-0.317417,-0.367319,1.59502,-0.23427,-0.319795,-0.368807,1.58409,-0.339261,-0.368013,-0.392944
1.62219,-0.232707,-0.318459,-0.37151,1.60437,-0.238001,-0.324077,-0.373764,1.59237,-0.338183,-0.368541,-0.395059
1.63184,-0.226941,-0.311489,-0.362939,1.61376,-0.227898,-0.315023,-0.36551,1.60074,-0.334712,-0.364396,-0.390875
1.64151,-0.225379,-0.311601,-0.365593,1.62318,-0.230448,-0.317923,-0.369163,1.60919,-0.333408,-0.364287,-0.391814
1.65118,-0.219884,-0.304567,-0.356938,1.63263,-0.221128,-0.309089,-0.360956,1.61774,-0.329968,-0.359713,-0.386917
1.66087,-0.217869,-0.303438,-0.357608,1.64208,-0.222769,-0.310814,-0.363016,1.62628,-0.328814,-0.359429,-0.387618
1.67056,-0.2138,-0.297935,-0.350416,1.65153,-0.214374,-0.302033,-0.354381,1.63482,-0.325351,-0.354528,-0.382139
1.68026,-0.211988,-0.296574,-0.34982,1.66098,-0.215407,-0.302962,-0.355636,1.64336,-0.324341,-0.353905,-0.38224
1.68998,-0.209036,-0.292083,-0.343573,1.6705,-0.208157,-0.294602,-0.346576,1.65198,-0.321074,-0.348827,-0.376133
1.69972,-0.207477,-0.289586,-0.340081,1.68002,-0.209267,-0.296069,-0.347997,1.6606,-0.320474,-0.348047,-0.375742
1.70947,-0.206241,-0.287117,-0.336789,1.68963,-0.203834,-0.288383,-0.338295,1.66922,-0.31769,-0.34305,-0.369462
1.71923,-0.205059,-0.283644,-0.3309,1.69926,-0.204837,-0.28967,-0.339992,1.67784,-0.317292,-0.341808,-0.367574
1.72899,-0.20531,-0.282695,-0.329204,1.70896,-0.201726,-0.283637,-0.330953,1.68646,-0.316348,-0.339271,-0.363436
1.7388,-0.205349,-0.27964,-0.322268,1.71867,-0.202646,-0.284254,-0.33171,1.69516,-0.315179,-0.336117,-0.357753
1.74862,-0.206768,-0.27962,-0.320875,1.72843,-0.201821,-0.280406,-0.32425,1.70385,-0.315894,-0.335922,-0.357092
1.75846,-0.208507,-0.278451,-0.315421,1.7382,-0.202994,-0.280445,-0.323459,1.7128,-0.315379,-0.332453,-0.349754
1.7683,-0.21082,-0.278725,-0.31309,1.74802,-0.204035,-0.278627,-0.317648,1.72175,-0.317194,-0.333366,-0.349841
1.77816,-0.213797,-0.278731,-0.308741,1.75785,-0.205912,-0.278685,-0.315513,1.73083,-0.318542,-0.331859,-0.34407
1.78803,-0.217086,-0.277957,-0.304122,1.7677,-0.208412,-0.278436,-0.311017,1.73995,-0.320798,-0.3325,-0.342581
1.79791,-0.221023,-0.277426,-0.299297,1.77755,-0.211286,-0.278739,-0.307948,1.74918,-0.323575,-0.332795,-0.338585
1.80781,-0.225782,-0.278141,-0.296023,1.78743,-0.214701,-0.277778,-0.302721,1.7585,-0.326828,-0.333973,-0.336071
1.81772,-0.231416,-0.280043,-0.294094,1.79732,-0.218724,-0.277405,-0.298111,1.76789,-0.330675,-0.335308,-0.332742
1.82764,-0.237906,-0.282977,-0.293268,1.80723,-0.223561,-0.278264,-0.295042,1.77733,-0.334945,-0.336334,-0.329388
1.83757,-0.245229,-0.286745,-0.293306,1.81715,-0.229286,-0.280306,-0.293293,1.78682,-0.33974,-0.336591,-0.324954
1.84751,-0.253112,-0.290603,-0.293358,1.82708,-0.235862,-0.283334,-0.292586,1.79638,-0.345376,-0.33822,-0.322091
1.85745,-0.261352,-0.292872,-0.291479,1.83702,-0.243266,-0.287204,-0.292766,1.80599,-0.351822,-0.341033,-0.320541
1.8674,-0.270351,-0.295883,-0.290443,1.84696,-0.251186,-0.29099,-0.29275,1.81565,-0.359016,-0.344865,-0.320185
1.87735,-0.280146,-0.300037,-0.290837,1.85691,-0.259487,-0.293177,-0.290787,1.82534,-0.366858,-0.349206,-0.320396
1.8873,-0.290424,-0.304981,-0.292279,1.86687,-0.26855,-0.2963,-0.289914,1.83508,-0.375226,-0.353776,-0.320778
1.89726,-0.301741,-0.311445,-0.295262,1.87682,-0.278369,-0.300488,-0.290393,1.84484,-0.383824,-0.357614,-0.320367
1.90722,-0.312459,-0.31796,-0.298821,1.88678,-0.288613,-0.305418,-0.291936,1.85463,-0.392874,-0.36126,-0.319665
1.91718,-0.322245,-0.324279,-0.303137,1.89675,-0.299944,-0.311859,-0.294922,1.86445,-0.403054,-0.366529,-0.320716
1.92714,-0.331782,-0.330832,-0.308191,1.90671,-0.31069,-0.318478,-0.298681,1.87429,-0.413768,-0.372957,-0.323183
1.93711,-0.341603,-0.337771,-0.31341,1.91668,-0.320521,-0.324838,-0.303052,1.8839,-0.423998,-0.379453,-0.32614
1.94707,-0.351135,-0.345307,-0.319584,1.92665,-0.330093,-0.331462,-0.308249,1.89359,-0.433672,-0.386228,-0.329793
1.95704,-0.360273,-0.353397,-0.32685,1.93662,-0.34,-0.338452,-0.313513,1.90334,-0.443098,-0.393538,-0.333916
1.96701,-0.369222,-0.362374,-0.335695,1.94659,-0.349514,-0.346024,-0.319813,1.91312,-0.452218,-0.401849,-0.339486
1.97699,-0.377647,-0.371713,-0.345555,1.95657,-0.35877,-0.354257,-0.327314,1.92292,-0.461178,-0.410943,-0.346278
1.98696,-0.385126,-0.381839,-0.357051,1.96654,-0.367545,-0.363238,-0.336384,1.93274,-0.470307,-0.42094,-0.35405
1.99693,-0.39185,-0.391694,-0.368499,1.97652,-0.376093,-0.372703,-0.346407,1.94256,-0.478811,-0.431865,-0.363897
2.00691,-0.401399,-0.404931,-0.382299,1.9865,-0.383083,-0.382704,-0.358085,1.9524,-0.487216,-0.442975,-0.374044
2.01612,-0.41223,-0.419925,-0.398499,1.99648,-0.390004,-0.392742,-0.369622,1.96224,-0.492501,-0.4534,-0.386316
2.02548,-0.423945,-0.43541,-0.414401,2.00647,-0.398205,-0.404905,-0.38259,1.97209,-0.498138,-0.46514,-0.400758
2.03497,-0.434017,-0.448763,-0.427772,2.01645,-0.410591,-0.421319,-0.400023,1.98195,-0.504494,-0.477052,-0.414918
2.04452,-0.444641,-0.462291,-0.440853,2.02621,-0.423245,-0.437664,-0.416568,1.99182,-0.510162,-0.487602,-0.427445
2.05386,-0.455529,-0.476501,-0.455826,2.03599,-0.433776,-0.451331,-0.430356,2.00169,-0.515762,-0.496711,-0.43655
2.06323,-0.46393,-0.487779,-0.468043,2.04577,-0.444429,-0.46473,-0.443165,2.01156,-0.53055,-0.512741,-0.450726
2.07268,-0.469286,-0.495358,-0.475492,2.05558,-0.455222,-0.478879,-0.45829,2.02144,-0.545339,-0.527861,-0.464521
2.08215,-0.473302,-0.501128,-0.480819,2.06541,-0.462634,-0.48915,-0.469652,2.03135,-0.559913,-0.542167,-0.477904
2.09166,-0.477135,-0.506446,-0.485658,2.07525,-0.467109,-0.495748,-0.475856,2.04127,-0.574244,-0.555798,-0.490952
2.10119,-0.48078,-0.511294,-0.490183,2.08511,-0.471163,-0.50153,-0.48119,2.0512,-0.588222,-0.569425,-0.505059
2.11078,-0.484273,-0.515796,-0.494296,2.09498,-0.475019,-0.506847,-0.486042,2.06114,-0.598896,-0.580237,-0.517599
2.12039,-0.487621,-0.519938,-0.498212,2.10486,-0.478696,-0.511719,-0.490578,2.07109,-0.605325,-0.586044,-0.523627
2.13004,-0.490837,-0.52381,-0.501791,2.11475,-0.482206,-0.516232,-0.494723,2.08105,-0.611389,-0.591288,-0.52922
2.1397,-0.493941,-0.527407,-0.505257,2.12465,-0.485575,-0.520402,-0.498652,2.09101,-0.617219,-0.596239,-0.534408
2.1494,-0.496945,-0.530815,-0.508475,2.13456,-0.488805,-0.524297,-0.502269,2.10097,-0.62283,-0.60091,-0.539373
2.15909,-0.49987,-0.534024,-0.511616,2.14447,-0.49192,-0.527921,-0.505742,2.11094,-0.628254,-0.605411,-0.544029
2.16883,-0.502717,-0.537054,-0.514571,2.1544,-0.494965,-0.531393,-0.509046,2.12092,-0.633494,-0.60971,-0.548528
2.17859,-0.505482,-0.539914,-0.517429,2.16433,-0.497895,-0.53462,-0.512186,2.13089,-0.638581,-0.613899,-0.552771
2.18838,-0.508182,-0.542645,-0.520151,2.17428,-0.500731,-0.537652,-0.515123,2.14087,-0.643511,-0.617932,-0.556898
2.1982,-0.510818,-0.545253,-0.522828,2.18423,-0.503515,-0.54056,-0.518022,2.15086,-0.648333,-0.621914,-0.560835
2.20804,-0.513399,-0.547761,-0.525392,2.19419,-0.5062,-0.543299,-0.520738,2.16084,-0.653062,-0.625811,-0.5647
2.21789,-0.515925,-0.550173,-0.527932,2.20415,-0.508846,-0.54595,-0.523451,2.17083,-0.657682,-0.629609,-0.568367
2.22777,-0.518406,-0.552512,-0.530379,2.21412,-0.511405,-0.548464,-0.526006,2.18082,-0.662189,-0.633321,-0.571938
2.23766,-0.520745,-0.554665,-0.532711,2.22409,-0.513925,-0.550908,-0.528574,2.19081,-0.666627,-0.636981,-0.575367
2.24756,-0.522803,-0.556476,-0.534721,2.23406,-0.516389,-0.553258,-0.531015,2.2008,-0.67098,-0.640587,-0.578756
2.25748,-0.524743,-0.558132,-0.536603,2.24404,-0.518488,-0.555171,-0.533118,2.21079,-0.675275,-0.644149,-0.582011
2.26741,-0.526662,-0.559753,-0.538441,2.25402,-0.520486,-0.556944,-0.535094,2.22079,-0.679498,-0.647671,-0.58525
2.27735,-0.528535,-0.561307,-0.540259,2.264,-0.522437,-0.558641,-0.536979,2.23078,-0.683679,-0.651162,-0.588372
2.28729,-0.530366,-0.562815,-0.542008,2.27399,-0.52431,-0.560247,-0.538843,2.24078,-0.687579,-0.65437,-0.591264
2.29725,-0.532155,-0.564264,-0.54373,2.28397,-0.526138,-0.561788,-0.540602,2.25078,-0.691283,-0.657364,-0.593897
2.3072,-0.533919,-0.565692,-0.545414,2.29396,-0.527939,-0.563291,-0.542377,2.26078,-0.694886,-0.660276,-0.596473
2.31717,-0.535637,-0.567066,-0.547079,2.30395,-0.529702,-0.564753,-0.544084,2.27077,-0.69847,-0.663175,-0.598968
2.32713,-0.53733,-0.568425,-0.548693,2.31394,-0.531419,-0.566159,-0.545775,2.28077,-0.701987,-0.66603,-0.601453
2.3371,-0.539017,-0.56978,-0.550339,2.32394,-0.533108,-0.567543,-0.547414,2.29077,-0.705507,-0.668895,-0.603881
2.34707,-0.540652,-0.571088,-0.551916,2.33393,-0.534787,-0.568919,-0.54908,2.30077,-0.708914,-0.671683,-0.606305
2.35705,-0.542278,-0.572386,-0.553346,2.34392,-0.536414,-0.570244,-0.550676,2.31077,-0.712329,-0.674482,-0.608654
2.36703,-0.543842,-0.573559,-0.554735,2.35392,-0.538015,-0.571551,-0.552283,2.32077,-0.715691,-0.677256,-0.611039
2.377,-0.54537,-0.574652,-0.556113,2.36391,-0.53959,-0.572783,-0.553599,2.33076,-0.719035,-0.680023,-0.61335
2.38699,-0.54685,-0.575705,-0.557344,2.37391,-0.541117,-0.57391,-0.555024,2.34076,-0.722323,-0.682684,-0.615446
2.39697,-0.548313,-0.576679,-0.558565,2.3839,-0.542586,-0.574986,-0.556288,2.35076,-0.7256,-0.685285,-0.617577
2.40695,-0.549733,-0.577662,-0.559761,2.3939,-0.544039,-0.575977,-0.557533,2.36076,-0.728798,-0.687792,-0.619656
2.41694,-0.551157,-0.578609,-0.560749,2.40389,-0.545446,-0.57697,-0.558746,2.37076,-0.731992,-0.690271,-0.621639
2.42692,-0.552506,-0.579523,-0.562136,2.41389,-0.546853,-0.577921,-0.559743,2.38076,-0.735102,-0.692676,-0.62363
2.43691,-0.553876,-0.580438,-0.56313,2.42389,-0.548186,-0.578838,-0.561141,2.39076,-0.73822,-0.695081,-0.625577
2.4469,-0.55515,-0.581294,-0.564517,2.43388,-0.549541,-0.579756,-0.562137,2.40076,-0.741276,-0.697422,-0.627575
2.45688,-0.556366,-0.582061,-0.565432,2.44388,-0.550807,-0.580623,-0.56354,2.41076,-0.744354,-0.699824,-0.629502
2.46687,-0.557364,-0.582586,-0.566617,2.45388,-0.552037,-0.581426,-0.564487,2.42076,-0.747826,-0.702677,-0.632164
2.47686,-0.558106,-0.582856,-0.567327,2.46388,-0.553067,-0.582015,-0.565721,2.43076,-0.750413,-0.704561,-0.633573
2.48685,-0.558411,-0.582793,-0.568169,2.47387,-0.55387,-0.582339,-0.566419,2.44076,-0.753388,-0.7069,-0.635735
2.49684,-0.558283,-0.582977,-0.570063,2.48387,-0.554287,-0.582374,-0.567403,2.45076,-0.756348,-0.70927,-0.63776
2.50683,-0.557685,-0.581612,-0.569176,2.49387,-0.554192,-0.582623,-0.569339,2.46076,-0.759158,-0.711511,-0.639694
2.51682,-0.55669,-0.581101,-0.571301,2.50387,-0.553889,-0.581518,-0.568664,2.47076,-0.761668,-0.713387,-0.641678
2.52682,-0.554391,-0.57852,-0.569816,2.51363,-0.552949,-0.581045,-0.570382,2.48076,-0.763943,-0.715115,-0.64332
2.53681,-0.548957,-0.573146,-0.564996,2.52341,-0.55115,-0.578878,-0.569623,2.49076,-0.76571,-0.716387,-0.644943
2.5468,-0.548287,-0.572118,-0.56602,2.5332,-0.54842,-0.577298,-0.570954,2.50076,-0.767249,-0.717603,-0.646305
2.55679,-0.547903,-0.572984,-0.569349,2.54299,-0.540551,-0.567371,-0.55954,2.51076,-0.767166,-0.717602,-0.647924
2.56678,-0.54089,-0.565034,-0.561045,2.55279,-0.544166,-0.573302,-0.569887,2.52076,-0.768298,-0.718526,-0.649033
2.57677,-0.543582,-0.568871,-0.567432,2.56259,-0.536128,-0.563262,-0.558176,2.53076,-0.758527,-0.708942,-0.639102
2.58676,-0.535232,-0.559926,-0.558603,2.5724,-0.539207,-0.568741,-0.567881,2.54076,-0.767168,-0.71799,-0.650552
2.59675,-0.53732,-0.563202,-0.564276,2.58223,-0.530728,-0.558354,-0.555999,2.55076,-0.753743,-0.704347,-0.635875
2.60675,-0.528742,-0.553939,-0.554852,2.59206,-0.533083,-0.563161,-0.565204,2.56076,-0.765187,-0.716795,-0.65073
2.61674,-0.528611,-0.555332,-0.559194,2.6019,-0.524159,-0.552271,-0.552398,2.57076,-0.751301,-0.702885,-0.636042
2.62673,-0.520548,-0.546508,-0.550105,2.61175,-0.525309,-0.556117,-0.560557,2.58076,-0.762094,-0.71472,-0.650212
2.63673,-0.519598,-0.547071,-0.553711,2.62161,-0.516227,-0.545058,-0.547775,2.59076,-0.747908,-0.70068,-0.635509
2.64672,-0.511155,-0.538388,-0.544274,2.63146,-0.516573,-0.548061,-0.555222,2.60076,-0.757759,-0.711512,-0.64858
2.65671,-0.510973,-0.539942,-0.548536,2.64133,-0.507233,-0.537105,-0.542287,2.61076,-0.743139,-0.697137,-0.633653
2.66671,-0.497463,-0.525819,-0.532657,2.6512,-0.506844,-0.539796,-0.549091,2.62076,-0.752083,-0.707055,-0.645756
2.67627,-0.498728,-0.529789,-0.541108,2.66108,-0.497098,-0.528726,-0.536202,2.63076,-0.73701,-0.692324,-0.630592
2.68585,-0.48523,-0.515474,-0.524586,2.67096,-0.495643,-0.530454,-0.542102,2.64076,-0.744932,-0.701212,-0.641555
2.69545,-0.486333,-0.519146,-0.532589,2.68085,-0.485103,-0.518648,-0.528387,2.65076,-0.72927,-0.686055,-0.626318
2.70508,-0.471684,-0.503931,-0.515937,2.69073,-0.482797,-0.51949,-0.53348,2.66076,-0.736173,-0.693852,-0.635863
2.71471,-0.470822,-0.505663,-0.521849,2.70062,-0.471829,-0.507274,-0.519406,2.67076,-0.719134,-0.677376,-0.619265
2.72435,-0.456529,-0.490652,-0.504978,2.71052,-0.468436,-0.506889,-0.523279,2.68076,-0.725625,-0.684783,-0.628597
2.734,-0.454416,-0.490901,-0.509291,2.72041,-0.456976,-0.494296,-0.508924,2.69076,-0.709266,-0.669018,-0.612993
2.74367,-0.439858,-0.475316,-0.491805,2.73031,-0.452481,-0.492605,-0.511328,2.70076,-0.713537,-0.67412,-0.619703
2.75335,-0.435796,-0.472909,-0.492956,2.74022,-0.440493,-0.479256,-0.49588,2.71076,-0.696168,-0.657532,-0.603247
2.76305,-0.420953,-0.456727,-0.475295,2.75013,-0.43439,-0.475343,-0.495754,2.72076,-0.699797,-0.662365,-0.609431
2.77277,-0.414351,-0.450999,-0.472809,2.76003,-0.421991,-0.461236,-0.479858,2.73076,-0.682293,-0.646494,-0.593511
2.7825,-0.398414,-0.433712,-0.455871,2.76995,-0.413655,-0.454275,-0.476366,2.74076,-0.683767,-0.649038,-0.596977
2.79224,-0.387622,-0.423462,-0.450212,2.77987,-0.400325,-0.439255,-0.461255,2.75076,-0.665589,-0.632541,-0.580824
2.80198,-0.369655,-0.404563,-0.433833,2.78979,-0.387926,-0.427663,-0.454238,2.76076,-0.664412,-0.631993,-0.580752
2.81173,-0.354895,-0.390762,-0.42608,2.79972,-0.372027,-0.410225,-0.438498,2.77076,-0.645589,-0.614833,-0.565087
2.82149,-0.335793,-0.371193,-0.409294,2.80964,-0.356122,-0.395536,-0.430201,2.78076,-0.63985,-0.609519,-0.561319
2.83125,-0.324722,-0.360896,-0.403277,2.81957,-0.337441,-0.376465,-0.414763,2.79076,-0.619,-0.590446,-0.545497
2.84104,-0.311113,-0.346884,-0.391269,2.8295,-0.324715,-0.364361,-0.406693,2.80076,-0.608533,-0.581099,-0.539314
2.85084,-0.30309,-0.338112,-0.384445,2.83945,-0.310338,-0.349822,-0.394377,2.81076,-0.585877,-0.562194,-0.526211
2.86068,-0.294559,-0.32828,-0.375207,2.8494,-0.30193,-0.340828,-0.387653,2.82052,-0.5711,-0.549689,-0.516356
2.87054,-0.289179,-0.321191,-0.368657,2.85935,-0.292741,-0.330462,-0.378062,2.83034,-0.554536,-0.535973,-0.505133
2.88041,-0.2846,-0.314709,-0.361896,2.86932,-0.286976,-0.323241,-0.371653,2.84016,-0.54331,-0.526635,-0.497269
2.8903,-0.281577,-0.30998,-0.356731,2.87928,-0.281882,-0.316247,-0.364553,2.85002,-0.532354,-0.517211,-0.488151
2.90019,-0.279546,-0.306204,-0.352041,2.88925,-0.278491,-0.311153,-0.35921,2.85988,-0.525478,-0.511549,-0.48317
2.9101,-0.278473,-0.303702,-0.348565,2.89923,-0.276091,-0.306976,-0.354285,2.86977,-0.519679,-0.506469,-0.477673
2.92002,-0.278159,-0.302227,-0.34597,2.9092,-0.27467,-0.303955,-0.350408,2.87968,-0.515916,-0.503226,-0.474061
2.92994,-0.278448,-0.301643,-0.344235,2.91918,-0.274052,-0.302,-0.347404,2.88959,-0.513372,-0.500554,-0.470497
2.93986,-0.279168,-0.30174,-0.343232,2.92916,-0.274085,-0.300998,-0.345317,2.89953,-0.512006,-0.498935,-0.467999
2.94979,-0.280192,-0.302377,-0.34283,2.93914,-0.274613,-0.300765,-0.344028,2.90946,-0.511614,-0.498313,-0.466483
2.95972,-0.281441,-0.303463,-0.343028,2.94912,-0.275467,-0.301093,-0.343332,2.91941,-0.511858,-0.497886,-0.464942
2.96965,-0.282808,-0.304792,-0.343741,2.9591,-0.276583,-0.301921,-0.34328,2.92935,-0.512717,-0.498278,-0.464545
2.97959,-0.284261,-0.306397,-0.344447,2.96885,-0.277853,-0.303098,-0.343887,2.9393,-0.514013,-0.499259,-0.464755
2.98953,-0.285708,-0.308077,-0.345731,2.97861,-0.279218,-0.304523,-0.344416,2.94925,-0.515653,-0.500765,-0.465854
2.99947,-0.287154,-0.309921,-0.346916,2.98839,-0.280618,-0.306091,-0.345599,2.9592,-0.51752,-0.502621,-0.467343
3.00941,-0.288557,-0.311799,-0.348649,2.99818,-0.282027,-0.307834,-0.34668,2.96915,-0.519529,-0.504756,-0.469464
3.01936,-0.289915,-0.313763,-0.350198,3.00798,-0.283389,-0.309598,-0.348283,2.9791,-0.521608,-0.507026,-0.471729
3.02931,-0.291188,-0.315704,-0.352258,3.01779,-0.284721,-0.31147,-0.349722,2.98906,-0.523705,-0.50946,-0.474502
3.03926,-0.292402,-0.317659,-0.353979,3.0276,-0.285982,-0.313341,-0.351694,2.99901,-0.525792,-0.511978,-0.477369
3.0492,-0.29352,-0.319519,-0.356151,3.03742,-0.287203,-0.31526,-0.353358,3.00897,-0.527839,-0.514559,-0.480592
3.05915,-0.294562,-0.32134,-0.357862,3.04724,-0.288311,-0.317068,-0.355456,3.01893,-0.529823,-0.517156,-0.483819
3.0691,-0.29549,-0.323015,-0.360087,3.05706,-0.289355,-0.318855,-0.357112,3.0289,-0.531742,-0.519777,-0.487323
3.07905,-0.296383,-0.324741,-0.361726,3.06689,-0.290288,-0.320503,-0.359288,3.03886,-0.533544,-0.522264,-0.490611
3.08877,-0.297015,-0.325695,-0.36254,3.07673,-0.291186,-0.322202,-0.360884,3.04883,-0.535349,-0.524941,-0.494285
3.0985,-0.29781,-0.327609,-0.365268,3.08633,-0.291829,-0.32318,-0.361722,3.0588,-0.536958,-0.527186,-0.497265
3.10822,-0.298237,-0.328081,-0.365442,3.09594,-0.292635,-0.325084,-0.364413,3.06877,-0.538635,-0.529912,-0.501302
3.11772,-0.298909,-0.329944,-0.368366,3.10554,-0.293064,-0.325535,-0.364438,3.07874,-0.540028,-0.53183,-0.50374
3.12722,-0.299075,-0.329796,-0.367796,3.11515,-0.293758,-0.327432,-0.36749,3.08872,-0.541595,-0.534653,-0.508246
3.13672,-0.299807,-0.331735,-0.371134,3.12454,-0.293954,-0.327337,-0.367028,3.09869,-0.542742,-0.536039,-0.509637
3.14622,-0.299805,-0.331115,-0.369786,3.13393,-0.294595,-0.329129,-0.370107,3.10866,-0.544231,-0.539036,-0.514792
3.15551,-0.30016,-0.332528,-0.372528,3.14332,-0.29453,-0.328473,-0.368761,3.11864,-0.545734,-0.540766,-0.516314
3.1646,-0.299844,-0.331552,-0.37066,3.15271,-0.295131,-0.330185,-0.371898,3.12861,-0.54656,-0.543233,-0.521007
3.1735,-0.300405,-0.333084,-0.373711,3.16211,-0.294849,-0.329224,-0.369931,3.13859,-0.54857,-0.545564,-0.523125
3.18222,-0.299932,-0.331892,-0.371576,3.1715,-0.295311,-0.330589,-0.372793,3.14833,-0.548508,-0.546954,-0.526488
3.19062,-0.300413,-0.333213,-0.374298,3.18089,-0.294995,-0.329596,-0.370866,3.15766,-0.550201,-0.548981,-0.528278
3.19886,-0.300008,-0.33237,-0.373145,3.19028,-0.295402,-0.330782,-0.373469,3.16679,-0.55006,-0.550027,-0.530942
3.20709,-0.300345,-0.333135,-0.374615,3.19947,-0.295037,-0.329742,-0.371569,3.17573,-0.551025,-0.551168,-0.531704
3.21533,-0.299957,-0.332347,-0.373616,3.20846,-0.29541,-0.330795,-0.373911,3.18467,-0.551388,-0.552685,-0.53464
3.22357,-0.30018,-0.332812,-0.374459,3.21727,-0.295031,-0.329795,-0.372184,3.1936,-0.552039,-0.553507,-0.535148
3.23165,-0.300045,-0.33249,-0.374243,3.2259,-0.295289,-0.330529,-0.373848,3.2026,-0.552683,-0.555162,-0.537887
3.23985,-0.300162,-0.332646,-0.374532,3.23436,-0.295181,-0.330092,-0.3731,3.21159,-0.553352,-0.556086,-0.538346
3.24804,-0.300171,-0.33254,-0.374692,3.24282,-0.295364,-0.330533,-0.37426,3.22064,-0.554008,-0.557524,-0.54074
3.25632,-0.300366,-0.332759,-0.375089,3.25128,-0.295331,-0.330217,-0.373733,3.22969,-0.554703,-0.558597,-0.541767
3.26461,-0.300502,-0.332788,-0.375376,3.25974,-0.295607,-0.330696,-0.374845,3.23879,-0.555424,-0.559819,-0.543214
3.27299,-0.300812,-0.333113,-0.375847,3.2682,-0.295694,-0.33054,-0.374534,3.24789,-0.556206,-0.561013,-0.544504
3.28122,-0.3011,-0.333331,-0.376368,3.27674,-0.2961,-0.331117,-0.375685,3.25704,-0.557067,-0.56234,-0.545992
3.28965,-0.30156,-0.333809,-0.377005,3.28529,-0.296347,-0.331174,-0.375647,3.26619,-0.55796,-0.563612,-0.547309
3.29778,-0.302027,-0.334233,-0.377678,3.29391,-0.296891,-0.33182,-0.37683,3.27544,-0.558985,-0.565088,-0.54891
3.30614,-0.302631,-0.334806,-0.378432,3.30253,-0.297325,-0.332135,-0.377059,3.28469,-0.560033,-0.566475,-0.550325
3.31449,-0.303318,-0.335468,-0.379303,3.31123,-0.298071,-0.332962,-0.378392,3.29402,-0.561221,-0.568062,-0.552028
3.32304,-0.304202,-0.336389,-0.3805,3.31992,-0.298812,-0.333687,-0.379302,3.30336,-0.562476,-0.569656,-0.553666
3.33159,-0.305252,-0.33756,-0.381903,3.32869,-0.299777,-0.334718,-0.380612,3.31278,-0.56389,-0.571451,-0.555535
3.34031,-0.306455,-0.338874,-0.383398,3.33746,-0.300891,-0.335947,-0.382056,3.32219,-0.565402,-0.573288,-0.557386
3.3491,-0.307836,-0.340504,-0.38518,3.34637,-0.302171,-0.337355,-0.383666,3.33168,-0.567075,-0.575309,-0.559507
3.35812,-0.309437,-0.342621,-0.387359,3.35494,-0.30364,-0.339159,-0.385606,3.34116,-0.56892,-0.577485,-0.56173
3.36726,-0.311248,-0.344998,-0.389821,3.36369,-0.305332,-0.341407,-0.387921,3.35075,-0.570957,-0.579868,-0.564229
3.37657,-0.313284,-0.347629,-0.392543,3.37257,-0.30724,-0.343905,-0.390508,3.36036,-0.573182,-0.582411,-0.566826
3.38596,-0.315557,-0.350515,-0.395534,3.38168,-0.309386,-0.346665,-0.393374,3.37004,-0.575618,-0.585148,-0.569608
3.39547,-0.318063,-0.353606,-0.398716,3.39089,-0.31177,-0.349668,-0.396485,3.37973,-0.5783,-0.588137,-0.572607
3.40508,-0.320833,-0.356933,-0.402144,3.40026,-0.314391,-0.352861,-0.399778,3.38947,-0.581215,-0.59133,-0.575824
3.41476,-0.323874,-0.360502,-0.405793,3.40975,-0.317288,-0.35631,-0.403337,3.39923,-0.584363,-0.594703,-0.579213
3.4245,-0.327191,-0.364303,-0.409641,3.41934,-0.320457,-0.359989,-0.407091,3.40904,-0.587777,-0.598312,-0.582815
3.4343,-0.330786,-0.36833,-0.413681,3.42901,-0.323906,-0.3639,-0.411046,3.41888,-0.591478,-0.602161,-0.586649
3.44413,-0.334643,-0.37255,-0.417877,3.43874,-0.327624,-0.368016,-0.415169,3.42875,-0.595493,-0.60632,-0.590756
3.454,-0.338759,-0.376953,-0.422222,3.44852,-0.331603,-0.37232,-0.419445,3.43863,-0.599755,-0.610641,-0.594976
3.46389,-0.343096,-0.381452,-0.426613,3.45835,-0.335834,-0.376788,-0.423848,3.44852,-0.604279,-0.615199,-0.59938
3.4738,-0.347681,-0.386118,-0.431139,3.46821,-0.340291,-0.381365,-0.428313,3.45843,-0.609131,-0.62039,-0.604199
3.48373,-0.352508,-0.390887,-0.435683,3.4781,-0.344993,-0.386087,-0.432875,3.46834,-0.614232,-0.625896,-0.609253
3.49368,-0.357581,-0.395814,-0.440347,3.48801,-0.34994,-0.390924,-0.437478,3.47827,-0.619575,-0.631592,-0.61447
3.50363,-0.362831,-0.40084,-0.44509,3.49794,-0.35511,-0.395903,-0.442196,3.4882,-0.625167,-0.637452,-0.619827
3.5136,-0.368255,-0.405934,-0.449872,3.50788,-0.360456,-0.400973,-0.446981,3.49815,-0.630968,-0.643386,-0.625217
3.52357,-0.373807,-0.411014,-0.454622,3.51784,-0.365981,-0.406127,-0.451826,3.50811,-0.63701,-0.64945,-0.630711
3.53355,-0.379433,-0.416003,-0.459263,3.5278,-0.371573,-0.41115,-0.456521,3.51808,-0.643268,-0.655605,-0.636264
3.54353,-0.385199,-0.421033,-0.463906,3.53777,-0.377273,-0.416172,-0.4612,3.52805,-0.649666,-0.661732,-0.641737
3.55351,-0.391034,-0.425159,-0.467373,3.54774,-0.383133,-0.421147,-0.465743,3.53803,-0.6562,-0.667824,-0.647133
3.5635,-0.396978,-0.42889,-0.470365,3.55772,-0.388984,-0.424866,-0.468734,3.54801,-0.662871,-0.673905,-0.6525
3.57349,-0.403148,-0.432752,-0.473471,3.56771,-0.395032,-0.428691,-0.471836,3.558,-0.669706,-0.680069,-0.657948
3.58348,-0.409563,-0.436776,-0.47673,3.57769,-0.401325,-0.432587,-0.474952,3.56799,-0.67668,-0.68621,-0.663365
3.59347,-0.41621,-0.440909,-0.480003,3.58768,-0.407835,-0.436756,-0.4784,3.57798,-0.683565,-0.691947,-0.668427
3.60347,-0.423361,-0.444412,-0.481742,3.59768,-0.414717,-0.440517,-0.480858,3.58797,-0.690607,-0.697109,-0.672737
3.61346,-0.430555,-0.447896,-0.483517,3.60767,-0.421953,-0.443922,-0.48242,3.59796,-0.697529,-0.70069,-0.675161
3.62346,-0.437936,-0.451902,-0.485926,3.61766,-0.429262,-0.447674,-0.484521,3.60796,-0.704553,-0.702757,-0.675187
3.63346,-0.445148,-0.454738,-0.487278,3.62766,-0.436644,-0.451491,-0.486795,3.61795,-0.711635,-0.705549,-0.676246
3.64345,-0.453094,-0.458406,-0.490707,3.63765,-0.444149,-0.454271,-0.488334,3.62795,-0.718766,-0.709161,-0.678545
3.65345,-0.461022,-0.464334,-0.498993,3.64765,-0.452382,-0.458805,-0.493695,3.63795,-0.726396,-0.714555,-0.684607
3.66345,-0.466044,-0.470881,-0.509476,3.65764,-0.459696,-0.465636,-0.503607,3.64794,-0.729743,-0.71824,-0.690125
3.67345,-0.46825,-0.475807,-0.516225,3.66764,-0.463448,-0.471852,-0.513085,3.65794,-0.7282,-0.719969,-0.692938
3.68344,-0.468058,-0.478039,-0.519625,3.67764,-0.464109,-0.474959,-0.51798,3.66794,-0.728587,-0.722457,-0.69518
3.69321,-0.468189,-0.480327,-0.522321,3.68763,-0.463953,-0.47717,-0.520791,3.67794,-0.729465,-0.724678,-0.697785
3.70299,-0.468219,-0.482329,-0.525187,3.69763,-0.464022,-0.479245,-0.523902,3.68794,-0.730676,-0.72679,-0.699895
3.71276,-0.468314,-0.484394,-0.527782,3.70763,-0.464097,-0.481165,-0.5262,3.69793,-0.731961,-0.728632,-0.702344
3.72255,-0.46846,-0.485947,-0.529868,3.71762,-0.464095,-0.483052,-0.529041,3.70793,-0.73335,-0.730335,-0.704142
3.73234,-0.468525,-0.487697,-0.532151,3.72762,-0.464254,-0.484505,-0.530679,3.71793,-0.734731,-0.731899,-0.706393
3.74213,-0.468678,-0.488938,-0.533789,3.73762,-0.464324,-0.48605,-0.532839,3.72793,-0.73621,-0.73338,-0.708006
3.75192,-0.468832,-0.490198,-0.535267,3.74761,-0.464405,-0.487336,-0.534516,3.73793,-0.73732,-0.734598,-0.71012
3.76173,-0.468929,-0.491336,-0.536668,3.75761,-0.464445,-0.488571,-0.536242,3.74749,-0.739042,-0.736082,-0.711545
3.77153,-0.469012,-0.492404,-0.538095,3.76761,-0.464409,-0.489483,-0.537369,3.75711,-0.740086,-0.737185,-0.713572
3.78134,-0.468969,-0.49321,-0.539033,3.77717,-0.464593,-0.49052,-0.538621,3.76674,-0.741812,-0.738616,-0.714912
3.79115,-0.469207,-0.494129,-0.540078,3.78676,-0.464491,-0.491252,-0.539617,3.77642,-0.742786,-0.739655,-0.716924
3.80098,-0.469112,-0.494781,-0.540943,3.79634,-0.464661,-0.492118,-0.540646,3.78612,-0.744534,-0.741106,-0.718166
3.81083,-0.469325,-0.495555,-0.541827,3.80595,-0.464502,-0.492669,-0.541437,3.79585,-0.745449,-0.74212,-0.720211
3.82069,-0.469171,-0.496057,-0.542538,3.81556,-0.464644,-0.493386,-0.542296,3.8056,-0.747039,-0.743473,-0.721333
3.83055,-0.469363,-0.496703,-0.543265,3.82519,-0.464551,-0.493864,-0.542943,3.81536,-0.748091,-0.744885,-0.724245
3.84043,-0.469256,-0.49714,-0.543867,3.83482,-0.464641,-0.494452,-0.543674,3.82513,-0.749397,-0.745809,-0.724519
3.85031,-0.46942,-0.497692,-0.544508,3.84447,-0.464521,-0.494827,-0.544219,3.83491,-0.750752,-0.747402,-0.727311
3.86021,-0.469293,-0.498046,-0.545055,3.85413,-0.464613,-0.495345,-0.544876,3.84471,-0.751038,-0.74762,-0.726895
3.87012,-0.469197,-0.498353,-0.545529,3.86382,-0.46449,-0.495656,-0.545352,3.85453,-0.753102,-0.749934,-0.730674
3.88002,-0.469293,-0.49883,-0.54615,3.87352,-0.464273,-0.495882,-0.545763,3.86436,-0.753523,-0.750293,-0.730264
3.88994,-0.469187,-0.499072,-0.546537,3.88324,-0.464421,-0.496364,-0.546401,3.8742,-0.755415,-0.752275,-0.733084
3.89986,-0.469275,-0.499506,-0.547123,3.89298,-0.4642,-0.496531,-0.546722,3.88405,-0.754954,-0.752046,-0.732886
3.90978,-0.469105,-0.499674,-0.547479,3.90273,-0.464345,-0.496976,-0.54733,3.89392,-0.757537,-0.754859,-0.736404
3.91971,-0.46923,-0.500102,-0.548024,3.91249,-0.464069,-0.497078,-0.547632,3.90379,-0.754328,-0.751937,-0.733027
3.92964,-0.469054,-0.500243,-0.548361,3.92226,-0.464249,-0.497517,-0.548196,3.91367,-0.759299,-0.757053,-0.73903
3.93957,-0.469169,-0.500644,-0.548885,3.93205,-0.46397,-0.497595,-0.548481,3.92356,-0.759799,-0.757763,-0.739846
3.94951,-0.468984,-0.500762,-0.549206,3.94185,-0.46413,-0.498001,-0.549031,3.93345,-0.759758,-0.758383,-0.740844
3.95945,-0.469089,-0.501142,-0.549713,3.95166,-0.463859,-0.498068,-0.5493,3.94334,-0.761426,-0.760071,-0.742689
3.9694,-0.468903,-0.501343,-0.550352,3.96148,-0.464009,-0.498454,-0.549834,3.95324,-0.762971,-0.762029,-0.745008
3.97934,-0.468984,-0.501616,-0.550557,3.97131,-0.463733,-0.498508,-0.550095,3.96315,-0.763705,-0.763019,-0.746223
3.98929,-0.466038,-0.499264,-0.548189,3.98115,-0.463568,-0.498508,-0.550024,3.97306,-0.763661,-0.763686,-0.747244
3.99924,-0.468513,-0.501881,-0.551269,3.991,-0.463655,-0.499011,-0.550968,3.98297,-0.765278,-0.765364,-0.749038
4.0092,-0.469327,-0.502626,-0.551748,4.00085,-0.463958,-0.499538,-0.551593,3.99288,-0.766891,-0.767459,-0.751494
4.01916,-0.468369,-0.502813,-0.553554,4.01072,-0.463831,-0.499727,-0.551988,4.0028,-0.768504,-0.769365,-0.75348
4.02911,-0.469256,-0.503288,-0.553086,4.02058,-0.464001,-0.500172,-0.552609,4.01272,-0.768996,-0.770599,-0.755558
4.03907,-0.469158,-0.503383,-0.553165,4.03045,-0.463818,-0.500324,-0.552978,4.02265,-0.768784,-0.770461,-0.754716
4.04904,-0.46915,-0.504329,-0.555163,4.04032,-0.464009,-0.500782,-0.553622,4.03259,-0.771036,-0.77348,-0.758982
4.059,-0.468938,-0.504054,-0.554585,4.05019,-0.463851,-0.500877,-0.553957,4.04252,-0.770734,-0.773247,-0.757997
4.06897,-0.469489,-0.504553,-0.554852,4.06006,-0.464072,-0.501438,-0.554576,4.05247,-0.773032,-0.776317,-0.762308
4.07894,-0.469072,-0.505211,-0.556608,4.06994,-0.463883,-0.501572,-0.554934,4.06241,-0.77272,-0.776073,-0.761313
4.08891,-0.46818,-0.50434,-0.55543,4.07982,-0.464145,-0.501998,-0.555539,4.07236,-0.775016,-0.779138,-0.765607
4.09888,-0.469474,-0.50544,-0.556276,4.08971,-0.464022,-0.502215,-0.555861,4.08231,-0.775894,-0.780169,-0.766284
4.10886,-0.469293,-0.506226,-0.558119,4.0996,-0.464198,-0.502657,-0.556508,4.09227,-0.777698,-0.782451,-0.76926
4.11884,-0.468043,-0.505132,-0.556843,4.10949,-0.46403,-0.502761,-0.556849,4.10222,-0.777767,-0.782969,-0.76953
4.12882,-0.469619,-0.50645,-0.557792,4.1194,-0.464249,-0.503372,-0.557514,4.11218,-0.779682,-0.78521,-0.772396
4.1388,-0.469358,-0.507179,-0.559601,4.1293,-0.464064,-0.503417,-0.557906,4.12214,-0.779751,-0.785752,-0.7728
4.14878,-0.468151,-0.506135,-0.558365,4.13921,-0.464308,-0.503933,-0.558525,4.1321,-0.781668,-0.787906,-0.775352
4.15876,-0.469687,-0.507412,-0.55928,4.14912,-0.464179,-0.504111,-0.558903,4.14206,-0.781143,-0.788324,-0.776465
4.16875,-0.469503,-0.508209,-0.561201,4.15904,-0.464367,-0.504593,-0.559564,4.15203,-0.783571,-0.790563,-0.778534
4.17873,-0.46822,-0.507103,-0.559923,4.16896,-0.464236,-0.504772,-0.559941,4.16199,-0.784248,-0.791648,-0.779678
4.18871,-0.469742,-0.508413,-0.56086,4.17888,-0.464426,-0.50526,-0.56061,4.17196,-0.785355,-0.793155,-0.781547
4.1987,-0.469664,-0.50917,-0.562588,4.18881,-0.46429,-0.505458,-0.561041,4.18193,-0.785263,-0.793366,-0.781989
4.20868,-0.469357,-0.508882,-0.561977,4.19875,-0.46448,-0.505928,-0.561672,4.1919,-0.787284,-0.79583,-0.784726
4.21867,-0.469852,-0.50954,-0.562805,4.20868,-0.464645,-0.506345,-0.562217,4.20187,-0.788223,-0.79708,-0.785966
4.22866,-0.46991,-0.510005,-0.563276,4.21863,-0.464691,-0.506665,-0.562687,4.21184,-0.788926,-0.798332,-0.787961
4.23864,-0.469969,-0.510264,-0.56384,4.22857,-0.464725,-0.507027,-0.563271,4.22181,-0.79006,-0.799583,-0.788912
4.24863,-0.470035,-0.510654,-0.564339,4.23852,-0.464769,-0.507353,-0.563754,4.23178,-0.790867,-0.800909,-0.790991
4.25862,-0.4701,-0.511005,-0.564859,4.24847,-0.464804,-0.507718,-0.564341,4.24176,-0.791951,-0.802122,-0.791918
4.2686,-0.470153,-0.511398,-0.565448,4.25842,-0.464861,-0.50805,-0.564833,4.25173,-0.793228,-0.803806,-0.794329
4.27816,-0.470197,-0.511739,-0.565972,4.26837,-0.464896,-0.508403,-0.565383,4.26171,-0.793583,-0.804476,-0.794764
4.28771,-0.470232,-0.51212,-0.566563,4.27833,-0.464948,-0.508746,-0.565908,4.27169,-0.79512,-0.806308,-0.797284
4.29726,-0.470354,-0.512539,-0.567145,4.28829,-0.464983,-0.509101,-0.566461,4.28123,-0.7957,-0.807122,-0.797874
4.30681,-0.470536,-0.512932,-0.567468,4.29825,-0.465114,-0.509541,-0.567088,4.2908,-0.796944,-0.808737,-0.800179
4.31642,-0.470637,-0.513429,-0.568317,4.30822,-0.465251,-0.509985,-0.567691,4.30039,-0.797615,-0.809637,-0.800832
4.32602,-0.470822,-0.513859,-0.568736,4.31818,-0.465423,-0.510373,-0.568074,4.31001,-0.798958,-0.81134,-0.803203
4.33565,-0.470921,-0.514361,-0.569588,4.32815,-0.465548,-0.5109,-0.568931,4.31964,-0.79967,-0.812264,-0.803902
4.34528,-0.471115,-0.514805,-0.570022,4.33812,-0.465719,-0.511316,-0.56938,4.32932,-0.800986,-0.813943,-0.806232
4.35492,-0.471229,-0.515321,-0.570899,4.34809,-0.465851,-0.511857,-0.570252,4.33902,-0.801903,-0.815102,-0.807168
4.36457,-0.471427,-0.515768,-0.571332,4.35806,-0.466028,-0.512283,-0.57071,4.34875,-0.80303,-0.816548,-0.809276
4.37424,-0.471541,-0.516291,-0.572215,4.36804,-0.466167,-0.512835,-0.571599,4.35848,-0.803932,-0.817695,-0.810192
4.3839,-0.47175,-0.516749,-0.572661,4.37801,-0.46635,-0.51327,-0.572064,4.36822,-0.805112,-0.81917,-0.81233
4.39359,-0.471876,-0.517281,-0.57356,4.38798,-0.466494,-0.513831,-0.572967,4.37797,-0.805996,-0.8203,-0.813228
4.40327,-0.472088,-0.51774,-0.574003,4.39796,-0.466683,-0.514272,-0.573437,4.38773,-0.807186,-0.821781,-0.815377
4.41297,-0.472213,-0.518276,-0.574907,4.40793,-0.466831,-0.51484,-0.574352,4.39749,-0.808073,-0.822905,-0.816264
4.42267,-0.472435,-0.518744,-0.575362,4.41791,-0.467023,-0.515286,-0.574826,4.40726,-0.809268,-0.824387,-0.818419
4.43239,-0.472573,-0.519289,-0.576279,4.42789,-0.467178,-0.515862,-0.575753,4.41705,-0.810146,-0.825508,-0.819297
4.44211,-0.472798,-0.519758,-0.576728,4.43786,-0.467379,-0.516312,-0.576227,4.42684,-0.811324,-0.826991,-0.82144
4.45184,-0.472935,-0.520304,-0.577649,4.44784,-0.467536,-0.516892,-0.57716,4.43665,-0.812185,-0.82811,-0.822319
4.46157,-0.473168,-0.520779,-0.578106,4.45782,-0.46774,-0.517344,-0.57764,4.44647,-0.813352,-0.829592,-0.82447
4.47132,-0.473314,-0.521329,-0.579036,4.4678,-0.467901,-0.517928,-0.578582,4.4563,-0.814207,-0.830707,-0.825349
4.48106,-0.473543,-0.521798,-0.579486,4.47778,-0.468108,-0.518379,-0.579056,4.46613,-0.81537,-0.832183,-0.827475
4.49083,-0.473681,-0.522342,-0.580412,4.48776,-0.468263,-0.518957,-0.579998,4.47597,-0.816402,-0.833438,-0.828505
4.50059,-0.473911,-0.522813,-0.580877,4.49775,-0.468468,-0.519404,-0.580474,4.48582,-0.817394,-0.83477,-0.830446
4.51036,-0.474046,-0.523363,-0.581819,4.50773,-0.468616,-0.519985,-0.581432,4.49566,-0.818408,-0.836017,-0.831497
4.52013,-0.474262,-0.523836,-0.582289,4.51772,-0.468807,-0.520436,-0.581921,4.50552,-0.819402,-0.837344,-0.833431
4.52992,-0.474382,-0.524386,-0.583234,4.5277,-0.468943,-0.52102,-0.582887,4.51538,-0.820422,-0.838578,-0.834441
4.53971,-0.474598,-0.524862,-0.58371,4.53768,-0.469132,-0.521473,-0.583373,4.52526,-0.821244,-0.840099,-0.837353
4.5495,-0.474716,-0.525411,-0.584658,4.54767,-0.469259,-0.522052,-0.584339,4.53514,-0.822418,-0.8411,-0.837319
4.5593,-0.474926,-0.525881,-0.585122,4.55766,-0.469446,-0.522503,-0.584823,4.54504,-0.82338,-0.84253,-0.83974
4.56911,-0.475083,-0.526481,-0.586119,4.56764,-0.469606,-0.523122,-0.585827,4.55495,-0.824451,-0.843652,-0.840264
4.57892,-0.475361,-0.527019,-0.586634,4.57763,-0.469857,-0.523639,-0.586358,4.56333,-0.825088,-0.845029,-0.843115
4.58874,-0.475537,-0.527636,-0.587653,4.58762,-0.470036,-0.524284,-0.58739,4.57171,-0.82618,-0.845884,-0.84279
4.59855,-0.475824,-0.528175,-0.588148,4.59761,-0.470304,-0.524802,-0.587899,4.5798,-0.827048,-0.846965,-0.844236
4.60838,-0.476001,-0.52879,-0.589177,4.6076,-0.470482,-0.525444,-0.588953,4.588,-0.827941,-0.848107,-0.845266
4.61799,-0.476289,-0.529313,-0.589636,4.61759,-0.470755,-0.525969,-0.589458,4.5964,-0.828719,-0.849529,-0.848075
4.62761,-0.47646,-0.529917,-0.590662,4.62758,-0.470941,-0.526594,-0.590482,4.60481,-0.829759,-0.850348,-0.847955
4.63724,-0.476758,-0.530428,-0.591082,4.63757,-0.471221,-0.527108,-0.590957,4.6133,-0.830729,-0.851485,-0.849116
4.64688,-0.47693,-0.531023,-0.592087,4.64756,-0.471412,-0.527728,-0.591969,4.62187,-0.831686,-0.85264,-0.850351
4.65653,-0.477234,-0.531538,-0.592502,4.65755,-0.471699,-0.52825,-0.59243,4.63062,-0.832692,-0.853826,-0.85159
4.66619,-0.477419,-0.532149,-0.593507,4.66754,-0.471894,-0.528879,-0.59343,4.63943,-0.833695,-0.855007,-0.852847
4.67586,-0.477723,-0.532666,-0.593897,4.67753,-0.472185,-0.529407,-0.593881,4.64838,-0.834683,-0.856301,-0.854483
4.68554,-0.477911,-0.53328,-0.594889,4.68753,-0.472379,-0.530037,-0.594868,4.65738,-0.835771,-0.857405,-0.855339
4.69522,-0.478213,-0.533792,-0.595265,4.69752,-0.472659,-0.53055,-0.595289,4.66651,-0.836781,-0.858711,-0.856976
4.70491,-0.478396,-0.534398,-0.596234,4.70752,-0.472851,-0.531176,-0.596261,4.67568,-0.837883,-0.859827,-0.857826
4.71459,-0.478682,-0.534901,-0.596597,4.71751,-0.473112,-0.531677,-0.596669,4.68495,-0.8389,-0.861132,-0.859437
4.72429,-0.478835,-0.535444,-0.597474,4.72751,-0.473279,-0.532221,-0.597518,4.69426,-0.840004,-0.862233,-0.860254
4.73401,-0.478705,-0.535501,-0.597374,4.7375,-0.473143,-0.532255,-0.597403,4.70365,-0.841026,-0.863498,-0.861784
4.74374,-0.479189,-0.53617,-0.5983,4.7475,-0.473597,-0.532923,-0.598351,4.71307,-0.841985,-0.864386,-0.862318
4.75348,-0.478845,-0.536119,-0.598409,4.75749,-0.473231,-0.532748,-0.598284,4.72257,-0.843146,-0.865769,-0.863974
4.76324,-0.479425,-0.536545,-0.598698,4.76749,-0.473788,-0.533238,-0.598662,4.73209,-0.844043,-0.866708,-0.864902
4.77302,-0.479,-0.536244,-0.598526,4.77748,-0.473351,-0.532821,-0.598325,4.74166,-0.845203,-0.867917,-0.866067
4.7828,-0.479532,-0.536461,-0.598516,4.78748,-0.473855,-0.533122,-0.598507,4.75126,-0.846008,-0.868713,-0.866824
4.7926,-0.479057,-0.536051,-0.598261,4.79748,-0.473324,-0.532511,-0.597977,4.76088,-0.847129,-0.869802,-0.867895
4.80241,-0.479474,-0.536062,-0.598109,4.80747,-0.473713,-0.532607,-0.597988,4.77052,-0.847866,-0.870443,-0.868491
4.81222,-0.478774,-0.535305,-0.597441,4.81747,-0.47295,-0.531683,-0.597147,4.78018,-0.848908,-0.871388,-0.869433
4.82205,-0.479197,-0.535301,-0.597366,4.82747,-0.47333,-0.531743,-0.597204,4.78986,-0.849181,-0.871397,-0.869225
4.83189,-0.478059,-0.53406,-0.596345,4.83746,-0.470488,-0.528715,-0.593838,4.79956,-0.850507,-0.872748,-0.870852
4.84174,-0.478654,-0.534242,-0.59645,4.84746,-0.472263,-0.530256,-0.595866,4.80927,-0.849828,-0.871703,-0.869386
4.85159,-0.475738,-0.531146,-0.593355,4.85746,-0.471698,-0.529325,-0.595285,4.819,-0.851766,-0.873602,-0.87175
4.86145,-0.476833,-0.531976,-0.594637,4.86746,-0.470871,-0.528292,-0.594045,4.82873,-0.847159,-0.869011,-0.865981
4.87132,-0.476817,-0.531699,-0.594218,4.87746,-0.470337,-0.527411,-0.593582,4.83823,-0.850967,-0.872751,-0.870767
4.88119,-0.475155,-0.529994,-0.592991,4.88745,-0.469015,-0.526319,-0.59274,4.84774,-0.851386,-0.872919,-0.871382
4.89106,-0.474648,-0.529667,-0.593212,4.89745,-0.469042,-0.526318,-0.592871,4.85728,-0.848316,-0.870537,-0.868753
4.90094,-0.475422,-0.52975,-0.592166,4.90745,-0.468696,-0.525178,-0.590647,4.86684,-0.849863,-0.872433,-0.871991
4.91083,-0.473673,-0.528322,-0.59126,4.91745,-0.464512,-0.522191,-0.589434,4.87642,-0.851326,-0.873295,-0.87242
4.92073,-0.469736,-0.52428,-0.586608,4.92745,-0.464036,-0.520986,-0.586403,4.88603,-0.846403,-0.869526,-0.868349
4.93063,-0.471656,-0.525863,-0.587742,4.93745,-0.464118,-0.520376,-0.585967,4.89565,-0.846358,-0.869564,-0.869923
4.94054,-0.467061,-0.521752,-0.58583,4.94745,-0.460013,-0.517572,-0.584965,4.9053,-0.849766,-0.872325,-0.87222
4.95045,-0.467115,-0.521158,-0.583227,4.95744,-0.460404,-0.51749,-0.58338,4.91497,-0.850051,-0.873486,-0.874017
4.96036,-0.467947,-0.522187,-0.58494,4.96744,-0.460406,-0.516806,-0.582537,4.92465,-0.844376,-0.868252,-0.869414
4.97028,-0.46408,-0.519559,-0.58416,4.97744,-0.456236,-0.513731,-0.581215,4.93436,-0.847078,-0.870458,-0.871084
4.98019,-0.460915,-0.515069,-0.577495,4.98744,-0.456358,-0.513382,-0.578985,4.94406,-0.848211,-0.872233,-0.873218
4.99012,-0.463497,-0.517653,-0.580324,4.997,-0.455577,-0.512235,-0.578755,4.95378,-0.844316,-0.868542,-0.870592
5.00004,-0.458995,-0.514352,-0.579128,5.00659,-0.451404,-0.508657,-0.575819,4.96351,-0.845892,-0.869651,-0.870843
5.00997,-0.455652,-0.509691,-0.572206,5.01618,-0.451138,-0.508359,-0.574931,4.97302,-0.846293,-0.870881,-0.873216
5.0199,-0.458127,-0.5124,-0.575763,5.02579,-0.450155,-0.506922,-0.573902,4.98253,-0.840427,-0.865297,-0.868147
5.02983,-0.452356,-0.507189,-0.572035,5.03542,-0.445923,-0.503079,-0.570747,4.99207,-0.841112,-0.865406,-0.867139
5.03976,-0.451706,-0.506205,-0.570009,5.04505,-0.445457,-0.502563,-0.569474,5.00164,-0.843784,-0.868584,-0.871724
5.0497,-0.452684,-0.507154,-0.571405,5.0547,-0.442179,-0.49859,-0.565982,5.0112,-0.834279,-0.859414,-0.862488
5.05965,-0.445873,-0.500416,-0.565011,5.06437,-0.438655,-0.496156,-0.563918,5.02077,-0.83623,-0.860688,-0.863443
5.06959,-0.444414,-0.498933,-0.562657,5.07406,-0.439458,-0.497076,-0.564097,5.03035,-0.839315,-0.864199,-0.86804
5.07953,-0.446354,-0.501502,-0.565735,5.08376,-0.435793,-0.492919,-0.560565,5.03996,-0.832507,-0.85825,-0.863691
5.08948,-0.438539,-0.493876,-0.55885,5.09348,-0.430128,-0.487728,-0.554616,5.04957,-0.832987,-0.85776,-0.86144
5.09943,-0.438092,-0.493099,-0.556825,5.1032,-0.432007,-0.490096,-0.557395,5.05919,-0.834306,-0.85934,-0.864049
5.10938,-0.43908,-0.494915,-0.559717,5.11294,-0.428113,-0.485574,-0.553567,5.06882,-0.824261,-0.849622,-0.853954
5.11933,-0.429488,-0.484492,-0.548233,5.12267,-0.422501,-0.480322,-0.547498,5.07845,-0.826204,-0.851044,-0.85528
5.12928,-0.430637,-0.485998,-0.550168,5.13241,-0.423942,-0.482081,-0.549765,5.08808,-0.828492,-0.853426,-0.858834
5.13923,-0.430707,-0.48648,-0.551484,5.14217,-0.419871,-0.47716,-0.545408,5.09773,-0.819279,-0.844096,-0.849578
5.14919,-0.419897,-0.474033,-0.537645,5.15194,-0.415124,-0.472435,-0.539656,5.10738,-0.820976,-0.845699,-0.850835
5.15915,-0.421618,-0.476107,-0.539857,5.16171,-0.415924,-0.473389,-0.541131,5.11703,-0.821354,-0.846233,-0.852448
5.1691,-0.422015,-0.47705,-0.542005,5.17149,-0.41165,-0.468161,-0.536577,5.1267,-0.809155,-0.833152,-0.837893
5.17907,-0.411812,-0.464335,-0.527224,5.18128,-0.407717,-0.463716,-0.530617,5.13637,-0.812178,-0.836448,-0.842036
5.18903,-0.414445,-0.467913,-0.532081,5.19108,-0.405296,-0.460383,-0.528449,5.14606,-0.813112,-0.83783,-0.844998
5.19899,-0.412549,-0.465894,-0.530885,5.20088,-0.404362,-0.459552,-0.527611,5.15576,-0.801787,-0.825426,-0.830742
5.20896,-0.404242,-0.45442,-0.516447,5.21071,-0.397253,-0.449688,-0.515955,5.16547,-0.804817,-0.829007,-0.835619
5.21893,-0.406015,-0.457257,-0.521322,5.22053,-0.398457,-0.451655,-0.519241,5.17519,-0.803366,-0.828052,-0.83647
5.2289,-0.401955,-0.451655,-0.515042,5.23036,-0.39395,-0.445295,-0.51214,5.18491,-0.79444,-0.817541,-0.823573
5.23887,-0.39997,-0.44874,-0.511914,5.24019,-0.392253,-0.442713,-0.509203,5.19463,-0.796339,-0.820778,-0.829363
5.24884,-0.396022,-0.442872,-0.505362,5.25005,-0.388061,-0.436355,-0.502056,5.20413,-0.792444,-0.816852,-0.825104
5.25882,-0.394201,-0.440027,-0.502119,5.25991,-0.386491,-0.433857,-0.499218,5.21366,-0.789825,-0.814764,-0.822899
5.26879,-0.390321,-0.433738,-0.494851,5.26979,-0.382764,-0.427674,-0.492037,5.22321,-0.785872,-0.810709,-0.818481
5.27877,-0.38849,-0.43074,-0.491461,5.27968,-0.380876,-0.424316,-0.488176,5.23279,-0.783497,-0.808641,-0.815977
5.28875,-0.385015,-0.423924,-0.483139,5.28958,-0.377482,-0.417077,-0.479268,5.24239,-0.779738,-0.804513,-0.81114
5.29874,-0.382764,-0.418799,-0.476992,5.29948,-0.375177,-0.411744,-0.472835,5.25201,-0.777488,-0.802187,-0.808051
5.30872,-0.379312,-0.410376,-0.465289,5.30939,-0.371922,-0.403648,-0.461425,5.26166,-0.774165,-0.798096,-0.802947
5.3187,-0.377357,-0.406082,-0.460915,5.31931,-0.370005,-0.399416,-0.457069,5.27132,-0.771939,-0.795294,-0.798855
5.32869,-0.373966,-0.396953,-0.447332,5.32925,-0.366876,-0.390621,-0.443991,5.28102,-0.769566,-0.791962,-0.79414
5.33868,-0.373027,-0.394125,-0.445321,5.33919,-0.36595,-0.38775,-0.4417,5.29074,-0.767663,-0.788909,-0.788779
5.34867,-0.370619,-0.386586,-0.433085,5.34914,-0.36381,-0.380746,-0.430163,5.30046,-0.766403,-0.786556,-0.785015
5.35866,-0.369826,-0.383776,-0.430148,5.35909,-0.362973,-0.37781,-0.426807,5.31019,-0.76539,-0.784327,-0.780767
5.36866,-0.368357,-0.377962,-0.419668,5.36906,-0.361646,-0.372227,-0.416622,5.31995,-0.764044,-0.780443,-0.772611
5.37842,-0.367711,-0.374955,-0.415456,5.37902,-0.361077,-0.369236,-0.412217,5.32972,-0.763897,-0.779102,-0.769936
5.38821,-0.367134,-0.370326,-0.4062,5.38899,-0.360723,-0.364905,-0.403234,5.33951,-0.763751,-0.776218,-0.762811
5.39801,-0.366982,-0.367069,-0.400539,5.39896,-0.360718,-0.361716,-0.397463,5.34932,-0.76409,-0.774153,-0.757846
5.40758,-0.367485,-0.363189,-0.391679,5.40894,-0.361386,-0.357965,-0.388846,5.35916,-0.764796,-0.770907,-0.750395
5.41718,-0.368158,-0.3598,-0.384783,5.41891,-0.362389,-0.354813,-0.381821,5.36903,-0.766025,-0.767203,-0.742055
5.42683,-0.369921,-0.356881,-0.376835,5.42889,-0.364408,-0.351989,-0.37394,5.37892,-0.768114,-0.764137,-0.734005
5.43652,-0.372005,-0.35237,-0.367182,5.43887,-0.366687,-0.347042,-0.363545,5.3863,-0.769589,-0.76095,-0.727398
5.44627,-0.374865,-0.347992,-0.35739,5.44886,-0.369903,-0.342988,-0.354074,5.39383,-0.774996,-0.759812,-0.719641
5.45605,-0.378963,-0.344962,-0.348866,5.45885,-0.374499,-0.340441,-0.345936,5.40149,-0.779808,-0.758965,-0.713476
5.46587,-0.384283,-0.343271,-0.341418,5.46884,-0.380011,-0.338969,-0.338657,5.40943,-0.785688,-0.759336,-0.708222
5.4757,-0.390625,-0.343023,-0.335126,5.47883,-0.386867,-0.339176,-0.332626,5.41761,-0.792521,-0.760684,-0.70421
5.48555,-0.398501,-0.344555,-0.330002,5.48882,-0.395128,-0.341215,-0.327849,5.42601,-0.800698,-0.762755,-0.700244
5.4954,-0.406601,-0.347702,-0.32681,5.49881,-0.403299,-0.344865,-0.325303,5.4346,-0.809655,-0.765541,-0.696893
5.50527,-0.414434,-0.351829,-0.325121,5.5088,-0.411033,-0.349259,-0.324066,5.44335,-0.819806,-0.770123,-0.695198
5.51515,-0.421994,-0.356608,-0.324711,5.5188,-0.41861,-0.35416,-0.323839,5.45225,-0.831376,-0.776686,-0.695231
5.52504,-0.429486,-0.362068,-0.325501,5.52879,-0.426066,-0.359878,-0.325233,5.46128,-0.842607,-0.784077,-0.696754
5.53494,-0.436827,-0.368158,-0.32766,5.53878,-0.433441,-0.365983,-0.3274,5.46737,-0.851689,-0.790094,-0.698311
5.54485,-0.444034,-0.373906,-0.329613,5.54878,-0.44061,-0.371908,-0.329817,5.47368,-0.858956,-0.795043,-0.699821
5.55475,-0.451061,-0.380051,-0.332594,5.55877,-0.447705,-0.378273,-0.333095,5.48019,-0.865051,-0.799735,-0.702213
5.56467,-0.458263,-0.386724,-0.336358,5.56877,-0.454964,-0.385075,-0.337169,5.48711,-0.871037,-0.805018,-0.705881
5.57459,-0.465449,-0.393785,-0.34088,5.57876,-0.462095,-0.392272,-0.341943,5.49419,-0.876886,-0.811059,-0.710193
5.58452,-0.472103,-0.401116,-0.346282,5.58876,-0.468658,-0.399575,-0.347527,5.50144,-0.882762,-0.817888,-0.715744
5.59444,-0.47844,-0.408406,-0.352141,5.59875,-0.475008,-0.406926,-0.35368,5.50883,-0.888584,-0.825431,-0.722413
5.60437,-0.48475,-0.415942,-0.358233,5.60875,-0.481248,-0.414455,-0.359598,5.51636,-0.893265,-0.83338,-0.730288
5.6143,-0.490793,-0.423395,-0.364477,5.61874,-0.487227,-0.421844,-0.365887,5.52403,-0.898667,-0.842092,-0.739466
5.62423,-0.496576,-0.430745,-0.37084,5.62874,-0.492906,-0.429195,-0.372382,5.53197,-0.901599,-0.850039,-0.749068
5.63416,-0.502162,-0.438078,-0.377284,5.63873,-0.498445,-0.436344,-0.378702,5.54002,-0.902127,-0.85686,-0.759566
5.64409,-0.506908,-0.444979,-0.38385,5.64873,-0.503234,-0.44341,-0.385597,5.54818,-0.904256,-0.864821,-0.7712
5.65403,-0.511933,-0.45236,-0.391249,5.65873,-0.508274,-0.450796,-0.392929,5.55644,-0.907643,-0.873879,-0.783544
5.66398,-0.516934,-0.459663,-0.398262,5.66872,-0.513285,-0.457993,-0.399899,5.5648,-0.911855,-0.883552,-0.796423
5.67392,-0.521759,-0.466702,-0.405242,5.67872,-0.517911,-0.464906,-0.406694,5.57315,-0.916039,-0.892481,-0.807923
5.68387,-0.526441,-0.473449,-0.411535,5.68871,-0.522554,-0.471598,-0.413036,5.5817,-0.919723,-0.900499,-0.818492
5.69382,-0.530772,-0.480051,-0.417949,5.69871,-0.526126,-0.477818,-0.419609,5.59032,-0.923379,-0.907684,-0.827478
5.70378,-0.534024,-0.486021,-0.424453,5.70871,-0.529465,-0.48376,-0.425896,5.59902,-0.926991,-0.913989,-0.834225
5.71373,-0.537134,-0.491698,-0.430531,5.7187,-0.532603,-0.489474,-0.432027,5.60779,-0.93164,-0.919843,-0.83957
5.72346,-0.538706,-0.496466,-0.436625,5.7287,-0.534309,-0.494142,-0.43805,5.61656,-0.936318,-0.925442,-0.846233
5.7332,-0.54064,-0.501344,-0.442998,5.7387,-0.536299,-0.499077,-0.444222,5.62533,-0.940547,-0.930025,-0.85138
5.74295,-0.542695,-0.506127,-0.448592,5.74869,-0.538161,-0.503817,-0.450111,5.63417,-0.945014,-0.934288,-0.855762
5.75272,-0.544829,-0.510996,-0.454761,5.75869,-0.540449,-0.508669,-0.455776,5.64301,-0.948696,-0.937585,-0.860026
5.76249,-0.547494,-0.516118,-0.460679,5.76869,-0.542937,-0.513514,-0.461504,5.65184,-0.952298,-0.940764,-0.863765
5.77226,-0.549804,-0.520584,-0.465904,5.77869,-0.545238,-0.517997,-0.46689,5.66082,-0.955863,-0.944236,-0.86884
5.78204,-0.552497,-0.525355,-0.471776,5.78868,-0.547595,-0.522335,-0.472468,5.66985,-0.959122,-0.946027,-0.869904
5.79182,-0.554483,-0.529026,-0.475996,5.79868,-0.54972,-0.526115,-0.476583,5.67888,-0.962007,-0.948868,-0.874597
5.80161,-0.556931,-0.533104,-0.48056,5.80868,-0.552573,-0.530431,-0.481351,5.68796,-0.964527,-0.951182,-0.878307
5.81141,-0.559592,-0.536317,-0.482864,5.81824,-0.554014,-0.533433,-0.485352,5.69709,-0.968552,-0.954009,-0.880296
5.82122,-0.561328,-0.539891,-0.487773,5.82783,-0.556096,-0.536453,-0.487959,5.70603,-0.969565,-0.954911,-0.883262
5.83103,-0.56331,-0.543337,-0.492313,5.83743,-0.558673,-0.540237,-0.492172,5.71503,-0.972827,-0.957823,-0.886923
5.84086,-0.564854,-0.546155,-0.496367,5.84704,-0.559885,-0.542685,-0.49582,5.72402,-0.975236,-0.958363,-0.885806
5.85068,-0.566536,-0.548023,-0.496841,5.85667,-0.561232,-0.544703,-0.497809,5.73302,-0.976859,-0.960024,-0.888463
5.86051,-0.568462,-0.551346,-0.501879,5.86632,-0.563621,-0.547852,-0.501054,5.74214,-0.978002,-0.961277,-0.891133
5.87036,-0.569597,-0.553343,-0.504381,5.87597,-0.564372,-0.549598,-0.503796,5.7513,-0.980666,-0.963628,-0.894076
5.88021,-0.570109,-0.554625,-0.506009,5.88564,-0.564975,-0.551116,-0.506037,5.76051,-0.980985,-0.963335,-0.894226
5.89008,-0.570947,-0.555729,-0.506598,5.89533,-0.565241,-0.551852,-0.50654,5.76976,-0.984707,-0.966394,-0.896715
5.89995,-0.572425,-0.557889,-0.509103,5.90503,-0.56725,-0.554777,-0.510388,5.77905,-0.984198,-0.966031,-0.89733
5.90983,-0.572079,-0.55795,-0.509288,5.91473,-0.568853,-0.555807,-0.508908,5.78834,-0.986534,-0.967802,-0.899904
5.91972,-0.573379,-0.559011,-0.509654,5.92445,-0.568301,-0.55557,-0.509465,5.79767,-0.989244,-0.969835,-0.900906
5.92961,-0.57518,-0.560776,-0.511176,5.93419,-0.567999,-0.555438,-0.509502,5.80704,-0.993222,-0.973844,-0.905909
5.93951,-0.574677,-0.560502,-0.511328,5.94395,-0.568424,-0.556334,-0.51112,5.81648,-0.992412,-0.972937,-0.906198
5.94941,-0.574468,-0.560519,-0.511721,5.95372,-0.569496,-0.557596,-0.512878,5.82599,-0.992948,-0.972512,-0.90394
5.95932,-0.575606,-0.561922,-0.512996,5.96351,-0.569634,-0.55686,-0.510433,5.83555,-0.991285,-0.970796,-0.902244
5.96923,-0.57704,-0.563361,-0.514202,5.97332,-0.571017,-0.558342,-0.51127,5.84517,-0.997088,-0.976509,-0.909849
5.97914,-0.577491,-0.562712,-0.511868,5.98312,-0.571965,-0.55956,-0.512832,5.85483,-0.99758,-0.976797,-0.910273
5.98906,-0.577422,-0.562677,-0.511955,5.99295,-0.571818,-0.559166,-0.512189,5.86453,-0.994991,-0.973812,-0.906056
5.99899,-0.581279,-0.566299,-0.514969,6.0028,-0.573514,-0.560839,-0.514227,5.87425,-0.994887,-0.973306,-0.904726
6.00892,-0.585872,-0.570747,-0.519773,6.01265,-0.577508,-0.564723,-0.518496,5.88397,-0.9957,-0.973625,-0.904486
6.01886,-0.587454,-0.571899,-0.520639,6.02251,-0.579051,-0.565857,-0.519319,5.89372,-0.99705,-0.974734,-0.905978
6.02881,-0.588886,-0.572884,-0.521354,6.0324,-0.580475,-0.566857,-0.520029,5.90352,-0.998317,-0.976322,-0.909187
6.03877,-0.590258,-0.573804,-0.522037,6.0423,-0.581841,-0.567785,-0.5207,5.91334,-0.999838,-0.9774,-0.908826
6.04874,-0.59158,-0.574665,-0.522691,6.05223,-0.583159,-0.568659,-0.521346,5.92318,-0.998181,-0.975606,-0.906943
6.05871,-0.592856,-0.575476,-0.523319,6.06217,-0.584428,-0.569474,-0.521957,5.93303,-1.00083,-0.977791,-0.909312
6.06869,-0.594012,-0.576043,-0.523656,6.07212,-0.585542,-0.569952,-0.52215,5.9429,-1.00035,-0.976758,-0.907351
6.07868,-0.595014,-0.576444,-0.523884,6.08209,-0.586502,-0.570338,-0.522375,5.95278,-0.998481,-0.974841,-0.905235
6.08867,-0.595931,-0.576778,-0.524093,6.09206,-0.587405,-0.570662,-0.522558,5.96268,-1.00005,-0.976582,-0.906795
6.09866,-0.596791,-0.577049,-0.524255,6.10203,-0.58825,-0.570915,-0.522685,5.97259,-1.00068,-0.976973,-0.907221
6.10865,-0.597608,-0.577272,-0.524374,6.11201,-0.589051,-0.571119,-0.522776,5.98252,-1.00034,-0.976486,-0.906838
6.11864,-0.598371,-0.577434,-0.524445,6.12199,-0.589805,-0.571264,-0.522815,5.99245,-1.00211,-0.977711,-0.907919
6.12863,-0.599097,-0.577558,-0.524491,6.13198,-0.590524,-0.571373,-0.522838,6.00238,-1.00106,-0.976529,-0.906442
6.13863,-0.599786,-0.577639,-0.524499,6.14197,-0.591188,-0.571412,-0.522834,6.01233,-1.00298,-0.978209,-0.907795
6.14862,-0.600444,-0.577691,-0.524481,6.15196,-0.592506,-0.57208,-0.523426,6.02229,-1.00444,-0.979411,-0.908807
6.15862,-0.60315,-0.579706,-0.526426,6.16195,-0.595224,-0.574052,-0.525357,6.03225,-1.00588,-0.980597,-0.909799
6.16862,-0.605865,-0.581688,-0.528322,6.17194,-0.597828,-0.575942,-0.527203,6.04223,-1.00731,-0.981774,-0.910778
6.17862,-0.608478,-0.583751,-0.530107,6.18193,-0.600197,-0.577482,-0.527824,6.0522,-1.00873,-0.982951,-0.911754
6.18861,-0.610458,-0.585647,-0.533219,6.19193,-0.602255,-0.579023,-0.529587,6.06219,-1.01014,-0.984114,-0.912712
6.19861,-0.608224,-0.583931,-0.534335,6.20148,-0.603284,-0.579854,-0.531074,6.07217,-1.01136,-0.984927,-0.913253
6.20861,-0.605648,-0.580094,-0.529071,6.21107,-0.60417,-0.58053,-0.532653,6.08216,-1.01248,-0.98572,-0.913861
6.21861,-0.60688,-0.580912,-0.529971,6.2207,-0.599067,-0.574643,-0.526151,6.09215,-1.01356,-0.986489,-0.91445
6.2286,-0.608657,-0.581969,-0.530802,6.23035,-0.597522,-0.572585,-0.524118,6.10214,-1.0146,-0.987225,-0.915004
6.2386,-0.605086,-0.57874,-0.528738,6.24002,-0.59938,-0.574214,-0.52621,6.11214,-1.01561,-0.987943,-0.915539
6.2486,-0.602336,-0.574921,-0.52354,6.24971,-0.600929,-0.575677,-0.528633,6.12213,-1.01659,-0.988625,-0.916042
6.2586,-0.602503,-0.574217,-0.522599,6.25941,-0.594588,-0.56772,-0.518325,6.13213,-1.01754,-0.9893,-0.916538
6.2686,-0.603836,-0.575055,-0.523929,6.26913,-0.593045,-0.566175,-0.518013,6.14213,-1.01846,-0.98995,-0.917003
6.2786,-0.598081,-0.569897,-0.520547,6.27889,-0.594702,-0.567663,-0.520725,6.15212,-1.02014,-0.991274,-0.918145
6.2886,-0.597909,-0.568224,-0.517617,6.28864,-0.594933,-0.567337,-0.520775,6.16212,-1.02339,-0.9941,-0.920398
6.29859,-0.599254,-0.568585,-0.517606,6.29841,-0.584065,-0.555305,-0.506791,6.17212,-1.02659,-0.996832,-0.922677
6.30859,-0.590174,-0.559626,-0.509364,6.30819,-0.587542,-0.558437,-0.510928,6.18212,-1.02963,-0.999551,-0.925332
6.31859,-0.592126,-0.560301,-0.509194,6.31799,-0.589696,-0.560317,-0.514007,6.19212,-1.03225,-1.00188,-0.92722
6.32859,-0.594308,-0.561765,-0.511352,6.32738,-0.583748,-0.553428,-0.50603,6.20211,-1.03221,-1.00235,-0.928452
6.33859,-0.58609,-0.553331,-0.502342,6.33684,-0.584645,-0.55351,-0.506219,6.21211,-1.02945,-0.999508,-0.925407
6.34859,-0.587874,-0.55414,-0.503577,6.34633,-0.584637,-0.553215,-0.50716,6.22211,-1.0271,-0.996776,-0.921791
6.35859,-0.588257,-0.553648,-0.503182,6.35584,-0.573668,-0.541422,-0.494507,6.23211,-1.02868,-0.997965,-0.922471
6.36859,-0.578856,-0.544405,-0.49448,6.36539,-0.577026,-0.543863,-0.496795,6.24211,-1.02985,-0.999712,-0.92518
6.37859,-0.580871,-0.545213,-0.494711,6.37498,-0.579302,-0.545826,-0.499621,6.25211,-1.02514,-0.99508,-0.920752
6.38859,-0.582784,-0.546139,-0.495856,6.38463,-0.570294,-0.535761,-0.488749,6.26211,-1.0225,-0.991522,-0.915086
6.39858,-0.57299,-0.53665,-0.487033,6.39431,-0.572561,-0.537509,-0.490836,6.27211,-1.0243,-0.993214,-0.916852
6.40858,-0.575339,-0.537775,-0.488039,6.40402,-0.573696,-0.538116,-0.492005,6.2821,-1.02558,-0.995018,-0.920684
6.41858,-0.577152,-0.538566,-0.488446,6.41375,-0.561775,-0.525414,-0.478061,6.2921,-1.01191,-0.980921,-0.904384
6.42858,-0.564158,-0.525613,-0.476263,6.42351,-0.567332,-0.530254,-0.483365,6.3021,-1.01666,-0.985741,-0.909853
6.43858,-0.571323,-0.531445,-0.481308,6.43329,-0.567203,-0.529862,-0.484322,6.3121,-1.02094,-0.989741,-0.914465
6.44858,-0.56743,-0.527235,-0.478341,6.44308,-0.557281,-0.51892,-0.471704,6.3221,-1.00958,-0.979758,-0.906903
6.45858,-0.563537,-0.522498,-0.472868,6.45289,-0.562258,-0.523651,-0.478332,6.3321,-1.01261,-0.981736,-0.90692
6.46858,-0.562577,-0.520889,-0.472021,6.46271,-0.556893,-0.51705,-0.470685,6.3421,-1.01567,-0.984305,-0.90904
6.47858,-0.558448,-0.516331,-0.467452,6.47256,-0.555984,-0.516487,-0.472142,6.3521,-1.00005,-0.969835,-0.895307
6.48858,-0.557713,-0.514809,-0.466401,6.48243,-0.552897,-0.511789,-0.465617,6.3621,-1.00505,-0.974082,-0.898892
6.49858,-0.553581,-0.510193,-0.461639,6.49231,-0.551987,-0.511153,-0.467216,6.3721,-1.00969,-0.978242,-0.902901
6.50858,-0.552739,-0.508586,-0.460528,6.5022,-0.547355,-0.504787,-0.458623,6.3821,-1.00089,-0.971047,-0.899171
6.51858,-0.548563,-0.50394,-0.455733,6.51211,-0.546923,-0.504805,-0.461046,6.3921,-1.00231,-0.971345,-0.896675
6.52858,-0.54759,-0.5022,-0.454478,6.52203,-0.542068,-0.498203,-0.452364,6.4021,-1.00288,-0.97155,-0.896355
6.53858,-0.543341,-0.497475,-0.44961,6.53195,-0.541862,-0.498487,-0.455073,6.4121,-0.992578,-0.962824,-0.890247
6.54858,-0.541963,-0.495299,-0.448008,6.54189,-0.536984,-0.491877,-0.446456,6.4221,-0.996956,-0.966084,-0.891763
6.55858,-0.537351,-0.490142,-0.442727,6.55183,-0.535293,-0.490681,-0.447813,6.4321,-0.996436,-0.965336,-0.890495
6.56814,-0.53572,-0.487746,-0.440839,6.56177,-0.530636,-0.484154,-0.439163,6.4421,-0.981356,-0.951398,-0.877173
6.57773,-0.531077,-0.482567,-0.435733,6.57172,-0.529924,-0.483781,-0.441173,6.45186,-0.989855,-0.958767,-0.883787
6.58734,-0.529747,-0.480388,-0.434027,6.58168,-0.524568,-0.476703,-0.432302,6.46164,-0.987054,-0.956155,-0.882134
6.59697,-0.525497,-0.475576,-0.429112,6.59164,-0.523279,-0.475772,-0.433726,6.47144,-0.980306,-0.949734,-0.875265
6.60662,-0.523007,-0.472399,-0.426648,6.6016,-0.515952,-0.466233,-0.421376,6.48125,-0.981374,-0.950263,-0.876504
6.61606,-0.518865,-0.467649,-0.421756,6.61157,-0.516118,-0.467446,-0.426328,6.49108,-0.977258,-0.94629,-0.871888
6.62552,-0.516385,-0.464414,-0.419097,6.62154,-0.509848,-0.458838,-0.415175,6.50092,-0.97598,-0.944781,-0.871285
6.63478,-0.512216,-0.459691,-0.41435,6.63151,-0.508801,-0.458775,-0.41838,6.51079,-0.969289,-0.938495,-0.864651
6.64408,-0.509703,-0.456466,-0.411784,6.64148,-0.503255,-0.450871,-0.407766,6.52066,-0.970071,-0.938593,-0.865319
6.65317,-0.505434,-0.451638,-0.406905,6.65146,-0.501709,-0.450281,-0.41045,6.53055,-0.963432,-0.932399,-0.858898
6.66232,-0.502601,-0.448038,-0.403937,6.66144,-0.495911,-0.44213,-0.399804,6.54045,-0.964127,-0.932423,-0.859538
6.67127,-0.49811,-0.442985,-0.398923,6.67142,-0.493867,-0.441148,-0.402399,6.55036,-0.957018,-0.925652,-0.852567
6.68028,-0.495169,-0.439288,-0.395855,6.6814,-0.488022,-0.432793,-0.391237,6.56028,-0.956546,-0.924504,-0.852205
6.68894,-0.490619,-0.4342,-0.390857,6.69139,-0.485753,-0.431512,-0.393457,6.5702,-0.949841,-0.918113,-0.845537
6.69768,-0.487653,-0.430481,-0.38775,6.70137,-0.479429,-0.422727,-0.382066,6.58013,-0.949362,-0.916949,-0.845144
6.70624,-0.483113,-0.425424,-0.382806,6.71136,-0.477449,-0.421657,-0.384235,6.59007,-0.943124,-0.910997,-0.838961
6.71487,-0.480331,-0.421932,-0.379978,6.72134,-0.471374,-0.413288,-0.373722,6.60002,-0.940675,-0.907906,-0.836829
6.72351,-0.475938,-0.416966,-0.375026,6.73133,-0.468932,-0.411964,-0.375905,6.60996,-0.936619,-0.904247,-0.833767
6.73222,-0.47258,-0.413006,-0.371926,6.74132,-0.462892,-0.403426,-0.364807,6.61991,-0.933162,-0.900045,-0.829636
6.74093,-0.467785,-0.40769,-0.366557,6.75131,-0.460142,-0.401724,-0.36622,6.62986,-0.928969,-0.896178,-0.826358
6.74971,-0.464617,-0.403899,-0.363575,6.76106,-0.454202,-0.393412,-0.35564,6.63981,-0.925428,-0.891872,-0.821914
6.7585,-0.460361,-0.399117,-0.358719,6.77083,-0.451438,-0.3917,-0.356998,6.64977,-0.921069,-0.887906,-0.818779
6.76742,-0.456467,-0.394884,-0.355476,6.78019,-0.445526,-0.383496,-0.346579,6.65973,-0.917029,-0.883239,-0.814446
6.77634,-0.45265,-0.390341,-0.350603,6.78958,-0.442788,-0.381818,-0.347938,6.66969,-0.912399,-0.878782,-0.810549
6.7854,-0.448378,-0.385802,-0.347157,6.79876,-0.436945,-0.373773,-0.337756,6.67965,-0.908148,-0.873913,-0.805939
6.79445,-0.444526,-0.381267,-0.342313,6.80799,-0.434084,-0.371981,-0.338946,6.68962,-0.903386,-0.869332,-0.801971
6.80361,-0.440093,-0.376579,-0.338698,6.81702,-0.428091,-0.36383,-0.328586,6.69958,-0.898989,-0.864337,-0.797224
6.81278,-0.435912,-0.371766,-0.333574,6.8261,-0.425381,-0.362224,-0.330017,6.70955,-0.894322,-0.859833,-0.793411
6.82204,-0.431479,-0.367072,-0.32994,6.835,-0.419483,-0.354246,-0.319889,6.71952,-0.889923,-0.855013,-0.788893
6.8313,-0.427376,-0.362365,-0.324943,6.84395,-0.416759,-0.352632,-0.321101,6.72926,-0.884101,-0.848792,-0.781676
6.84065,-0.422858,-0.357599,-0.321205,6.85291,-0.41082,-0.344688,-0.311274,6.73902,-0.880048,-0.845178,-0.780505
6.8498,-0.418662,-0.352812,-0.316156,6.86198,-0.407853,-0.342755,-0.312021,6.74836,-0.876811,-0.840963,-0.774987
6.85904,-0.414007,-0.347892,-0.312238,6.87087,-0.401924,-0.334902,-0.302367,6.75773,-0.870908,-0.835566,-0.771353
6.86792,-0.409743,-0.343053,-0.307166,6.87982,-0.39888,-0.332856,-0.302892,6.76672,-0.867795,-0.831696,-0.766573
6.87693,-0.405102,-0.338137,-0.303208,6.88877,-0.392965,-0.325094,-0.293298,6.77577,-0.861848,-0.826278,-0.763075
6.88532,-0.40085,-0.333325,-0.298026,6.89784,-0.38975,-0.322776,-0.29331,6.78447,-0.858878,-0.82257,-0.758346
6.8939,-0.396288,-0.328451,-0.294081,6.90691,-0.383784,-0.314954,-0.283941,6.79323,-0.852913,-0.817109,-0.754795
6.90217,-0.392058,-0.323602,-0.289009,6.91609,-0.380341,-0.312251,-0.283543,6.80167,-0.850081,-0.813621,-0.750279
6.91064,-0.387458,-0.318616,-0.284908,6.92491,-0.374375,-0.304483,-0.274213,6.81019,-0.844071,-0.808095,-0.746614
6.91881,-0.383205,-0.313741,-0.279803,6.93379,-0.369978,-0.30081,-0.272702,6.81855,-0.841133,-0.804592,-0.742072
6.92708,-0.378556,-0.308704,-0.275563,6.94233,-0.365299,-0.294361,-0.264722,6.827,-0.835401,-0.799347,-0.738774
6.93484,-0.374301,-0.303851,-0.270513,6.95095,-0.359511,-0.289201,-0.261874,6.83545,-0.832567,-0.796003,-0.734407
6.94272,-0.369732,-0.298918,-0.2664,6.95926,-0.354115,-0.281973,-0.25342,6.84408,-0.826764,-0.790691,-0.730953
6.95008,-0.365005,-0.29355,-0.260897,6.96766,-0.346159,-0.27436,-0.247751,6.85239,-0.823891,-0.787314,-0.726573
6.95757,-0.359391,-0.28763,-0.256101,6.97576,-0.34275,-0.269258,-0.241838,6.8608,-0.817954,-0.781755,-0.722883
6.96537,-0.354737,-0.281958,-0.249977,6.98397,-0.33151,-0.257913,-0.232053,6.86929,-0.815014,-0.778259,-0.718556
6.97328,-0.347755,-0.274791,-0.244352,6.99189,-0.329935,-0.254708,-0.228662,6.87796,-0.809008,-0.772547,-0.714568
6.98094,-0.34252,-0.268251,-0.237013,6.99982,-0.317351,-0.241547,-0.216993,6.88631,-0.805948,-0.768888,-0.710184
6.98872,-0.333516,-0.25913,-0.230138,7,-0.313244,-0.235801,-0.212322,6.89485,-0.799961,-0.763117,-0.706064
6.99626,-0.330243,-0.254174,-0.224497,,,,,6.90323,-0.796875,-0.759432,-0.701744
7,-0.318335,-0.241162,-0.213037,,,,,6.9118,-0.790577,-0.753479,-0.697656
,,,,,,,,6.92045,-0.787237,-0.749371,-0.692436
,,,,,,,,6.92926,-0.779582,-0.74213,-0.687269
,,,,,,,,6.93821,-0.778267,-0.740074,-0.684589
,,,,,,,,6.94736,-0.769415,-0.731822,-0.678601
,,,,,,,,6.95632,-0.766827,-0.728141,-0.674034
,,,,,,,,6.96534,-0.754205,-0.715802,-0.663177
,,,,,,,,6.974,-0.754228,-0.714622,-0.661838
,,,,,,,,6.98293,-0.742023,-0.702604,-0.651187
,,,,,,,,6.99152,-0.740857,-0.700022,-0.648467
,,,,,,,,7,-0.72902,-0.688072,-0.637861
