x,N3057,x,N3057,x,N3057,x,N3237,x,N3237,x,N3237
0,0.0904353,0,0.0904353,0,0.0904353,0,0.0057646,0,0.0057646,0,0.0057646
0.01,0.0149551,0.01,0.0149528,0.01,0.0149602,0.01,0.0590464,0.01,0.0590406,0.01,0.0590597
0.0193853,0.0305787,0.0193853,0.0305742,0.0193853,0.030589,0.0197673,0.116938,0.0197673,0.116928,0.0197673,0.116961
0.0282314,0.0461766,0.0282314,0.0461702,0.0282314,0.046191,0.0295621,0.176963,0.0295621,0.176948,0.0295472,0.176911
0.0366047,0.061387,0.0366047,0.0613792,0.0366047,0.0614045,0.0393569,0.23782,0.0393569,0.237803,0.0393271,0.237685
0.0445633,0.0760785,0.0445633,0.0760696,0.0445633,0.0760983,0.0491627,0.299023,0.0491627,0.299004,0.0491189,0.298803
0.0521582,0.0902168,0.0521582,0.090207,0.0521582,0.0902385,0.0589686,0.360245,0.0589686,0.360226,0.0589107,0.359939
0.059434,0.103818,0.059434,0.103808,0.059434,0.103842,0.0683558,0.419035,0.0683558,0.419017,0.068285,0.418646
0.0663574,0.114754,0.0663574,0.114743,0.0663574,0.114779,0.0777761,0.477706,0.0777761,0.477689,0.0776932,0.477238
0.073644,0.126692,0.073644,0.12668,0.073644,0.126719,0.0872277,0.536204,0.0872277,0.536192,0.0871333,0.535658
0.0812508,0.139476,0.0812508,0.139463,0.0812508,0.139504,0.0958625,0.580558,0.0958625,0.580595,0.0957587,0.579908
0.0891402,0.152978,0.0891402,0.152964,0.0891402,0.153008,0.104764,0.622602,0.104764,0.62269,0.104652,0.621848
0.0972786,0.167095,0.0972786,0.167081,0.0972786,0.167128,0.113885,0.6624,0.113885,0.662538,0.113767,0.661526
0.105518,0.181583,0.105518,0.181567,0.105518,0.181617,0.123182,0.700043,0.123182,0.700233,0.123059,0.699062
0.113852,0.19638,0.113852,0.196364,0.113852,0.196416,0.132616,0.735703,0.132619,0.735951,0.13249,0.734605
0.122277,0.211442,0.122277,0.211425,0.122277,0.21148,0.14208,0.769341,0.142166,0.76985,0.141951,0.768121
0.130786,0.226735,0.130786,0.226718,0.130786,0.226775,0.151574,0.801184,0.151738,0.801939,0.151412,0.799761
0.139377,0.242233,0.139377,0.242214,0.139377,0.242273,0.161095,0.831436,0.161333,0.83243,0.160936,0.829902
0.148043,0.257911,0.148043,0.257892,0.148043,0.257954,0.170642,0.86029,0.170976,0.861574,0.170487,0.858641
0.15671,0.273658,0.156782,0.273736,0.15671,0.273702,0.180243,0.887994,0.180688,0.889606,0.180061,0.88615
0.165449,0.28955,0.165589,0.289729,0.165449,0.289595,0.189843,0.914571,0.190435,0.916595,0.189686,0.912656
0.174256,0.305579,0.17446,0.30586,0.174256,0.305625,0.199491,0.940275,0.200195,0.942623,0.199332,0.938222
0.183127,0.321734,0.183393,0.322117,0.183127,0.321781,0.209138,0.965118,0.209968,0.967814,0.208977,0.962922
0.191998,0.337927,0.192383,0.338492,0.192059,0.338057,0.218786,0.989202,0.219741,0.992245,0.218622,0.986864
0.200931,0.354228,0.201373,0.354903,0.20105,0.354445,0.228453,1.01267,0.229292,1.01546,0.228051,1.00961
0.209863,0.370556,0.210418,0.371411,0.210095,0.370938,0.238137,1.03561,0.238631,1.03757,0.237274,1.03126
0.218854,0.386977,0.219515,0.388014,0.219191,0.387529,0.247604,1.05751,0.248006,1.05925,0.246588,1.05264
0.227658,0.403173,0.228611,0.40464,0.228337,0.404211,0.257134,1.07911,0.257178,1.07999,0.255702,1.07309
0.235995,0.418739,0.237708,0.421281,0.237482,0.420919,0.266452,1.09982,0.265836,1.09909,0.263768,1.09059
0.243633,0.433311,0.246804,0.437933,0.246434,0.437389,0.275852,1.1204,0.274176,1.11708,0.270993,1.10566
0.251041,0.447414,0.255901,0.454591,0.255387,0.453839,0.285283,1.14077,0.282605,1.13501,0.277752,1.11932
0.257888,0.460649,0.264998,0.471255,0.263995,0.469826,0.29417,1.15955,0.29112,1.15293,0.284686,1.1332
0.264449,0.473325,0.274094,0.487918,0.272045,0.48502,0.302579,1.17694,0.299634,1.17068,0.292218,1.14843
0.270768,0.485509,0.283191,0.504581,0.279534,0.499356,0.310691,1.19341,0.307843,1.18753,0.300232,1.16477
0.276926,0.497322,0.292336,0.521306,0.286807,0.513234,0.318421,1.20879,0.316051,1.20425,0.308644,1.18203
0.282788,0.508614,0.301481,0.538036,0.293663,0.526422,0.325912,1.22347,0.324471,1.22139,0.317365,1.2
0.288369,0.519395,0.310627,0.554766,0.300291,0.539139,0.333288,1.23779,0.332593,1.23773,0.326238,1.21829
0.293844,0.52989,0.319411,0.571024,0.306504,0.551165,0.341176,1.25332,0.340442,1.25332,0.335171,1.23667
0.299208,0.540124,0.327609,0.586461,0.312384,0.562583,0.348929,1.26851,0.347942,1.26799,0.344162,1.25511
0.304506,0.550167,0.335414,0.601257,0.317991,0.573473,0.356805,1.28399,0.355224,1.28208,0.352806,1.27264
0.309741,0.560045,0.342632,0.615149,0.323457,0.584016,0.364546,1.29913,0.362225,1.29545,0.361609,1.29048
0.314926,0.569788,0.349656,0.628597,0.328771,0.594223,0.372287,1.31428,0.36958,1.30968,0.370236,1.30782
0.320083,0.579434,0.355845,0.640811,0.334005,0.604203,0.380151,1.32972,0.377078,1.32427,0.378693,1.32469
0.325227,0.589014,0.36152,0.652111,0.339185,0.614011,0.387571,1.34408,0.384712,1.33922,0.387235,1.34171
0.330348,0.598528,0.367072,0.662998,0.344349,0.623719,0.394693,1.35771,0.392116,1.35362,0.395467,1.35794
0.335444,0.607977,0.372461,0.673486,0.349487,0.633332,0.401631,1.37089,0.39952,1.36804,0.403795,1.37436
0.340519,0.617372,0.37777,0.683705,0.354591,0.64285,0.408478,1.38385,0.406812,1.38219,0.411834,1.39005
0.345576,0.626719,0.383006,0.693701,0.359659,0.652279,0.41524,1.39663,0.413904,1.39587,0.419607,1.40508
0.350621,0.63603,0.388199,0.703535,0.364712,0.661652,0.421848,1.40907,0.420815,1.40912,0.427381,1.42009
0.355656,0.645312,0.393368,0.713255,0.369755,0.670982,0.428316,1.42119,0.427636,1.42216,0.434813,1.43427
0.360685,0.65457,0.398485,0.72284,0.374784,0.68027,0.434975,1.43382,0.434298,1.43483,0.442034,1.44794
0.365708,0.663809,0.403562,0.732317,0.379811,0.689533,0.441634,1.44651,0.440816,1.44718,0.449061,1.46114
0.370728,0.673033,0.40863,0.741734,0.384835,0.698777,0.448293,1.45923,0.447334,1.45955,0.455912,1.47394
0.375745,0.682246,0.413691,0.751107,0.389855,0.708005,0.454807,1.47165,0.453852,1.47196,0.462676,1.48657
0.38076,0.691448,0.418743,0.760438,0.394873,0.717218,0.46119,1.48378,0.460237,1.48408,0.469287,1.49886
0.385769,0.700635,0.423789,0.769736,0.399888,0.726419,0.467452,1.49566,0.466502,1.49594,0.475897,1.51119
0.390776,0.709814,0.428825,0.779004,0.404901,0.735609,0.473714,1.50757,0.472656,1.50757,0.482368,1.52325
0.395781,0.718987,0.433854,0.788246,0.409911,0.74479,0.479866,1.51925,0.47871,1.519,0.488838,1.53535
0.400786,0.728153,0.438877,0.797468,0.41492,0.753964,0.485917,1.53072,0.484672,1.53023,0.49518,1.5472
0.405789,0.737313,0.443894,0.806671,0.419927,0.763131,0.491877,1.54201,0.49059,1.5414,0.501405,1.55882
0.410791,0.746468,0.448909,0.81586,0.424932,0.772291,0.497793,1.55322,0.496465,1.55251,0.507524,1.57023
0.415793,0.755619,0.453921,0.825037,0.429936,0.781445,0.503628,1.56428,0.502562,1.5642,0.513545,1.58146
0.420794,0.764767,0.45893,0.834204,0.434939,0.790595,0.509391,1.5752,0.508565,1.57571,0.519477,1.59253
0.425795,0.773912,0.463937,0.843364,0.439941,0.79974,0.515087,1.58599,0.514443,1.58695,0.525889,1.60482
0.430796,0.783052,0.468944,0.852517,0.444942,0.80888,0.520723,1.59668,0.520246,1.59805,0.532178,1.61688
0.435796,0.79219,0.473949,0.861663,0.449943,0.818017,0.526303,1.60727,0.525978,1.609,0.538355,1.62872
0.440797,0.801326,0.478953,0.870804,0.454943,0.82715,0.531857,1.61783,0.531647,1.61984,0.54443,1.64035
0.445797,0.810459,0.483956,0.87994,0.459943,0.836281,0.537362,1.62831,0.537257,1.63056,0.55041,1.6518
0.450797,0.81959,0.488958,0.889071,0.464943,0.845409,0.542823,1.63873,0.542815,1.64118,0.556306,1.66307
0.455797,0.828718,0.493959,0.898198,0.469944,0.854535,0.548244,1.64908,0.548323,1.65172,0.562123,1.67418
0.460797,0.837845,0.49896,0.90732,0.474944,0.863658,0.553628,1.65937,0.553788,1.66218,0.567869,1.68516
0.465797,0.846969,0.50396,0.91644,0.479944,0.87278,0.558979,1.66962,0.559211,1.67257,0.57355,1.69602
0.470797,0.856091,0.508961,0.925559,0.484944,0.881899,0.564299,1.67983,0.564598,1.6829,0.579147,1.70671
0.475797,0.865211,0.513961,0.934675,0.489944,0.891016,0.569591,1.69,0.569967,1.69322,0.584693,1.7173
0.480797,0.874329,0.518961,0.943787,0.494944,0.90013,0.574858,1.70015,0.575304,1.70349,0.59019,1.72781
0.485797,0.883445,0.523961,0.952902,0.499944,0.909243,0.580092,1.71024,0.580589,1.71367,0.595627,1.73822
0.490797,0.892559,0.528962,0.962012,0.504944,0.918353,0.585306,1.72031,0.585838,1.72378,0.601025,1.74856
0.495797,0.901671,0.533962,0.97112,0.509944,0.92746,0.590501,1.73036,0.591066,1.73387,0.606375,1.75882
0.500797,0.910781,0.538962,0.980225,0.514944,0.936566,0.595679,1.74039,0.596274,1.74394,0.61167,1.76898
0.505797,0.919889,0.543962,0.989334,0.519944,0.94567,0.600841,1.75042,0.60145,1.75395,0.61693,1.77909
0.510797,0.928996,0.548962,0.998435,0.524944,0.954772,0.605989,1.76043,0.606604,1.76393,0.622166,1.78918
0.515797,0.9381,0.553962,1.00753,0.529944,0.963871,0.611125,1.77043,0.611745,1.77391,0.627382,1.79924
0.520797,0.947202,0.558962,1.01663,0.534944,0.972969,0.616249,1.78043,0.616874,1.78387,0.632571,1.80928
0.525797,0.956303,0.563962,1.02573,0.539944,0.982065,0.621361,1.79042,0.621991,1.79384,0.637726,1.81926
0.530797,0.965401,0.568962,1.03482,0.544944,0.991163,0.626464,1.8004,0.627098,1.80379,0.642867,1.82924
0.535797,0.974497,0.573962,1.04391,0.549944,1.00026,0.631558,1.81038,0.632196,1.81375,0.647996,1.83922
0.540797,0.983592,0.578962,1.053,0.554944,1.00935,0.636644,1.82036,0.637285,1.8237,0.653114,1.8492
0.545797,0.992685,0.583962,1.06209,0.559944,1.01844,0.641723,1.83034,0.642367,1.83365,0.658221,1.85918
0.550797,1.00178,0.588962,1.07117,0.564944,1.02752,0.646794,1.84031,0.647438,1.8436,0.663319,1.86916
0.555797,1.01086,0.593962,1.08025,0.569944,1.03661,0.65186,1.85028,0.652503,1.85354,0.668408,1.87915
0.560797,1.01995,0.598962,1.08933,0.574944,1.04569,0.656919,1.86026,0.657563,1.86348,0.673484,1.88912
0.565797,1.02904,0.603962,1.09841,0.579944,1.05478,0.661971,1.87022,0.662617,1.87343,0.678553,1.8991
0.570797,1.03812,0.608962,1.10749,0.584944,1.06385,0.667009,1.88017,0.667661,1.88336,0.683609,1.90907
0.575797,1.0472,0.613962,1.11656,0.589944,1.07294,0.672043,1.89011,0.672702,1.8933,0.688654,1.91903
0.580797,1.05628,0.618962,1.12563,0.594944,1.08202,0.677073,1.90006,0.677738,1.90323,0.693678,1.92895
0.585797,1.06536,0.623962,1.1347,0.599944,1.0911,0.682101,1.91001,0.68277,1.91317,0.698699,1.93888
0.590797,1.07444,0.628962,1.14377,0.604944,1.10018,0.687125,1.91996,0.687798,1.92311,0.703717,1.94883
0.595797,1.08351,0.633962,1.15283,0.609944,1.10925,0.692147,1.92992,0.692824,1.93305,0.708734,1.95878
0.600797,1.09259,0.638962,1.16189,0.614944,1.11833,0.697168,1.93988,0.697848,1.943,0.713749,1.96875
0.605797,1.10166,0.643962,1.17096,0.619944,1.1274,0.702186,1.94984,0.702869,1.95294,0.718762,1.97872
0.610797,1.11073,0.648962,1.18001,0.624944,1.13647,0.707202,1.95981,0.707888,1.96289,0.723774,1.9887
0.615797,1.11979,0.653962,1.18906,0.629944,1.14554,0.712217,1.96978,0.712905,1.97285,0.728785,1.99869
0.620797,1.12886,0.658962,1.19811,0.634944,1.15461,0.717231,1.97975,0.717921,1.9828,0.733793,2.00869
0.625797,1.13792,0.663962,1.20716,0.639944,1.16367,0.722243,1.98973,0.722935,1.99276,0.738801,2.0187
0.630797,1.14698,0.668962,1.21621,0.644944,1.17273,0.727254,1.99971,0.727948,2.00273,0.743808,2.02872
0.635797,1.15603,0.673962,1.22525,0.649944,1.18178,0.732263,2.00969,0.732959,2.01269,0.748814,2.03874
0.640797,1.16509,0.678962,1.2343,0.654944,1.19084,0.737272,2.01968,0.737969,2.02266,0.75382,2.04877
0.645797,1.17414,0.683962,1.24334,0.659944,1.19989,0.742279,2.02967,0.742979,2.03263,0.758825,2.05881
0.650797,1.18319,0.688962,1.25238,0.664944,1.20895,0.747285,2.03966,0.747987,2.0426,0.763829,2.06885
0.655797,1.19224,0.693962,1.26142,0.669944,1.218,0.752291,2.04965,0.752994,2.05258,0.768832,2.07891
0.660797,1.20129,0.698962,1.27046,0.674944,1.22705,0.757296,2.05965,0.758001,2.06255,0.773835,2.08896
0.665797,1.21034,0.703962,1.2795,0.679944,1.23609,0.762301,2.06965,0.763006,2.07253,0.778838,2.09903
0.670797,1.21938,0.708962,1.28853,0.684944,1.24514,0.767305,2.07966,0.768011,2.08252,0.783841,2.1091
0.675797,1.22843,0.713128,1.29651,0.689944,1.25418,0.772308,2.08967,0.773016,2.0925,0.788843,2.11917
0.680797,1.23747,0.718128,1.3054,0.694944,1.26322,0.777312,2.09968,0.77802,2.10249,0.793845,2.12925
0.685797,1.24651,0.723128,1.31435,0.699944,1.27226,0.782315,2.10969,0.783023,2.11248,0.798846,2.13934
0.690797,1.25555,0.728128,1.32332,0.704944,1.2813,0.787317,2.11971,0.788026,2.12248,0.803848,2.14943
0.695797,1.26459,0.733128,1.33231,0.709944,1.29033,0.79232,2.12973,0.793029,2.13247,0.808849,2.15953
0.700797,1.27362,0.738128,1.3413,0.714944,1.29937,0.797322,2.13976,0.798032,2.14247,0.81385,2.16963
0.705797,1.28266,0.743128,1.3503,0.719944,1.3084,0.802324,2.14979,0.803034,2.15247,0.818851,2.17974
0.710797,1.29169,0.748128,1.3593,0.72411,1.31638,0.807325,2.15982,0.808036,2.16248,0.823852,2.18985
0.715797,1.30072,0.753128,1.3683,0.72911,1.32527,0.812327,2.16985,0.813038,2.17249,0.828853,2.19997
0.71663,1.30449,0.758128,1.37731,0.73411,1.33422,0.817328,2.17989,0.81804,2.1825,0.833853,2.21009
0.72163,1.31286,0.763128,1.38632,0.73911,1.34318,0.822329,2.18993,0.823041,2.19251,0.838854,2.22022
0.72663,1.32151,0.768128,1.39533,0.74411,1.35216,0.82733,2.19997,0.828042,2.20253,0.843855,2.23035
0.73163,1.33026,0.773128,1.40434,0.74911,1.36115,0.832331,2.21002,0.833043,2.21254,0.848855,2.24048
0.73663,1.33909,0.778128,1.41334,0.75411,1.37014,0.837332,2.22007,0.838044,2.22257,0.853856,2.25063
0.74163,1.34796,0.783128,1.42235,0.75911,1.37914,0.842333,2.23012,0.843045,2.23259,0.858856,2.26077
0.74663,1.35687,0.788128,1.43135,0.76411,1.38814,0.847333,2.24018,0.848046,2.24262,0.863856,2.27092
0.75163,1.3658,0.793128,1.44035,0.76911,1.39715,0.852334,2.25024,0.853046,2.25265,0.868857,2.28108
0.75663,1.37475,0.798128,1.44935,0.77411,1.40615,0.857334,2.2603,0.858047,2.26268,0.873857,2.29124
0.76163,1.38372,0.803128,1.45835,0.77911,1.41515,0.862335,2.27037,0.863047,2.27271,0.878857,2.3014
0.76663,1.39269,0.808128,1.46735,0.78411,1.42415,0.867335,2.28044,0.868047,2.28275,0.883857,2.31157
0.77163,1.40168,0.813128,1.47635,0.78911,1.43316,0.872336,2.29051,0.873048,2.29279,0.888857,2.32174
0.77663,1.41066,0.818128,1.48534,0.79411,1.44215,0.877336,2.30058,0.878048,2.30283,0.893857,2.33192
0.78163,1.41965,0.823128,1.49433,0.79911,1.45115,0.882336,2.31066,0.883048,2.31288,0.898858,2.3421
0.78663,1.42865,0.828128,1.50332,0.80411,1.46015,0.887336,2.32074,0.888048,2.32293,0.903858,2.35229
0.79163,1.43764,0.833128,1.51231,0.80911,1.46915,0.892337,2.33083,0.893049,2.33298,0.908858,2.36248
0.79663,1.44664,0.838128,1.5213,0.81411,1.47814,0.897337,2.34092,0.898049,2.34303,0.913858,2.37268
0.80163,1.45564,0.843128,1.53028,0.81911,1.48713,0.902337,2.35101,0.903049,2.35309,0.918858,2.38288
0.80663,1.46463,0.848128,1.53927,0.82411,1.49613,0.907337,2.36111,0.908049,2.36315,0.923858,2.39309
0.81163,1.47363,0.853128,1.54825,0.82911,1.50511,0.912337,2.37121,0.913049,2.37322,0.928858,2.4033
0.81663,1.48262,0.858128,1.55723,0.83411,1.5141,0.917337,2.38131,0.918049,2.38328,0.933858,2.41351
0.82163,1.49161,0.863128,1.56621,0.83911,1.52309,0.922337,2.39141,0.923049,2.39335,0.938858,2.42373
0.82663,1.5006,0.868128,1.57518,0.84411,1.53207,0.927338,2.40152,0.928049,2.40342,0.943858,2.43396
0.83163,1.50959,0.873128,1.58416,0.84911,1.54105,0.932338,2.41164,0.933049,2.4135,0.948858,2.44419
0.83663,1.51858,0.878128,1.59313,0.85411,1.55003,0.937338,2.42175,0.938049,2.42358,0.953858,2.45442
0.84163,1.52756,0.883128,1.6021,0.85911,1.559,0.942338,2.43187,0.943049,2.43366,0.958858,2.46466
0.84663,1.53654,0.888128,1.61107,0.86411,1.56798,0.947338,2.442,0.948049,2.44374,0.963858,2.4749
0.85163,1.54552,0.893128,1.62004,0.86911,1.57695,0.952338,2.45212,0.953049,2.45383,0.968858,2.48515
0.85663,1.5545,0.898128,1.62901,0.87411,1.58592,0.957338,2.46225,0.958049,2.46392,0.973858,2.4954
0.86163,1.56348,0.903128,1.63797,0.87911,1.59489,0.962338,2.47239,0.963049,2.47402,0.978858,2.50566
0.86663,1.57246,0.908128,1.64694,0.88411,1.60385,0.967338,2.48252,0.968049,2.48411,0.983858,2.51593
0.87163,1.58143,0.913128,1.6559,0.88911,1.61282,0.972338,2.49266,0.973049,2.49421,0.988858,2.52619
0.87663,1.5904,0.913962,1.65965,0.89411,1.62178,0.977338,2.50281,0.978049,2.50432,0.993858,2.53647
0.88163,1.59937,0.918962,1.66797,0.89911,1.63074,0.982338,2.51296,0.983049,2.51442,0.998858,2.54674
0.88663,1.60834,0.923962,1.67655,0.90411,1.6397,0.987338,2.52311,0.988049,2.52454,1.00386,2.60638
0.89163,1.61731,0.924795,1.68002,0.90911,1.64865,0.992338,2.53327,0.993049,2.53465,1.00983,2.69526
0.89663,1.62627,0.929795,1.68816,0.91411,1.6576,0.997338,2.54343,0.998049,2.54476,1.0166,2.79567
0.90163,1.63523,0.931462,1.69239,0.91911,1.66656,1.00234,2.58366,1.00305,2.5941,1.02353,2.88754
0.90663,1.64419,0.936462,1.70047,0.92411,1.67551,1.00734,2.65792,1.00805,2.6687,1.03107,2.95417
0.91163,1.65315,0.941462,1.70882,0.92911,1.68446,1.01331,2.74646,1.01332,2.74648,1.0391,3.0244
0.91663,1.66211,0.946462,1.71733,0.93411,1.6934,1.02008,2.84643,1.01951,2.83747,1.04752,3.09743
0.92163,1.67106,0.951462,1.72594,0.93911,1.70235,1.02747,2.92133,1.02647,2.91141,1.05626,3.17267
0.92663,1.68001,0.956462,1.73463,0.94411,1.71129,1.03537,2.99061,1.03403,2.97751,1.06514,3.25134
0.93163,1.68896,0.961462,1.74338,0.94911,1.72023,1.04369,3.06289,1.04208,3.04728,1.07425,3.33362
0.93663,1.69791,0.966462,1.75217,0.95411,1.72917,1.05235,3.13748,1.05052,3.1199,1.08353,3.41877
0.94163,1.70686,0.971462,1.76099,0.95911,1.73811,1.06128,3.21568,1.05928,3.1959,1.09296,3.50686
0.94663,1.71581,0.976462,1.76984,0.96411,1.74704,1.07033,3.2966,1.06818,3.27499,1.10218,3.59549
0.95163,1.72475,0.981462,1.77871,0.96911,1.75598,1.07957,3.38054,1.07729,3.35744,1.11155,3.66294
0.95663,1.73369,0.986462,1.78759,0.97411,1.76491,1.08896,3.46704,1.08658,3.44271,1.12106,3.70103
0.96163,1.74263,0.991462,1.79648,0.97911,1.77384,1.09847,3.55772,1.09602,3.5313,1.13066,3.74132
0.96663,1.75157,0.996462,1.80538,0.98411,1.78276,1.10804,3.65069,1.10552,3.62399,1.14034,3.78253
0.97163,1.7605,1.00146,1.82463,0.98911,1.79169,1.1177,3.68404,1.11512,3.67103,1.15008,3.82466
0.97663,1.76944,1.00673,1.8715,0.99411,1.80061,1.12742,3.7245,1.1248,3.71114,1.15988,3.86786
0.98163,1.77837,1.01226,1.92345,0.99911,1.80954,1.1372,3.76574,1.13454,3.75204,1.16971,3.91424
0.98663,1.7873,1.01831,1.98215,1.00411,1.84739,1.14702,3.80783,1.14433,3.7938,1.17958,3.96347
0.99163,1.79622,1.02483,2.0367,1.00938,1.89588,1.15688,3.85076,1.15417,3.83643,1.18948,4.01506
0.99663,1.80515,1.03176,2.08348,1.01521,1.95155,1.16677,3.89647,1.16404,3.88105,1.1994,4.0688
1.00163,1.82574,1.03869,2.13024,1.02153,2.01356,1.17668,3.94516,1.17393,3.92892,1.20933,4.12218
1.00663,1.87052,1.04563,2.17681,1.02765,2.05679,1.1866,3.99627,1.18385,3.97933,1.21927,4.1772
1.0119,1.92028,1.05292,2.22501,1.03422,2.10147,1.19654,4.04958,1.19378,4.03204,1.22923,4.23416
1.01773,1.97688,1.06053,2.27487,1.0408,2.14606,1.2065,4.10397,1.20372,4.08652,1.2392,4.29319
1.02405,2.03196,1.06861,2.32658,1.04756,2.19124,1.21646,4.15841,1.21368,4.1403,1.24917,4.35352
1.03081,2.07769,1.07706,2.38034,1.0547,2.23829,1.22643,4.21505,1.22365,4.19646,1.25871,4.41108
1.03756,2.12338,1.08583,2.4358,1.06218,2.28699,1.23641,4.27376,1.23362,4.25475,1.26834,4.46825
1.04432,2.16891,1.09484,2.49209,1.07015,2.33773,1.24639,4.33453,1.2436,4.31506,1.27804,4.52447
1.05145,2.21611,1.10405,2.54853,1.07853,2.39088,1.25637,4.39419,1.25358,4.375,1.28781,4.57984
1.05893,2.26508,1.11341,2.58794,1.08723,2.44567,1.26636,4.45329,1.26356,4.43454,1.29762,4.63382
1.0669,2.31615,1.12291,2.61382,1.09619,2.50119,1.27634,4.5114,1.27355,4.49328,1.30747,4.68595
1.07527,2.36927,1.1325,2.63777,1.10536,2.55692,1.28634,4.56832,1.28354,4.5508,1.31735,4.73929
1.08396,2.42429,1.14218,2.65796,1.1147,2.59188,1.29633,4.62396,1.29353,4.6074,1.32723,4.79538
1.09291,2.48033,1.15192,2.67349,1.12417,2.61734,1.30632,4.67718,1.30352,4.66118,1.33714,4.85594
1.10207,2.53658,1.16171,2.68495,1.13374,2.64046,1.31632,4.73144,1.31352,4.71561,1.34706,4.91886
1.1114,2.58209,1.17154,2.69462,1.1434,2.65991,1.32631,4.78768,1.32351,4.77098,1.357,4.98575
1.12087,2.6084,1.18141,2.70218,1.15313,2.6738,1.33631,4.84853,1.33351,4.83106,1.36695,5.05348
1.13044,2.6329,1.1913,2.70386,1.16291,2.68513,1.34631,4.91163,1.34351,4.89334,1.37691,5.12468
1.1401,2.65381,1.2012,2.69842,1.17274,2.69473,1.3563,4.97861,1.35351,4.9596,1.38688,5.19944
1.14982,2.67027,1.21066,2.68169,1.1826,2.70073,1.3663,5.04755,1.3635,5.02821,1.39685,5.27696
1.1596,2.68226,1.21974,2.65589,1.19248,2.70218,1.3763,5.11864,1.3735,5.09786,1.40683,5.35178
1.16943,2.69215,1.22847,2.61656,1.2024,2.69368,1.3863,5.19363,1.3835,5.17218,1.41681,5.4299
1.17929,2.70085,1.23686,2.61875,1.21232,2.6779,1.3963,5.27081,1.3935,5.24866,1.4268,5.51033
1.18918,2.70308,1.24558,2.66968,1.22182,2.6514,1.4063,5.34595,1.4035,5.32458,1.43678,5.59129
1.19908,2.6998,1.25413,2.71529,1.23142,2.61458,1.4163,5.42435,1.4135,5.40234,1.44678,5.67245
1.20875,2.68473,1.26185,2.75725,1.24062,2.63337,1.4263,5.50445,1.4235,5.48214,1.45677,5.75421
1.21849,2.6628,1.26933,2.79615,1.24982,2.68432,1.4363,5.58488,1.4335,5.56232,1.46676,5.83697
1.22661,2.62533,1.27695,2.83354,1.25779,2.72926,1.4463,5.66585,1.4435,5.64304,1.47676,5.92156
1.23483,2.61153,1.28485,2.87422,1.2655,2.77107,1.4563,5.74753,1.4535,5.72456,1.48675,6.00781
1.24278,2.65857,1.29316,2.92436,1.27308,2.81008,1.4663,5.83095,1.4635,5.80779,1.49675,6.097
1.25083,2.70412,1.30167,2.98076,1.28095,2.84965,1.4763,5.91615,1.4735,5.89281,1.50675,6.20241
1.25842,2.74578,1.30987,3.03111,1.28882,2.89414,1.4863,6.00295,1.4835,5.97945,1.51675,6.30805
1.26577,2.78434,1.31829,3.07842,1.29694,2.95056,1.4963,6.0921,1.4935,6.0676,1.52675,6.41576
1.27292,2.82064,1.32591,3.12147,1.30479,3.00239,1.5063,6.1982,1.5035,6.1698,1.53674,6.52526
1.28023,2.85698,1.334,3.16264,1.31264,3.05046,1.5163,6.30417,1.5135,6.276,1.54674,6.63533
1.28768,2.89749,1.34232,3.20187,1.32024,3.09489,1.5263,6.41218,1.5235,6.38363,1.55674,6.74759
1.29492,2.94695,1.35097,3.2397,1.32761,3.13613,1.5363,6.52197,1.5335,6.4931,1.56674,6.8605
1.30248,2.99935,1.35989,3.27632,1.3355,3.17569,1.5463,6.63232,1.5435,6.60416,1.57674,6.97434
1.30982,3.04596,1.36902,3.31184,1.34363,3.21349,1.5563,6.74485,1.5535,6.71598,1.58674,7.08881
1.31716,3.08937,1.37833,3.34636,1.35213,3.25009,1.5663,6.858,1.5635,6.8293,1.59674,7.20389
1.32504,3.13088,1.38778,3.38,1.36093,3.28562,1.5763,6.97208,1.5735,6.94327,1.60674,7.32217
1.33316,3.17038,1.39734,3.41284,1.36997,3.32018,1.5863,7.08676,1.5835,7.05795,1.61674,7.44435
1.34165,3.20846,1.40698,3.44494,1.37921,3.35388,1.5963,7.202,1.5935,7.1725,1.62674,7.56209
1.35043,3.24531,1.4167,3.47637,1.38859,3.38679,1.6063,7.32037,1.6035,7.28962,1.63674,7.6756
1.35946,3.28106,1.42647,3.50717,1.3981,3.419,1.6163,7.44234,1.6135,7.41148,1.64674,7.7884
1.36868,3.31582,1.43629,3.5374,1.40771,3.45055,1.6263,7.56053,1.6235,7.53076,1.65674,7.89873
1.37806,3.3497,1.44614,3.5671,1.41739,3.48149,1.6363,7.67442,1.6335,7.64602,1.66674,8.006
1.38756,3.38277,1.45603,3.59631,1.42714,3.51187,1.6463,7.7875,1.6435,7.75902,1.67674,8.11029
1.39717,3.41512,1.46594,3.62485,1.43694,3.54173,1.6563,7.89818,1.6535,7.87081,1.68674,8.21188
1.40685,3.44679,1.47586,3.65249,1.44678,3.5711,1.6663,8.00578,1.6635,7.97931,1.69674,8.31069
1.41659,3.47784,1.4858,3.679,1.45665,3.60002,1.6763,8.11036,1.6735,8.0849,1.70674,8.40695
1.42639,3.50832,1.49575,3.70431,1.46655,3.62827,1.6863,8.21225,1.6835,8.18755,1.71674,8.50051
1.43623,3.53827,1.50571,3.73483,1.47646,3.65557,1.6963,8.31134,1.6935,8.28758,1.72674,8.59349
1.4461,3.56772,1.51568,3.76374,1.4864,3.68176,1.7063,8.40788,1.7035,8.38483,1.73674,8.6863
1.45599,3.59671,1.52566,3.79379,1.49634,3.7072,1.7163,8.50168,1.7135,8.47955,1.74674,8.7782
1.46591,3.62506,1.53564,3.82428,1.5063,3.73742,1.7263,8.59484,1.7235,8.57296,1.7563,8.86504
1.47584,3.65252,1.54518,3.85413,1.51627,3.76608,1.7363,8.68782,1.7335,8.66599,1.76596,8.95009
1.48579,3.67888,1.55433,3.88235,1.52624,3.79599,1.7463,8.77992,1.7435,8.75847,1.77565,9.03352
1.49574,3.70403,1.56348,3.91125,1.53621,3.82628,1.7563,8.86945,1.75306,8.84669,1.7854,9.11581
1.50571,3.73445,1.57263,3.93887,1.54492,3.85387,1.7663,8.95663,1.76271,8.93247,1.79518,9.19736
1.51568,3.76316,1.58183,3.96612,1.55345,3.8803,1.7763,9.04203,1.77243,9.01675,1.80499,9.27568
1.52566,3.7931,1.59103,3.99375,1.56216,3.90799,1.7863,9.12608,1.78221,9.09957,1.81484,9.35252
1.53564,3.82344,1.60032,4.02113,1.57055,3.93334,1.7963,9.20916,1.79201,9.18184,1.82471,9.42829
1.54518,3.85319,1.60961,4.04955,1.57902,3.95862,1.8063,9.2902,1.80185,9.26279,1.83461,9.50295
1.55433,3.88134,1.61898,4.07745,1.58733,3.98362,1.8163,9.36808,1.81172,9.34074,1.84453,9.57646
1.56328,3.90992,1.62836,4.10519,1.59597,4.00885,1.8263,9.44472,1.82161,9.41703,1.85402,9.64652
1.57162,3.93527,1.63781,4.13271,1.60461,4.0352,1.8363,9.52013,1.83153,9.49225,1.86361,9.71588
1.57997,3.96035,1.64725,4.16118,1.61352,4.06152,1.84586,9.59196,1.84102,9.56397,1.87328,9.78451
1.5884,3.98571,1.65677,4.18984,1.62208,4.08689,1.85551,9.66295,1.85057,9.63472,1.88301,9.8524
1.59714,4.01134,1.66589,4.2148,1.63082,4.11223,1.86523,9.73308,1.8602,9.70474,1.8928,9.91949
1.60588,4.03799,1.67511,4.23894,1.63955,4.1371,1.875,9.80238,1.86991,9.774,1.90263,9.98579
1.61468,4.06414,1.68434,4.26424,1.64796,4.16234,1.88356,9.86416,1.87968,9.84251,1.91249,10.051
1.62331,4.08971,1.6936,4.29005,1.65637,4.18648,1.8924,9.92612,1.88922,9.90879,1.92238,10.1102
1.63202,4.11501,1.70291,4.31605,1.66486,4.20816,1.90146,9.98808,1.89885,9.97448,1.93229,10.1684
1.64072,4.14001,1.71184,4.34013,1.67336,4.23097,1.91071,10.05,1.90856,10.0396,1.94221,10.2255
1.6491,4.1652,1.72083,4.36477,1.68194,4.2544,1.92011,10.1072,1.91832,10.1005,1.95214,10.2815
1.65748,4.18928,1.72993,4.38933,1.69059,4.27876,1.92962,10.1631,1.92813,10.1587,1.96209,10.3358
1.66605,4.21121,1.73909,4.41466,1.6994,4.30245,1.93923,10.2185,1.93797,10.2159,1.97204,10.3893
1.67462,4.23422,1.74835,4.43938,1.70804,4.32624,1.94888,10.2726,1.94784,10.2719,1.98199,10.442
1.68327,4.25783,1.75723,4.46082,1.71675,4.34961,1.9586,10.3257,1.95773,10.3264,1.99195,10.494
1.692,4.28231,1.76618,4.48177,1.72405,4.36942,1.96836,10.3783,1.96763,10.3803,2.00192,10.5452
1.70087,4.306,1.77338,4.49711,1.73115,4.38906,1.97816,10.4303,1.97755,10.4334,2.0119,10.5983
1.70974,4.33046,1.78092,4.50988,1.73806,4.40553,1.98796,10.4816,1.98748,10.4858,2.02187,10.6508
1.71875,4.3546,1.78893,4.52526,1.74535,4.42081,1.99781,10.5323,1.99743,10.5375,2.03185,10.7021
1.72781,4.37938,1.79706,4.54223,1.75263,4.43499,2.00767,10.5839,2.00738,10.5898,2.04183,10.7529
1.73687,4.40474,1.80555,4.55648,1.76005,4.44827,2.01755,10.6361,2.01734,10.6428,2.05182,10.804
1.74557,4.42616,1.81412,4.5707,1.76762,4.45914,2.02746,10.6877,2.02731,10.695,2.06181,10.8555
1.75443,4.44614,1.82286,4.58569,1.77532,4.47313,2.03739,10.7384,2.03728,10.7462,2.0718,10.8984
1.76296,4.46542,1.83143,4.59838,1.78314,4.48664,2.04733,10.7892,2.04726,10.7973,2.08179,10.9407
1.77148,4.48247,1.84016,4.60761,1.79108,4.49877,2.05729,10.8403,2.05725,10.8488,2.09179,10.9836
1.78008,4.4979,1.84896,4.61689,1.79914,4.5104,2.06725,10.8875,2.06723,10.8963,2.10178,11.0272
1.78896,4.51715,1.85777,4.63006,1.80729,4.52234,2.07722,10.9295,2.07722,10.9387,2.11178,11.0716
1.79789,4.53516,1.86624,4.6486,1.81555,4.53051,2.08719,10.9721,2.08722,10.9815,2.12178,11.1169
1.80704,4.55224,1.87441,4.66705,1.8239,4.53778,2.09717,11.0154,2.09721,11.0249,2.13177,11.1625
1.81623,4.56832,1.88258,4.68455,1.8321,4.54355,2.10716,11.0595,2.1072,11.0692,2.14177,11.2093
1.82551,4.58553,1.89075,4.69402,1.84039,4.55541,2.11715,11.1036,2.1172,11.1136,2.15177,11.2575
1.8348,4.59877,1.89902,4.70229,1.84853,4.57258,2.12714,11.1488,2.1272,11.1589,2.16177,11.31
1.84417,4.61115,1.90763,4.71581,1.8564,4.58726,2.13713,11.1952,2.13719,11.2054,2.17133,11.3638
1.85316,4.6219,1.91607,4.72652,1.86426,4.60432,2.14712,11.243,2.14719,11.2533,2.18098,11.4211
1.8622,4.63929,1.92459,4.73713,1.87213,4.61486,2.15712,11.2932,2.15719,11.3035,2.1907,11.4819
1.87089,4.66072,1.93311,4.75084,1.88,4.62369,2.16711,11.347,2.16719,11.3576,2.20048,11.5464
1.87958,4.68334,1.94172,4.76956,1.88761,4.63278,2.17688,11.403,2.17719,11.4149,2.2103,11.6143
1.88692,4.69381,1.95015,4.78633,1.89523,4.64146,2.18669,11.4628,2.18719,11.4759,2.22016,11.6854
1.89397,4.69834,1.95867,4.80359,1.90285,4.65375,2.19654,11.5264,2.19718,11.5401,2.23004,11.7596
1.90117,4.70379,1.96727,4.84026,1.90991,4.66684,2.20641,11.5933,2.20718,11.6077,2.23995,11.8292
1.90853,4.71259,1.97587,4.89005,1.91714,4.67923,2.21632,11.6635,2.21718,11.6784,2.24943,11.8912
1.91603,4.71923,1.98447,4.9607,1.92437,4.68553,2.22624,11.7368,2.22718,11.7522,2.25901,11.9518
1.92367,4.72819,1.99324,5.03818,1.93175,4.70977,2.23618,11.8113,2.23718,11.8256,2.26868,12.014
1.93119,4.73979,2.00183,5.11699,1.93892,4.74986,2.24612,11.874,2.24718,11.8896,2.27838,12.0794
1.93848,4.75226,2.01011,5.19068,1.9459,4.81803,2.25606,11.9358,2.25718,11.9512,2.28814,12.1481
1.94567,4.76147,2.01872,5.26052,1.95257,4.8954,2.26602,11.9987,2.26718,12.0144,2.2979,12.22
1.95267,4.78491,2.0276,5.32651,1.95889,4.96984,2.27598,12.0637,2.27718,12.0797,2.30771,12.2954
1.95949,4.81813,2.03655,5.38858,1.96522,5.0374,2.28429,12.1283,2.28718,12.1488,2.31756,12.3738
1.96598,4.8821,2.04555,5.44706,1.97143,5.09842,2.2926,12.1952,2.29674,12.2197,2.32743,12.4562
1.97234,4.95082,2.05437,5.50206,1.97784,5.15459,2.30124,12.2661,2.30639,12.2945,2.33731,12.5419
1.97853,5.02561,2.06285,5.55513,1.98445,5.20707,2.31004,12.3398,2.31611,12.3723,2.34721,12.6286
1.98462,5.09405,2.07103,5.60173,1.99124,5.25598,2.31907,12.4172,2.32588,12.454,2.35712,12.7159
1.99065,5.15551,2.07931,5.64778,1.9982,5.30223,2.3283,12.4982,2.33568,12.5389,2.36705,12.8043
1.99669,5.21139,2.08758,5.69301,2.00517,5.34693,2.33767,12.5833,2.34552,12.6253,2.37699,12.8935
2.00057,5.25793,2.09596,5.73945,2.01274,5.39176,2.34708,12.6689,2.35538,12.7124,2.38695,12.9836
2.00557,5.30433,2.10433,5.78602,2.0206,5.4362,2.35656,12.7557,2.36527,12.8008,2.39691,13.0736
2.01116,5.34908,2.11241,5.83358,2.02871,5.47975,2.36614,12.8435,2.37517,12.8899,2.40688,13.1643
2.01727,5.3929,2.12021,5.88272,2.03704,5.52223,2.3758,12.9325,2.3851,12.9796,2.41685,13.2548
2.02359,5.43508,2.12814,5.93339,2.04557,5.56359,2.38546,13.0212,2.39504,13.0694,2.42684,13.3442
2.03011,5.4756,2.13582,5.9856,2.05428,5.60557,2.39519,13.1109,2.40499,13.1602,2.43682,13.4337
2.03704,5.51546,2.14361,6.03945,2.06298,5.64678,2.40497,13.2015,2.41495,13.2509,2.44681,13.5243
2.04381,5.55304,2.15117,6.09741,2.07194,5.68519,2.4148,13.2916,2.42492,13.3411,2.4568,13.6156
2.05074,5.58974,2.1585,6.15888,2.08071,5.72305,2.42465,13.3806,2.4349,13.4312,2.46679,13.7077
2.05751,5.62576,2.16583,6.22249,2.08972,5.76368,2.43454,13.4705,2.44488,13.5218,2.47678,13.8004
2.06446,5.66109,2.17348,6.27818,2.09839,5.80392,2.44445,13.5613,2.45486,13.6132,2.48678,13.8748
2.0714,5.69368,2.18113,6.33067,2.10731,5.84716,2.45437,13.653,2.46485,13.7055,2.49677,13.9424
2.07851,5.72676,2.18905,6.38024,2.11589,5.89217,2.46431,13.7455,2.47483,13.7984,2.50677,14.0103
2.08562,5.7601,2.19709,6.42763,2.12416,5.93982,2.47427,13.8386,2.48482,13.8788,2.51677,14.0784
2.09288,5.79513,2.20536,6.47284,2.13228,5.9888,2.48423,13.9184,2.49482,13.9466,2.52676,14.1468
2.0998,5.83027,2.21383,6.51627,2.14013,6.04014,2.4942,13.9868,2.50481,14.0147,2.53676,14.2154
2.10655,5.866,2.22248,6.55807,2.14784,6.0937,2.50417,14.0552,2.51481,14.0828,2.54676,14.2832
2.11314,5.90275,2.2314,6.59866,2.15555,6.15302,2.51415,14.1239,2.5248,14.1514,2.55676,14.3481
2.11974,5.94231,2.24044,6.63363,2.16314,6.21633,2.52369,14.1929,2.5348,14.2202,2.56676,14.4078
2.12619,5.98285,2.24968,6.66428,2.17086,6.27334,2.53333,14.2621,2.5448,14.2875,2.57614,14.4637
2.13252,6.02496,2.25855,6.69268,2.17845,6.32554,2.54304,14.3297,2.5548,14.3523,2.58565,14.5174
2.13874,6.06799,2.26755,6.72009,2.18617,6.3759,2.5528,14.3948,2.56479,14.4132,2.59526,14.5683
2.14495,6.11212,2.27636,6.74564,2.19377,6.42214,2.56262,14.457,2.57418,14.4704,2.60494,14.616
2.15111,6.16067,2.28531,6.77041,2.20149,6.46689,2.57244,14.5152,2.58368,14.5251,2.61469,14.6608
2.15727,6.21187,2.29408,6.79368,2.20922,6.50893,2.58167,14.5699,2.59329,14.5771,2.62447,14.7014
2.16342,6.26668,2.303,6.81613,2.21739,6.55003,2.59105,14.6227,2.60291,14.6259,2.63429,14.7357
2.16979,6.31657,2.31197,6.83774,2.22565,6.58931,2.60051,14.6725,2.61213,14.6719,2.64415,14.7674
2.17609,6.36185,2.32115,6.85874,2.23427,6.62776,2.61007,14.7194,2.62151,14.7121,2.65403,14.7966
2.18259,6.4047,2.3305,6.87915,2.24316,6.65878,2.61973,14.7597,2.63101,14.7485,2.66393,14.8233
2.18909,6.44501,2.33997,6.89904,2.25227,6.68774,2.62945,14.796,2.64061,14.7816,2.67385,14.848
2.19559,6.48322,2.34955,6.91842,2.26139,6.71533,2.63922,14.8298,2.65029,14.8119,2.68377,14.8691
2.2021,6.51946,2.35921,6.93725,2.27067,6.7416,2.64904,14.8606,2.66003,14.8399,2.69371,14.8888
2.20879,6.55418,2.36894,6.95549,2.27976,6.76657,2.65888,14.8894,2.66982,14.8636,2.70366,14.9075
2.21587,6.58815,2.37873,6.97299,2.28903,6.79054,2.66876,14.9142,2.6792,14.8852,2.71362,14.9213
2.22311,6.62099,2.38855,6.98967,2.29829,6.81349,2.67821,14.9359,2.6887,14.9056,2.72359,14.9309
2.2309,6.65369,2.39841,7.00563,2.3077,6.83568,2.68776,14.9563,2.6983,14.9246,2.73356,14.9383
2.23913,6.68289,2.4083,7.02046,2.31723,6.85716,2.69741,14.9747,2.70795,14.9388,2.74354,14.9419
2.24772,6.708,2.41821,7.03411,2.32685,6.87799,2.70712,14.9883,2.71766,14.9494,2.75352,14.9424
2.25659,6.73217,2.42814,7.04671,2.33655,6.89822,2.7169,14.9999,2.72743,14.9562,2.76307,14.9387
2.26546,6.75541,2.43807,7.05827,2.3463,6.91788,2.72671,15.0084,2.73723,14.9609,2.77268,14.9295
2.27455,6.77784,2.44802,7.06869,2.35611,6.93692,2.73655,15.0134,2.74662,14.9608,2.78232,14.9195
2.28382,6.7996,2.45797,7.07782,2.36595,6.95529,2.74641,15.0144,2.75612,14.9581,2.79199,14.9064
2.29324,6.8207,2.46794,7.08561,2.37583,6.97277,2.75629,15.0119,2.76573,14.9524,2.80125,14.8878
2.30278,6.84123,2.4779,7.09177,2.38573,6.98944,2.76619,15.0055,2.77533,14.9445,2.8106,14.8628
2.3124,6.86122,2.48787,7.08918,2.39565,7.00538,2.77608,14.9979,2.78453,14.9344,2.81957,14.837
2.32211,6.88069,2.49784,7.07572,2.40558,7.02034,2.78599,14.9876,2.79374,14.9231,2.82866,14.8077
2.33187,6.89969,2.50782,7.06914,2.41553,7.03409,2.7953,14.9765,2.80274,14.9028,2.83781,14.777
2.34168,6.91825,2.51736,7.05059,2.42549,7.0468,2.80469,14.9545,2.8118,14.8794,2.84705,14.7433
2.35152,6.93638,2.52693,7.03826,2.43545,7.05844,2.81408,14.931,2.82051,14.8537,2.85638,14.7083
2.3614,6.95401,2.53609,7.01475,2.44541,7.06893,2.8235,14.9043,2.82922,14.8259,2.86584,14.6708
2.3713,6.97108,2.54526,6.99797,2.45539,7.0782,2.83293,14.8754,2.83818,14.7951,2.87537,14.6289
2.38123,6.98736,2.55407,6.9731,2.46536,7.08643,2.84238,14.8441,2.84679,14.7631,2.88498,14.5817
2.39116,7.00295,2.56294,6.9595,2.47418,7.09221,2.85184,14.8107,2.85568,14.7285,2.8946,14.5312
2.40111,7.01783,2.57147,6.93795,2.48323,7.09365,2.8614,14.7751,2.86462,14.6923,2.90427,14.4769
2.41107,7.03154,2.58,6.92589,2.49233,7.08762,2.87101,14.7378,2.87377,14.6512,2.91397,14.4196
2.42104,7.04417,2.58861,6.90655,2.50148,7.07799,2.88067,14.6945,2.88309,14.6057,2.92373,14.3589
2.43101,7.05584,2.59722,6.89488,2.51027,7.06681,2.89039,14.6462,2.89254,14.5557,2.93349,14.2961
2.44099,7.06645,2.60584,6.87491,2.51912,7.053,2.90017,14.5938,2.9021,14.5026,2.9433,14.2303
2.45097,7.07591,2.61445,6.86237,2.52738,7.03721,2.90973,14.5386,2.91174,14.446,2.95314,14.1628
2.46095,7.08414,2.62306,6.84135,2.53563,7.01895,2.91934,14.4793,2.92146,14.3867,2.96302,14.0927
2.47094,7.09108,2.63049,6.82621,2.54361,6.99899,2.92899,14.4182,2.93076,14.3248,2.97292,14.021
2.4807,7.09496,2.63807,6.80215,2.55158,6.98177,2.93869,14.3538,2.94014,14.261,2.98284,13.9472
2.4905,7.09023,2.64564,6.78444,2.55929,6.96269,2.94844,14.2877,2.94965,14.1944,2.99277,13.8721
2.50031,7.0762,2.65299,6.76224,2.56677,6.94822,2.95825,14.2185,2.95925,14.1261,3.00272,13.7964
2.51013,7.06798,2.66048,6.74518,2.57403,6.93156,2.96809,14.1481,2.96893,14.0554,3.01268,13.7197
2.51995,7.04888,2.66811,6.7246,2.5811,6.91874,2.97796,14.0749,2.97867,13.9834,3.02265,13.6424
2.52977,7.03483,2.67574,6.70808,2.58784,6.90342,2.98786,14.0008,2.98847,13.9095,3.03262,13.5652
2.5396,7.01026,2.68383,6.68916,2.59476,6.89008,2.99778,13.9246,2.9983,13.8332,3.0426,13.4887
2.54943,6.99253,2.69192,6.67312,2.60152,6.8744,3.00771,13.848,3.00816,13.7559,3.05258,13.4125
2.55927,6.96791,2.69975,6.65558,2.60845,6.8612,3.01765,13.7703,3.01806,13.679,3.06256,13.336
2.56869,6.95343,2.70769,6.63869,2.61514,6.84409,3.02761,13.693,3.02797,13.6025,3.07255,13.2588
2.57773,6.93242,2.71587,6.61955,2.62183,6.82847,3.03757,13.6162,3.0379,13.5265,3.0821,13.1823
2.58676,6.91906,2.72405,6.60129,2.62852,6.8087,3.04754,13.5398,3.04741,13.4511,3.09175,13.1003
2.59599,6.90035,2.73245,6.58326,2.63539,6.79066,3.05751,13.4629,3.05697,13.3747,3.10146,13.0186
2.60521,6.88634,2.74093,6.56805,2.64226,6.77182,3.06749,13.3858,3.06661,13.2986,3.11123,12.9371
2.61459,6.8667,2.7495,6.5547,2.64913,6.7545,3.07686,13.3092,3.07586,13.2222,3.12105,12.856
2.62396,6.85179,2.75814,6.54385,2.65584,6.73672,3.08635,13.23,3.08525,13.1431,3.1309,12.7751
2.63346,6.83049,2.76586,6.53934,2.6624,6.71989,3.09595,13.1481,3.09477,13.0623,3.14078,12.6945
2.64295,6.81118,2.7737,6.54343,2.66882,6.70317,3.10563,13.0665,3.10437,12.9817,3.15069,12.6141
2.65255,6.78648,2.78179,6.5521,2.67512,6.68718,3.11537,12.9852,3.11406,12.9013,3.16061,12.5341
2.66174,6.76596,2.78999,6.56805,2.68142,6.67132,3.12516,12.9042,3.12381,12.8211,3.17055,12.4541
2.67098,6.7425,2.7984,6.58588,2.68792,6.65514,3.13499,12.8234,3.13361,12.7411,3.1805,12.3745
2.68022,6.72305,2.8069,6.5994,2.69442,6.63762,3.14484,12.7429,3.14344,12.6613,3.19046,12.2949
2.68955,6.70139,2.81557,6.60135,2.70092,6.61999,3.15472,12.6626,3.15331,12.5816,3.20043,12.2156
2.69888,6.68277,2.82432,6.59906,2.70742,6.60405,3.16463,12.5824,3.1632,12.5022,3.2104,12.1355
2.70829,6.66255,2.83321,6.59437,2.71433,6.58797,3.17455,12.5025,3.17312,12.4228,3.22038,12.0555
2.7164,6.6448,2.84216,6.58595,2.72125,6.57292,3.18449,12.4227,3.18305,12.3437,3.23036,11.9756
2.72474,6.62466,2.85132,6.57649,2.72763,6.55683,3.19444,12.3423,3.193,12.2637,3.24035,11.896
2.73308,6.6057,2.86058,6.56656,2.73357,6.54125,3.20439,12.2618,3.20295,12.1837,3.25034,11.8169
2.74162,6.5862,2.86998,6.5574,2.73942,6.52735,3.21436,12.1815,3.21292,12.1038,3.26033,11.7384
2.74999,6.57044,2.87945,6.54834,2.74487,6.5131,3.22433,12.1014,3.22289,12.0242,3.27032,11.6609
2.75855,6.55841,2.88903,6.53885,2.75028,6.50268,3.23431,12.0214,3.23286,11.9446,3.28032,11.5858
2.76719,6.55227,2.89861,6.53069,2.75566,6.49513,3.24429,11.9416,3.24284,11.8653,3.29031,11.5125
2.77551,6.5528,2.90778,6.52375,2.76128,6.49423,3.25427,11.8624,3.25283,11.7864,3.30031,11.4409
2.78332,6.56166,2.91677,6.51705,2.76715,6.49896,3.26426,11.784,3.26282,11.7084,3.31031,11.3709
2.79139,6.57772,2.9254,6.51187,2.77323,6.50833,3.27425,11.7067,3.2728,11.6315,3.31969,11.3029
2.79956,6.59342,2.93387,6.50782,2.77953,6.52074,3.28424,11.6317,3.2828,11.5569,3.32911,11.2348
2.80795,6.60758,2.94242,6.50484,2.78603,6.5317,3.29424,11.5585,3.29279,11.4841,3.33864,11.1671
2.81642,6.61381,2.95097,6.50177,2.79294,6.53934,3.30423,11.4869,3.30278,11.4129,3.34826,11.0994
2.82508,6.61608,2.95969,6.4994,2.80021,6.53912,3.31423,11.4159,3.31278,11.3428,3.35796,11.0318
2.83389,6.61364,2.96841,6.49762,2.80781,6.53112,3.32379,11.346,3.32278,11.273,3.36772,10.9649
2.84277,6.60719,2.9772,6.4967,2.81569,6.5198,3.33279,11.277,3.33277,11.2034,3.37751,10.902
2.85178,6.60092,2.98581,6.49632,2.82369,6.50937,3.34199,11.2082,3.34277,11.1343,3.38734,10.8403
2.86079,6.59125,2.9945,6.49742,2.83192,6.49989,3.35135,11.1392,3.35277,11.065,3.39721,10.7798
2.86945,6.58083,3.00287,6.49877,2.84036,6.48807,3.36083,11.0703,3.36276,10.9961,3.4071,10.7202
2.87819,6.57047,3.01132,6.50158,2.8491,6.47781,3.37042,11.0026,3.37253,10.9295,3.41701,10.6623
2.88699,6.56136,3.01978,6.50419,2.85792,6.4671,3.38009,10.9394,3.38234,10.8667,3.42694,10.6061
2.89546,6.55301,3.02793,6.50834,2.86679,6.45752,3.38982,10.8778,3.39219,10.8055,3.43688,10.5515
2.90363,6.54572,3.03581,6.51175,2.87533,6.44945,3.39961,10.8179,3.40207,10.746,3.44684,10.4984
2.91216,6.53811,3.04381,6.51642,2.88357,6.44252,3.40944,10.7595,3.41197,10.688,3.4568,10.4442
2.92053,6.53152,3.05166,6.51949,2.8918,6.43568,3.4193,10.7027,3.4219,10.6317,3.46677,10.3917
2.92861,6.5262,3.0583,6.52458,2.89975,6.43058,3.4292,10.6475,3.43183,10.5769,3.47675,10.341
2.93654,6.5218,3.06417,6.52831,2.9077,6.42678,3.43911,10.5938,3.44178,10.5236,3.48673,10.2919
2.94447,6.5176,3.07003,6.53214,2.91539,6.4256,3.44904,10.5408,3.45174,10.4701,3.49672,10.2444
2.95227,6.51445,3.07582,6.53582,2.92296,6.42473,3.45898,10.4874,3.46171,10.4171,3.50671,10.1984
2.96033,6.51203,3.08161,6.5383,2.93052,6.42457,3.46894,10.4357,3.47169,10.3659,3.5167,10.154
2.96824,6.51073,3.08734,6.53998,2.93809,6.42363,3.4789,10.3857,3.48167,10.3163,3.52607,10.1115
2.97627,6.50974,3.09329,6.54048,2.94566,6.42502,3.48887,10.3372,3.49165,10.2682,3.53557,10.0703
2.98416,6.50919,3.09924,6.54047,2.9531,6.42613,3.49885,10.2903,3.50164,10.2217,3.54517,10.0304
2.99216,6.509,3.10519,6.53968,2.96055,6.42942,3.50883,10.2449,3.51163,10.1767,3.55484,9.99177
2.9999,6.50986,3.11115,6.53845,2.968,6.43207,3.5179,10.2017,3.52118,10.1335,3.56458,9.95433
3.00764,6.51116,3.11732,6.53578,2.97559,6.43675,3.52715,10.1598,3.53082,10.0917,3.57437,9.91773
3.01487,6.513,3.12349,6.53358,2.98317,6.44008,3.53655,10.1191,3.54053,10.0511,3.5842,9.88163
3.02226,6.51534,3.12987,6.52981,2.99053,6.44609,3.54606,10.0797,3.5503,10.0119,3.59407,9.84568
3.02944,6.51808,3.13625,6.52639,2.99789,6.45062,3.55567,10.0415,3.56011,9.97303,3.60396,9.80927
3.03677,6.52106,3.14282,6.52166,3.00525,6.45714,3.56535,10.0032,3.56996,9.93528,3.61342,9.77489
3.0439,6.52403,3.14932,6.51715,3.0125,6.46193,3.5751,9.96641,3.57984,9.89889,3.62299,9.7421
3.05118,6.52724,3.15583,6.51146,3.01975,6.46932,3.5849,9.93091,3.58975,9.86388,3.63265,9.71088
3.05811,6.53018,3.16233,6.50629,3.02681,6.47501,3.59473,9.89416,3.59966,9.82776,3.64238,9.68116
3.06487,6.53314,3.16883,6.49994,3.03368,6.48308,3.6046,9.85828,3.60959,9.79236,3.65216,9.65044
3.07163,6.53595,3.17533,6.49414,3.03995,6.48875,3.61404,9.82438,3.61952,9.75859,3.66198,9.622
3.07857,6.53812,3.18202,6.48723,3.04616,6.49589,3.6236,9.79203,3.62947,9.72638,3.67184,9.59616
3.08541,6.53956,3.18871,6.48094,3.05236,6.50109,3.63324,9.76121,3.63943,9.69581,3.68173,9.57798
3.09243,6.53937,3.1954,6.47387,3.05846,6.50753,3.64296,9.73197,3.6494,9.66547,3.69164,9.56163
3.09927,6.5391,3.20209,6.46705,3.06456,6.51153,3.65273,9.70152,3.65937,9.63563,3.70154,9.54801
3.10595,6.53752,3.20896,6.45968,3.07066,6.51738,3.66255,9.67299,3.66935,9.60831,3.71147,9.53432
3.11249,6.53596,3.21583,6.45247,3.07671,6.52092,3.6724,9.64781,3.67933,9.58921,3.72141,9.52253
3.11902,6.53367,3.2227,6.44491,3.08276,6.52449,3.68228,9.63085,3.68932,9.57182,3.73136,9.51241
3.12556,6.53044,3.22948,6.43771,3.08902,6.52638,3.69219,9.61445,3.69931,9.55727,3.74132,9.50458
3.13202,6.52732,3.23627,6.42986,3.09523,6.52727,3.70211,9.60091,3.7093,9.54417,3.75129,9.49518
3.13836,6.52402,3.24289,6.42279,3.10138,6.52696,3.71205,9.58836,3.71929,9.53133,3.76126,9.50185
3.14469,6.51921,3.24938,6.415,3.10753,6.52831,3.722,9.5766,3.72928,9.52084,3.77124,9.52231
3.15091,6.51513,3.25587,6.40757,3.11388,6.52616,3.73196,9.56633,3.73928,9.51205,3.78122,9.54217
3.15713,6.50994,3.26235,6.39971,3.12044,6.52367,3.74193,9.55856,3.74927,9.50204,3.79121,9.5597
3.16329,6.50486,3.26871,6.39231,3.12718,6.52152,3.7519,9.54948,3.75927,9.49747,3.8012,9.57827
3.16945,6.49907,3.27506,6.38367,3.13392,6.51714,3.76188,9.5464,3.76927,9.51793,3.81119,9.59646
3.17556,6.49333,3.28142,6.37531,3.14083,6.513,3.77186,9.56699,3.77926,9.53883,3.82118,9.61583
3.18167,6.48719,3.28778,6.36616,3.14775,6.50854,3.78185,9.58716,3.78926,9.55792,3.83118,9.63499
3.18764,6.48146,3.29433,6.35591,3.15483,6.50247,3.79184,9.60501,3.79926,9.57613,3.84117,9.65546
3.19353,6.47483,3.30088,6.34486,3.16192,6.49717,3.80183,9.62393,3.80926,9.59397,3.85117,9.67529
3.19938,6.46917,3.30762,6.33371,3.16916,6.49015,3.81182,9.64232,3.81926,9.613,3.86117,9.69562
3.20522,6.46246,3.31436,6.32296,3.17655,6.4845,3.82181,9.66193,3.82926,9.63182,3.87116,9.7177
3.211,6.45645,3.32102,6.31245,3.18394,6.47655,3.83181,9.68124,3.83926,9.65195,3.88116,9.74163
3.21677,6.44985,3.32786,6.30216,3.19133,6.46935,3.84181,9.70183,3.84926,9.67151,3.89116,9.76689
3.22247,6.44353,3.33507,6.29173,3.19886,6.46193,3.8518,9.72112,3.85926,9.69188,3.90116,9.79331
3.22809,6.43694,3.34243,6.28145,3.20639,6.45378,3.8618,9.74144,3.86926,9.71313,3.91116,9.82083
3.23366,6.43063,3.34994,6.27116,3.21405,6.446,3.8718,9.76364,3.87925,9.73662,3.92116,9.84929
3.23946,6.42394,3.35774,6.25998,3.22172,6.43758,3.8818,9.78754,3.88925,9.76142,3.93116,9.87833
3.24517,6.41694,3.36597,6.2486,3.22951,6.4295,3.8918,9.81289,3.89925,9.78748,3.94115,9.90535
3.25081,6.41036,3.37455,6.23841,3.2373,6.42083,3.90179,9.83943,3.90925,9.81468,3.95115,9.93215
3.25645,6.40365,3.38341,6.22922,3.24496,6.41271,3.91179,9.86702,3.91925,9.84291,3.96115,9.96049
3.2621,6.39643,3.39249,6.22017,3.25239,6.40405,3.92179,9.89558,3.92925,9.87201,3.97115,9.99009
3.26771,6.3892,3.40177,6.21124,3.25982,6.39552,3.93179,9.92306,3.93925,9.9011,3.98115,10.0203
3.27333,6.38138,3.41066,6.20268,3.26704,6.38692,3.94179,9.94939,3.94925,9.93083,3.99115,10.0552
3.27891,6.37384,3.41978,6.19372,3.27426,6.37797,3.95179,9.97665,3.95925,9.95892,4.00115,10.0918
3.2845,6.36502,3.42908,6.18419,3.28128,6.36808,3.96179,10.0056,3.96925,9.98717,4.01115,10.1299
3.29006,6.35535,3.43851,6.17486,3.28831,6.35739,3.97179,10.0344,3.97925,10.0174,4.02115,10.1692
3.29585,6.3453,3.44806,6.16584,3.29533,6.3465,3.98179,10.066,3.98925,10.0503,4.03115,10.2066
3.30165,6.33565,3.4577,6.15639,3.30236,6.33538,3.99179,10.1014,3.99925,10.0852,4.04115,10.2433
3.30768,6.32607,3.46741,6.14431,3.30938,6.32372,4.00179,10.1389,4.00925,10.1219,4.05115,10.2887
3.3137,6.31684,3.47717,6.13212,3.31657,6.31212,4.01179,10.1776,4.01925,10.16,4.06115,10.3598
3.31964,6.3078,3.48698,6.12055,3.3239,6.30078,4.02179,10.2154,4.02925,10.1989,4.07115,10.4279
3.32558,6.29908,3.49683,6.10842,3.33139,6.28962,4.03179,10.2516,4.03925,10.238,4.08115,10.4932
3.33151,6.29046,3.50671,6.09485,3.33917,6.27844,4.04179,10.2921,4.04925,10.2753,4.09115,10.5561
3.33767,6.28143,3.51661,6.08176,3.34706,6.26739,4.05179,10.3634,4.05925,10.3129,4.10115,10.6167
3.34458,6.27169,3.52653,6.06635,3.35508,6.25639,4.06179,10.4316,4.06925,10.3783,4.11115,10.675
3.35209,6.26167,3.53647,6.04534,3.36332,6.24497,4.07179,10.497,4.07925,10.448,4.12115,10.731
3.3601,6.2514,3.54641,6.02322,3.37157,6.23376,4.08179,10.56,4.08925,10.5149,4.13115,10.7852
3.3685,6.24093,3.55637,6.00259,3.38003,6.22399,4.09179,10.6206,4.09925,10.579,4.14115,10.8379
3.37723,6.23227,3.56633,5.98116,3.38795,6.21477,4.10179,10.6788,4.10925,10.6405,4.14988,10.8889
3.38621,6.22389,3.57553,5.95927,3.39627,6.20566,4.11179,10.735,4.11925,10.6997,4.15867,10.9384
3.3947,6.21593,3.58482,5.93809,3.40492,6.19661,4.12179,10.7894,4.12925,10.7569,4.16771,10.9867
3.40349,6.20746,3.59419,5.91489,3.41385,6.18764,4.13179,10.8422,4.13925,10.8124,4.17693,11.0341
3.41253,6.19849,3.60364,5.88741,3.42298,6.17875,4.14179,10.8936,4.14925,10.8662,4.1863,11.0809
3.42175,6.18964,3.61312,5.85674,3.43229,6.16874,4.15179,10.9436,4.15925,10.9182,4.19579,11.1285
3.43114,6.18081,3.6226,5.82298,3.44174,6.15895,4.16179,10.9923,4.16925,10.969,4.20539,11.1762
3.44064,6.17183,3.6321,5.78034,3.4513,6.14948,4.17179,11.04,4.17925,11.0188,4.21503,11.2235
3.45025,6.16038,3.64163,5.72746,3.46094,6.14016,4.18179,11.0867,4.18925,11.0674,4.22474,11.2712
3.45993,6.14838,3.65119,5.65645,3.47065,6.12748,4.19179,11.1332,4.19925,11.1168,4.23451,11.3196
3.46967,6.13696,3.66035,5.63164,3.48042,6.11477,4.20179,11.1803,4.20925,11.1664,4.2443,11.369
3.47946,6.12548,3.66932,5.66016,3.48977,6.10295,4.21179,11.2279,4.21925,11.2148,4.25414,11.4194
3.4893,6.11229,3.67794,5.68813,3.49925,6.09061,4.22179,11.2751,4.22925,11.2645,4.26398,11.4688
3.49917,6.09959,3.68639,5.71381,3.50883,6.077,4.23179,11.3229,4.23925,11.3142,4.27384,11.5178
3.50906,6.08506,3.69455,5.73668,3.5185,6.0636,4.24179,11.3709,4.24925,11.3643,4.28371,11.5702
3.51897,6.06664,3.70255,5.75679,3.52822,6.04792,4.25179,11.4201,4.25925,11.4155,4.29361,11.6246
3.5289,6.04465,3.71019,5.77574,3.53801,6.02907,4.26179,11.4704,4.26925,11.4676,4.30308,11.6795
3.53885,6.02408,3.7177,5.792,3.54783,6.00658,4.27179,11.5193,4.27925,11.5196,4.31265,11.7359
3.54642,6.00507,3.72521,5.80735,3.55765,5.98553,4.28179,11.5707,4.28925,11.5719,4.32231,11.7927
3.55376,5.98561,3.73261,5.82129,3.56748,5.96391,4.29179,11.6244,4.29925,11.6287,4.332,11.8504
3.56111,5.96646,3.7399,5.83435,3.57734,5.94222,4.30179,11.6792,4.30821,11.6842,4.34176,11.9086
3.56845,5.9476,3.74707,5.84674,3.58722,5.92053,4.31135,11.7351,4.31681,11.7413,4.35156,11.9686
3.57569,5.92438,3.75406,5.85912,3.59711,5.90024,4.321,11.7932,4.3257,11.7993,4.3614,12.0274
3.58282,5.89941,3.76105,5.87067,3.60657,5.87832,4.33072,11.8496,4.33481,11.8568,4.37126,12.089
3.58977,5.86895,3.76795,5.8822,3.61609,5.85373,4.34047,11.9084,4.34372,11.9165,4.38053,12.1504
3.59655,5.8368,3.77484,5.89335,3.62562,5.82543,4.35027,11.9683,4.35269,11.9748,4.38834,12.2089
3.60317,5.79702,3.78145,5.90411,3.63517,5.79653,4.36011,12.0266,4.36186,12.0358,4.39627,12.2709
3.60965,5.74923,3.78805,5.91549,3.64474,5.76007,4.36997,12.0885,4.3712,12.0963,4.4042,12.3333
3.61601,5.69041,3.79458,5.92736,3.6541,5.71619,4.37984,12.151,4.38061,12.1582,4.41253,12.3942
3.62229,5.65558,3.80103,5.93898,3.6635,5.6693,4.38929,12.2108,4.39014,12.22,4.42119,12.4546
3.62858,5.66961,3.80736,5.95153,3.67269,5.62137,4.39881,12.2748,4.39976,12.2831,4.43011,12.5152
3.63481,5.69628,3.81363,5.96462,3.67953,5.60387,4.40842,12.3383,4.40897,12.3465,4.43924,12.5764
3.64099,5.71936,3.81984,5.97756,3.68637,5.61797,4.41807,12.4011,4.41703,12.4098,4.44837,12.6349
3.6471,5.73982,3.82605,5.99226,3.69312,5.64971,4.42751,12.4648,4.42532,12.4696,4.45767,12.6937
3.65312,5.75761,3.8322,6.00942,3.69979,5.67841,4.43706,12.5246,4.43332,12.53,4.46711,12.7526
3.6591,5.77313,3.83825,6.02611,3.70632,5.70394,4.4467,12.5852,4.44156,12.5877,4.47661,12.8111
3.66498,5.78653,3.84426,6.04401,3.71277,5.72714,4.45638,12.6452,4.45001,12.6484,4.48573,12.8694
3.67083,5.79891,3.85021,6.06401,3.71916,5.74751,4.46612,12.7031,4.45864,12.708,4.49489,12.9277
3.67664,5.81102,3.85613,6.08381,3.72542,5.76672,4.47589,12.7633,4.46743,12.7657,4.50421,12.9844
3.68241,5.82248,3.86204,6.10352,3.73158,5.78345,4.48525,12.8222,4.47589,12.826,4.51367,13.0409
3.68811,5.83283,3.86791,6.12581,3.73763,5.79946,4.49464,12.8803,4.48405,12.8835,4.52323,13.0954
3.69375,5.84214,3.8737,6.14741,3.74364,5.81352,4.50403,12.9376,4.49231,12.9393,4.53287,13.1496
3.69928,5.85043,3.87946,6.16869,3.74952,5.82781,4.51354,12.9945,4.50091,12.9979,4.54259,13.2045
3.7048,5.85857,3.88518,6.19107,3.75533,5.84141,4.52311,13.0518,4.50978,13.0548,4.55236,13.2598
3.71028,5.86503,3.89084,6.21289,3.76106,5.85376,4.53273,13.1088,4.51887,13.1112,4.56218,13.3144
3.71575,5.87161,3.8965,6.23411,3.7668,5.86558,4.54242,13.1636,4.52814,13.1667,4.57203,13.3695
3.72121,5.87776,3.90213,6.25657,3.77247,5.87769,4.55218,13.2193,4.53755,13.222,4.58027,13.4236
3.72667,5.88342,3.9077,6.27879,3.77811,5.88832,4.56196,13.2743,4.54708,13.2783,4.58822,13.4774
3.7321,5.88881,3.91327,6.30139,3.78372,5.89931,4.57178,13.3318,4.5567,13.3339,4.59641,13.5321
3.7375,5.89409,3.9188,6.3213,3.78927,5.91031,4.58164,13.3882,4.56639,13.3894,4.60496,13.5875
3.74289,5.89925,3.92432,6.3367,3.79481,5.92165,4.59152,13.4441,4.57615,13.4456,4.61379,13.6416
3.74827,5.90491,3.9298,6.35,3.80031,5.93275,4.60139,13.4996,4.58593,13.5019,4.62285,13.6966
3.75365,5.91079,3.93528,6.36099,3.80582,5.94471,4.61129,13.5564,4.59529,13.5584,4.63209,13.7517
3.759,5.91623,3.94075,6.37053,3.8113,5.95627,4.62121,13.6134,4.60473,13.6159,4.64142,13.803
3.76434,5.92198,3.94621,6.37903,3.81678,5.96887,4.63115,13.6698,4.61428,13.6712,4.65088,13.8552
3.76966,5.92794,3.95164,6.3866,3.82224,5.98182,4.6411,13.7237,4.62392,13.7252,4.66045,13.9055
3.77497,5.93404,3.95732,6.39309,3.8277,5.99601,4.65105,13.7779,4.63363,13.78,4.6701,13.9552
3.78029,5.94018,3.96297,6.39909,3.83312,6.01202,4.66102,13.8316,4.6434,13.833,4.67982,14.0018
3.7856,5.94694,3.96859,6.40461,3.83851,6.02768,4.67099,13.8848,4.65321,13.886,4.6896,14.0477
3.79092,5.95376,3.97416,6.40872,3.84389,6.04404,4.68097,13.9369,4.66306,13.9377,4.69942,14.0926
3.79623,5.96169,3.97972,6.41309,3.84926,6.06305,4.69095,13.9877,4.67292,13.9876,4.70927,14.1369
3.80153,5.96985,3.98526,6.41754,3.85461,6.0805,4.70094,14.0369,4.68281,14.0351,4.71915,14.1785
3.80682,5.97887,3.99104,6.42155,3.85994,6.09903,4.71093,14.0837,4.69273,14.0822,4.72906,14.2188
3.81209,5.98777,3.99679,6.42527,3.86526,6.11931,4.72092,14.1293,4.70266,14.1273,4.73897,14.2578
3.81735,5.99755,4.00253,6.42871,3.87056,6.13909,4.73091,14.1719,4.7126,14.1694,4.74846,14.2957
3.8226,6.0087,4.00821,6.43124,3.87586,6.15892,4.74091,14.2134,4.72211,14.2106,4.75805,14.334
3.82785,6.02101,4.01389,6.4344,3.88114,6.17957,4.75046,14.2541,4.73172,14.2511,4.76772,14.3709
3.83309,6.03453,4.01954,6.43655,3.88639,6.19958,4.76011,14.2941,4.74141,14.2907,4.77745,14.4054
3.83832,6.04883,4.02519,6.43898,3.89164,6.2193,4.76982,14.3332,4.75116,14.3298,4.78724,14.4396
3.84356,6.06464,4.03083,6.44146,3.89688,6.2394,4.77959,14.369,4.76096,14.3652,4.79707,14.4735
3.8488,6.08097,4.03645,6.44326,3.90212,6.25997,4.78941,14.4049,4.77076,14.4007,4.80693,14.506
3.85402,6.09746,4.04204,6.44471,3.90733,6.27989,4.79925,14.4401,4.7806,14.4361,4.81682,14.5371
3.85924,6.11554,4.04763,6.4461,3.91254,6.30134,4.80912,14.4739,4.79046,14.4697,4.82673,14.5673
3.86443,6.13355,4.05319,6.44757,3.91773,6.31959,4.81901,14.5059,4.80035,14.502,4.83666,14.5934
3.86988,6.15222,4.05875,6.44892,3.92292,6.33546,4.82893,14.5368,4.81026,14.5326,4.8466,14.6188
3.87527,6.17263,4.06431,6.45083,3.9281,6.34814,4.83886,14.5652,4.82018,14.5617,4.85656,14.6452
3.88063,6.19201,4.06985,6.45206,3.93328,6.35816,4.84881,14.5933,4.83013,14.5894,4.86652,14.6727
3.88596,6.21098,4.07536,6.45307,3.93844,6.36694,4.85876,14.6213,4.84008,14.6166,4.87649,14.7009
3.89129,6.23063,4.08087,6.45399,3.9436,6.37507,4.86873,14.649,4.85004,14.644,4.88647,14.7298
3.8966,6.25059,4.08638,6.45554,3.94874,6.38199,4.8787,14.6774,4.86001,14.6727,4.89645,14.7585
3.90217,6.27036,4.09189,6.45648,3.95389,6.3881,4.88868,14.7064,4.86999,14.7019,4.90582,14.7873
3.90773,6.2903,4.0974,6.45712,3.95902,6.39371,4.89866,14.7354,4.87997,14.7321,4.91531,14.8166
3.91354,6.31247,4.10315,6.45784,3.96416,6.39841,4.90865,14.7651,4.88995,14.7622,4.92486,14.8466
3.91927,6.33063,4.10887,6.45831,3.96929,6.4025,4.91802,14.7945,4.89994,14.7929,4.9345,14.877
3.92498,6.3444,4.11482,6.45947,3.97442,6.40644,4.92752,14.8249,4.90993,14.8236,4.94421,14.9082
3.93062,6.35757,4.12073,6.46002,3.97955,6.40925,4.93711,14.8556,4.9193,14.8546,4.95395,14.9393
3.93626,6.36711,4.12685,6.46079,3.98494,6.41303,4.94679,14.8872,4.92875,14.8859,4.96375,14.9709
3.94187,6.3758,4.13293,6.46122,3.99031,6.41642,4.95652,14.9191,4.93831,14.9177,4.97357,15.0002
3.94748,6.38367,4.13922,6.46218,3.99594,6.41964,4.96631,14.9516,4.94796,14.95,4.98342,15.0275
3.95309,6.39015,4.14544,6.46299,4.00153,6.42209,4.97615,14.9826,4.95767,14.9826,4.9933,15.054
3.9587,6.39658,4.15212,6.46344,4.0071,6.42503,4.98601,15.0099,4.96744,15.0141,5.00321,15.08
3.96431,6.40182,4.15871,6.464,4.01264,6.42712,4.9959,15.0365,4.97726,15.0432,5.01312,15.1053
3.97016,6.40606,4.16549,6.46505,4.01842,6.42931,5.00581,15.0625,4.98707,15.0712,5.02306,15.1302
3.97601,6.41026,4.17219,6.46516,4.02416,6.43085,5.01574,15.0879,4.99692,15.0985,5.033,15.1545
3.98186,6.41442,4.17906,6.46638,4.03014,6.4332,5.02569,15.1129,5.0068,15.1251,5.04296,15.1801
3.9877,6.41835,4.18593,6.46696,4.03611,6.43429,5.03564,15.1372,5.01671,15.1511,5.05292,15.2064
3.99355,6.42159,4.19298,6.46725,4.04256,6.43573,5.0456,15.1621,5.02663,15.1765,5.0629,15.2339
3.9994,6.42544,4.20002,6.46831,4.04895,6.43662,5.05557,15.1879,5.03657,15.2016,5.07287,15.2606
4.00547,6.42846,4.20723,6.46913,4.05552,6.43863,5.06555,15.2154,5.04652,15.2275,5.08285,15.2883
4.01155,6.43097,4.21443,6.46918,4.06197,6.43945,5.07553,15.243,5.05648,15.2547,5.09239,15.3159
4.01762,6.43414,4.22178,6.46964,4.0686,6.44079,5.08552,15.272,5.06644,15.2823,5.10154,15.3439
4.02369,6.43641,4.22914,6.47047,4.07509,6.44128,5.0955,15.3015,5.07641,15.3105,5.11085,15.3716
4.02972,6.43813,4.23681,6.47097,4.082,6.44264,5.10379,15.3276,5.08638,15.3382,5.12024,15.4011
4.03565,6.44053,4.24447,6.47106,4.08873,6.44323,5.11242,15.3541,5.09636,15.366,5.12971,15.4304
4.04154,6.44237,4.25227,6.47233,4.09611,6.44448,5.1212,15.3822,5.10634,15.3942,5.13918,15.4592
4.04765,6.44397,4.25993,6.47277,4.10328,6.44504,5.13022,15.4105,5.11632,15.4234,5.14825,15.4896
4.05371,6.44533,4.26772,6.47298,4.11078,6.44611,5.13936,15.44,5.1263,15.4514,5.15683,15.5187
4.05999,6.44693,4.27551,6.47377,4.11817,6.44708,5.14814,15.469,5.13629,15.4818,5.16568,15.5471
4.0662,6.44799,4.28342,6.47466,4.12535,6.44836,5.15645,15.4971,5.14628,15.5113,5.17467,15.5716
4.07262,6.44937,4.29119,6.47573,4.13253,6.44869,5.16496,15.5265,5.15565,15.541,5.18378,15.5934
4.07897,6.45043,4.29909,6.47641,4.13986,6.44952,5.17377,15.5499,5.1651,15.5705,5.19299,15.6166
4.08533,6.45149,4.30698,6.47894,4.14719,6.45078,5.1828,15.573,5.17461,15.5944,5.20184,15.6365
4.09188,6.45226,4.31488,6.48138,4.15466,6.45125,5.19195,15.5948,5.18422,15.6178,5.21082,15.658
4.09862,6.45352,4.32288,6.48332,4.16214,6.45196,5.2012,15.6167,5.1939,15.64,5.21993,15.6759
4.10535,6.45436,4.33113,6.48573,4.16991,6.45233,5.21054,15.6368,5.20365,15.6616,5.2292,15.6959
4.11209,6.45523,4.33958,6.48814,4.17756,6.45306,5.22001,15.6571,5.21343,15.6821,5.23811,15.7131
4.11875,6.45625,4.34803,6.49058,4.18533,6.45383,5.22954,15.6753,5.22325,15.7021,5.24714,15.7302
4.12558,6.45718,4.35666,6.49307,4.1931,6.45404,5.2391,15.6939,5.23308,15.7208,5.25629,15.7456
4.13242,6.45785,4.3653,6.49555,4.20099,6.45482,5.2487,15.7105,5.24249,15.7386,5.26554,15.7607
4.13943,6.458,4.37409,6.49806,4.20889,6.45577,5.25839,15.727,5.25193,15.7553,5.27479,15.7739
4.14644,6.45877,4.38289,6.50059,4.21689,6.45664,5.26811,15.7416,5.26148,15.7711,5.28419,15.7871
4.15361,6.45963,4.39182,6.50308,4.2249,6.45636,5.27789,15.756,5.27108,15.7856,5.29365,15.7986
4.16078,6.45979,4.40076,6.50555,4.23301,6.45745,5.28769,15.7685,5.28073,15.7993,5.30198,15.8091
4.16795,6.46075,4.40982,6.50803,4.24098,6.45822,5.29753,15.7807,5.29045,15.8118,5.31051,15.8171
4.17512,6.46151,4.41888,6.51025,4.24906,6.45812,5.30739,15.7906,5.30022,15.8234,5.31873,15.8244
4.18229,6.46171,4.42806,6.51154,4.25714,6.45925,5.31553,15.7989,5.31004,15.8328,5.32704,15.8307
4.18946,6.46263,4.43723,6.51395,4.26545,6.46011,5.32339,15.806,5.31989,15.8417,5.33556,15.837
4.19678,6.46357,4.4464,6.51648,4.27375,6.4598,5.33151,15.813,5.32975,15.8497,5.34425,15.8424
4.2041,6.46345,4.45558,6.51727,4.28215,6.46078,5.33985,15.8193,5.33964,15.8576,5.35309,15.8475
4.21143,6.46473,4.46485,6.51941,4.29055,6.46213,5.34851,15.8254,5.34955,15.8646,5.36207,15.8508
4.2189,6.46543,4.47412,6.52039,4.29903,6.46395,5.35685,15.8298,5.35947,15.8706,5.37125,15.8536
4.2265,6.46557,4.48343,6.52241,4.30735,6.46617,5.36539,15.8338,5.3694,15.8754,5.38053,15.8547
4.23411,6.46639,4.49278,6.52347,4.31587,6.4685,5.3741,15.836,5.37934,15.8788,5.38995,15.855
4.24184,6.46762,4.50212,6.52536,4.32447,6.47074,5.38297,15.8376,5.38929,15.8808,5.39948,15.8538
4.24958,6.46717,4.51151,6.52639,4.33324,6.47345,5.39189,15.8377,5.39924,15.8821,5.40904,15.8513
4.25743,6.46857,4.52089,6.52837,4.342,6.47556,5.40095,15.8364,5.40921,15.8802,5.41864,15.8462
4.26541,6.46963,4.53035,6.52932,4.35092,6.47816,5.41018,15.8337,5.41918,15.8781,5.4283,15.8415
4.27338,6.4692,4.5398,6.53133,4.35983,6.48042,5.41957,15.8297,5.42915,15.8733,5.438,15.8342
4.28146,6.47055,4.54932,6.53216,4.36887,6.483,5.42907,15.8237,5.43913,15.8694,5.44775,15.8245
4.28965,6.4719,4.55884,6.53391,4.37772,6.4851,5.43868,15.8174,5.4491,15.8612,5.45754,15.8147
4.29793,6.47275,4.56842,6.53515,4.3867,6.48737,5.44836,15.8073,5.45909,15.8523,5.46735,15.8032
4.30631,6.47543,4.57802,6.53777,4.39569,6.48933,5.45807,15.7976,5.46907,15.8425,5.47719,15.7898
4.31477,6.47825,4.58764,6.53932,4.4048,6.49049,5.46785,15.7874,5.47906,15.8302,5.48706,15.7735
4.32332,6.48029,4.59728,6.54197,4.41391,6.49267,5.47766,15.7752,5.48905,15.8113,5.49695,15.7503
4.33204,6.4831,4.60694,6.54353,4.42301,6.49525,5.48752,15.7573,5.49904,15.791,5.50686,15.7279
4.34076,6.48549,4.61662,6.54627,4.43212,6.49646,5.4974,15.7369,5.50903,15.7683,5.51679,15.7041
4.34955,6.48829,4.62632,6.54811,4.44133,6.49807,5.50729,15.7153,5.51902,15.7447,5.52673,15.6789
4.3584,6.49066,4.63601,6.55061,4.45054,6.49935,5.51721,15.6917,5.52902,15.7208,5.53669,15.652
4.36732,6.49357,4.64573,6.55241,4.45985,6.50093,5.52714,15.6681,5.53901,15.6947,5.54665,15.6216
4.37624,6.49585,4.65544,6.55481,4.46915,6.50223,5.53708,15.6424,5.54901,15.6687,5.55662,15.5916
4.38521,6.49861,4.66517,6.55663,4.47854,6.50366,5.54703,15.6145,5.55901,15.6399,5.5666,15.5591
4.39419,6.50084,4.67449,6.55872,4.48793,6.50516,5.55699,15.5845,5.569,15.6102,5.57658,15.5279
4.40322,6.50349,4.68343,6.5602,4.49739,6.50647,5.56696,15.5537,5.579,15.5783,5.58656,15.4955
4.4123,6.50561,4.69145,6.56202,4.50688,6.50806,5.57693,15.522,5.589,15.5458,5.59654,15.4613
4.42138,6.50801,4.69958,6.56392,4.51643,6.51022,5.58691,15.4911,5.599,15.5124,5.60653,15.4265
4.43051,6.5091,4.70635,6.56414,4.52597,6.51092,5.59689,15.4566,5.609,15.4779,5.61652,15.3913
4.43965,6.51136,4.71285,6.56529,4.53558,6.5127,5.60687,15.4233,5.619,15.4426,5.6265,15.3544
4.44883,6.5124,4.71922,6.56673,4.5452,6.5136,5.61686,15.3888,5.629,15.4062,5.63606,15.3153
4.458,6.5146,4.72524,6.56763,4.55484,6.51509,5.62685,15.3534,5.63899,15.3684,5.6457,15.2732
4.46718,6.51552,4.73173,6.56892,4.56451,6.51601,5.63684,15.3154,5.64899,15.3273,5.65541,15.2293
4.47636,6.5177,4.73891,6.56939,4.57419,6.51829,5.64684,15.2751,5.65899,15.284,5.66518,15.1834
4.48559,6.5186,4.74642,6.57074,4.58389,6.52056,5.65683,15.2314,5.66899,15.2388,5.67497,15.1359
4.49481,6.52071,4.75292,6.57166,4.59362,6.52285,5.66683,15.1864,5.67899,15.1913,5.68481,15.0866
4.50408,6.52156,4.75914,6.57109,4.60337,6.52507,5.67683,15.1392,5.68899,15.1422,5.69468,15.0362
4.51334,6.52376,4.76613,6.5721,4.61315,6.52766,5.68682,15.0908,5.69899,15.0923,5.70457,14.9843
4.52265,6.52447,4.77293,6.57277,4.62294,6.52979,5.69682,15.0405,5.70899,15.04,5.71448,14.9313
4.53199,6.52682,4.77915,6.57177,4.63274,6.5324,5.70682,14.9893,5.71899,14.9874,5.72441,14.8775
4.54137,6.52745,4.78537,6.5719,4.64213,6.53465,5.71682,14.9366,5.72899,14.9331,5.73435,14.823
4.55078,6.52963,4.79159,6.57221,4.64918,6.5361,5.72682,14.8835,5.73899,14.8789,5.7443,14.7674
4.56019,6.53,4.79781,6.57153,4.65606,6.53707,5.73681,14.829,5.74899,14.8228,5.75426,14.7117
4.56964,6.53273,4.80363,6.57131,4.66193,6.53819,5.74681,14.7744,5.75899,14.7674,5.76423,14.6549
4.57911,6.53471,4.80968,6.57043,4.66772,6.53984,5.75681,14.7186,5.76899,14.7101,5.77377,14.5978
4.58861,6.53759,4.81594,6.56978,4.67308,6.54119,5.76681,14.6627,5.77899,14.6533,5.78291,14.5395
4.59812,6.53974,4.82241,6.56889,4.67934,6.54162,5.77638,14.6061,5.78899,14.5953,5.79222,14.4775
4.60765,6.54233,4.82929,6.56744,4.68519,6.54264,5.78596,14.5494,5.79899,14.5269,5.80166,14.405
4.61717,6.54434,4.83634,6.56604,4.69126,6.54426,5.7956,14.4842,5.80899,14.4569,5.81113,14.3328
4.62673,6.54631,4.84287,6.56448,4.69725,6.54499,5.80531,14.4147,5.81899,14.3868,5.82071,14.2598
4.63628,6.54849,4.8489,6.56139,4.70314,6.54603,5.81507,14.3423,5.82899,14.3155,5.83034,14.1867
4.64586,6.55162,4.85454,6.55886,4.70984,6.54782,5.82485,14.2689,5.83899,14.2431,5.84001,14.1132
4.65544,6.55381,4.86012,6.55644,4.71654,6.54889,5.83467,14.195,5.84899,14.1697,5.84974,14.0396
4.66334,6.55595,4.86563,6.5537,4.72309,6.54992,5.84452,14.1209,5.85899,14.0948,5.85951,13.9643
4.67098,6.55722,4.87114,6.55043,4.7295,6.55136,5.85441,14.0465,5.86899,14.0166,5.8693,13.8862
4.67875,6.55868,4.87649,6.54677,4.73611,6.55251,5.86431,13.9702,5.87899,13.9386,5.87912,13.807
4.68448,6.55933,4.88172,6.54344,4.74258,6.55333,5.87423,13.8936,5.88899,13.8608,5.88896,13.7273
4.68996,6.56065,4.88606,6.53945,4.74857,6.55431,5.88416,13.8162,5.89899,13.782,5.89883,13.6462
4.69569,6.56097,4.89106,6.53652,4.75477,6.55443,5.89409,13.7367,5.90899,13.7022,5.90871,13.5646
4.70126,6.56215,4.89606,6.53287,4.76088,6.55494,5.90403,13.6542,5.91876,13.6236,5.918,13.4852
4.70667,6.56359,4.90106,6.52882,4.76688,6.55548,5.91399,13.5726,5.92855,13.5442,5.92732,13.4064
4.71189,6.56387,4.90606,6.52577,4.7731,6.55523,5.92395,13.4915,5.93837,13.4645,5.93359,13.3333
4.717,6.56498,4.91106,6.52366,4.77879,6.55507,5.93348,13.4119,5.94823,13.384,5.93975,13.261
4.72212,6.56642,4.91633,6.52103,4.78441,6.55522,5.9431,13.3329,5.95733,13.3041,5.94577,13.1896
4.72718,6.56734,4.92156,6.51811,4.79003,6.5549,5.95276,13.2542,5.96654,13.2247,5.95157,13.1192
4.73224,6.56744,4.92678,6.51675,4.7956,6.55474,5.96245,13.1763,5.97434,13.1485,5.95738,13.0495
4.73729,6.56856,4.93198,6.51483,4.80141,6.55413,5.97213,13.0989,5.9819,13.0732,5.96311,12.9804
4.74232,6.56952,4.93716,6.51254,4.80715,6.55307,5.98183,13.0219,5.98975,12.9982,5.96884,12.9118
4.74734,6.57016,4.94261,6.50962,4.8128,6.55152,5.99157,12.9454,5.99785,12.9234,5.97454,12.8437
4.75236,6.57028,4.9483,6.5072,4.81896,6.55106,6.00134,12.8692,6.00617,12.8493,5.98018,12.776
4.75797,6.57132,4.95422,6.49309,4.82512,6.54948,6.01113,12.7942,6.01398,12.7764,5.98576,12.709
4.76353,6.57171,4.95967,6.49375,4.83203,6.54774,6.02097,12.7193,6.02223,12.7035,5.9912,12.6419
4.76903,6.57216,4.96508,6.49136,4.83877,6.54593,6.03083,12.645,6.03083,12.6306,5.99658,12.5732
4.77454,6.57218,4.97046,6.4898,4.84525,6.54299,6.04071,12.5701,6.03971,12.5563,6.00191,12.5055
4.77988,6.57236,4.97574,6.48739,4.85214,6.54038,6.0506,12.4942,6.0488,12.4813,6.00714,12.4388
4.78547,6.57209,4.98101,6.48517,4.8594,6.53787,6.06051,12.4191,6.05686,12.4091,6.01232,12.3727
4.79106,6.57254,4.98625,6.48331,4.8663,6.5353,6.07044,12.3289,6.06397,12.3356,6.01745,12.3074
4.79661,6.57158,4.99149,6.4798,4.87321,6.53033,6.07856,12.2429,6.07142,12.252,6.02257,12.2428
4.80212,6.57124,4.99664,6.47754,4.88029,6.52673,6.08595,12.1602,6.07917,12.1681,6.02764,12.1788
4.80764,6.57051,5.00273,6.47583,4.88795,6.52233,6.09365,12.0771,6.08536,12.0902,6.0327,12.1154
4.81315,6.56919,5.00958,6.47287,4.89451,6.51903,6.10111,11.9954,6.09156,12.013,6.03775,12.0526
4.81891,6.56783,5.01681,6.47127,4.90094,6.51576,6.10846,11.9148,6.09796,11.9356,6.04279,11.9904
4.8255,6.5669,5.02369,6.47015,4.90729,6.51228,6.11538,11.8362,6.10508,11.8563,6.04782,11.9286
4.83209,6.56508,5.03041,6.46836,4.91354,6.50846,6.12213,11.7588,6.1121,11.7779,6.05284,11.8673
4.83843,6.56346,5.03697,6.46578,4.91978,6.50612,6.12856,11.6831,6.11833,11.7027,6.05787,11.8066
4.84435,6.56134,5.04354,6.46356,4.92622,6.50402,6.13541,11.6064,6.12456,11.628,6.06288,11.7445
4.8502,6.55924,5.0496,6.45985,4.93286,6.50251,6.14158,11.5325,6.13152,11.5513,6.0679,11.6751
4.85604,6.55523,5.05556,6.45557,4.93968,6.49989,6.14746,11.46,6.1384,11.4754,6.07291,11.606
4.86151,6.55259,5.06148,6.45153,4.94667,6.49854,6.15309,11.3894,6.14511,11.4004,6.07791,11.5371
4.86608,6.54935,5.06719,6.44845,4.95382,6.4969,6.15847,11.3205,6.152,11.3256,6.08292,11.4686
4.87024,6.54666,5.07266,6.44328,4.96113,6.49445,6.16384,11.2519,6.15906,11.251,6.08792,11.4005
4.87524,6.5433,5.0781,6.44068,4.96824,6.49224,6.17011,11.1811,6.16612,11.1771,6.09293,11.3327
4.88024,6.5403,5.0835,6.43775,4.97534,6.48986,6.17682,11.1092,6.17375,11.1018,6.09793,11.2652
4.88524,6.53683,5.08869,6.43353,4.98226,6.48618,6.18418,11.036,6.18184,11.0256,6.10293,11.198
4.89024,6.53193,5.09387,6.42885,4.98803,6.48167,6.19206,10.9611,6.19031,10.9488,6.10794,11.1312
4.89524,6.52857,5.09898,6.42536,4.99353,6.47782,6.20036,10.8859,6.19907,10.8716,6.11294,11.0647
4.90024,6.52517,5.10435,6.42195,4.99895,6.47286,6.20899,10.8098,6.20809,10.7942,6.11794,10.9985
4.90524,6.52217,5.10973,6.41774,5.00462,6.46827,6.21788,10.7336,6.21729,10.7167,6.12294,10.9326
4.91024,6.51967,5.11536,6.41308,5.01018,6.46467,6.227,10.657,6.22666,10.6393,6.12794,10.867
4.91524,6.51749,5.12122,6.40622,5.01553,6.46059,6.23629,10.5806,6.23615,10.5621,6.13294,10.8017
4.92024,6.51497,5.1273,6.39897,5.02113,6.45726,6.24572,10.5041,6.24574,10.4852,6.13794,10.7368
4.92524,6.51278,5.1333,6.39363,5.02654,6.45377,6.25526,10.4281,6.25541,10.4086,6.14294,10.6722
4.93024,6.51109,5.13881,6.38686,5.03194,6.4506,6.2649,10.3307,6.26515,10.3103,6.14794,10.6078
4.93524,6.5075,5.14431,6.37947,5.03725,6.44719,6.2746,10.2319,6.27495,10.2109,6.15294,10.5442
4.94024,6.50484,5.14972,6.37432,5.04255,6.44466,6.28437,10.1343,6.28478,10.113,6.15892,10.4779
4.94551,6.50228,5.15537,6.36645,5.04782,6.44149,6.29274,10.0451,6.29461,10.0153,6.16568,10.4094
4.95076,6.4997,5.16153,6.35748,5.05303,6.43791,6.3004,9.96097,6.30446,9.91826,6.17307,10.3393
4.95595,6.49478,5.1679,6.34828,5.05822,6.43316,6.30852,9.87451,6.31434,9.8185,6.18098,10.2678
4.96108,6.49086,5.17377,6.33737,5.06339,6.42886,6.31701,9.78612,6.32425,9.71982,6.18929,10.1944
4.9662,6.4872,5.17953,6.32651,5.0695,6.42498,6.32579,9.6948,6.33417,9.62174,6.19793,10.1191
4.97191,6.48438,5.18493,6.31369,5.07552,6.42109,6.33481,9.6027,6.34411,9.52498,6.20684,10.0437
4.97812,6.48118,5.19025,6.30206,5.08149,6.41834,6.34402,9.51046,6.35406,9.42886,6.21596,9.96824
4.98422,6.47777,5.19538,6.28788,5.08737,6.41513,6.35339,9.4183,6.36402,9.33407,6.22525,9.89308
4.99027,6.47544,5.20078,6.27557,5.09318,6.41121,6.36287,9.32639,6.37399,9.24033,6.23469,9.81804
4.99654,6.47265,5.20707,6.26318,5.09892,6.40747,6.37246,9.23304,6.38396,9.14762,6.24423,9.74345
5.0027,6.46984,5.21357,6.24935,5.10433,6.40327,6.38213,9.14032,6.39394,9.05575,6.25387,9.6691
5.0088,6.46781,5.22074,6.23554,5.10971,6.39893,6.39187,9.04817,6.40369,8.96432,6.26358,9.57675
5.01481,6.46544,5.22782,6.22202,5.11508,6.39573,6.40165,8.95808,6.41347,8.8705,6.27334,9.47952
5.02072,6.46257,5.23547,6.20869,5.12071,6.39157,6.41146,8.86573,6.42327,8.77579,6.28316,9.38387
5.02584,6.4598,5.2434,6.19523,5.12634,6.38457,6.42131,8.76884,6.43311,8.68059,6.29301,9.28851
5.03008,6.45597,5.25173,6.18236,5.1318,6.37807,6.43119,8.67392,6.44297,8.58577,6.30289,9.19207
5.03508,6.45218,5.26025,6.16765,5.13712,6.37199,6.44108,8.57829,6.45286,8.49312,6.31279,9.09535
5.04008,6.44824,5.26907,6.15087,5.14269,6.36558,6.45099,8.48485,6.46276,8.4006,6.32272,8.99979
5.04508,6.44448,5.27802,6.13603,5.14823,6.36067,6.46092,8.39376,6.47244,8.31292,6.33051,8.91788
5.05008,6.44124,5.2871,6.11806,5.15281,6.35348,6.47061,8.30637,6.48154,8.22907,6.33857,8.8348
5.05508,6.43833,5.29636,6.10226,5.15781,6.34512,6.47973,8.22265,6.49081,8.14749,6.347,8.75022
5.06008,6.43365,5.30571,6.0839,5.16281,6.33745,6.48902,8.13915,6.50017,8.06483,6.35563,8.66505
5.06508,6.43095,5.31518,6.06613,5.16781,6.32845,6.4984,8.05778,6.50966,7.98617,6.36451,8.57449
5.07008,6.42723,5.32472,6.05049,5.17281,6.3197,6.5079,7.98009,6.5192,7.91023,6.37354,8.4871
5.07508,6.42318,5.33431,6.03711,5.17881,6.30903,6.51746,7.90474,6.52884,7.83725,6.38267,8.39944
5.08008,6.4188,5.34394,6.02522,5.18472,6.29732,6.5271,7.83166,6.53826,7.76256,6.39198,8.31245
5.08508,6.41576,5.35207,6.01294,5.19055,6.28471,6.53653,7.75491,6.54779,7.67245,6.40142,8.22707
5.09008,6.41215,5.36042,5.99938,5.19688,6.27015,6.54607,7.66319,6.55738,7.58696,6.41097,8.13974
5.09508,6.40702,5.36861,5.98743,5.20275,6.25684,6.55571,7.60956,6.56702,7.54199,6.42057,8.04996
5.10008,6.40097,5.3769,5.97768,5.20826,6.24379,6.56541,7.56346,6.57668,7.4993,6.43022,7.95744
5.10508,6.39414,5.38529,5.96801,5.21401,6.23109,6.57515,7.51571,6.5864,7.45289,6.43991,7.86705
5.11008,6.38836,5.39367,5.95896,5.22027,6.2159,6.58494,7.46564,6.59616,7.40042,6.44966,7.77683
5.11508,6.38172,5.40176,5.9574,5.22611,6.20164,6.59477,7.40937,6.60592,7.3496,6.45946,7.69204
5.12008,6.37488,5.40958,5.96055,5.23164,6.1875,6.60464,7.35472,6.61573,7.29294,6.46927,7.60809
5.12508,6.36951,5.41715,5.963,5.23712,6.17421,6.61453,7.29319,6.62556,7.23435,6.47808,7.53342
5.13008,6.36234,5.42486,5.96756,5.24255,6.1612,6.62443,7.23524,6.6354,7.17858,6.48711,7.45501
5.13508,6.35477,5.43256,5.97658,5.24853,6.14879,6.63435,7.1717,6.64527,7.12212,6.49634,7.38169
5.14008,6.34719,5.44014,5.97553,5.25498,6.13524,6.64429,7.11168,6.65516,7.05422,6.50572,7.30865
5.14508,6.33829,5.44785,5.97563,5.26185,6.11979,6.65424,7.04473,6.66507,6.99048,6.51521,7.23811
5.15008,6.3288,5.45568,5.98226,5.26909,6.10303,6.6642,6.97634,6.67498,6.92139,6.52481,7.16613
5.15535,6.32016,5.46338,5.98789,5.27648,6.08821,6.67416,6.90497,6.6849,6.85928,6.53448,7.08893
5.16062,6.31097,5.47121,5.9966,5.28417,6.07463,6.68412,6.85311,6.69484,6.81347,6.54422,6.99911
5.16548,6.30104,5.47904,6.006,5.29232,6.06053,6.6941,6.81855,6.70478,6.78088,6.55401,6.9495
5.17048,6.28872,5.48673,6.00839,5.30068,6.04497,6.70407,6.78386,6.71474,6.74432,6.56384,6.89878
5.17546,6.27724,5.49455,6.01373,5.30937,6.03153,6.71405,6.74505,6.72469,6.7073,6.57371,6.86857
5.18046,6.2663,5.50224,6.01867,5.31812,6.01963,6.72403,6.70598,6.73466,6.66863,6.5836,6.86294
5.18546,6.25372,5.50993,6.02116,5.32703,6.00912,6.73402,6.66544,6.74462,6.62968,6.5935,6.84934
5.19046,6.24122,5.51761,6.02133,5.33559,5.99496,6.744,6.62458,6.7546,6.59278,6.60341,6.83493
5.19546,6.2295,5.52518,6.02305,5.34432,5.98135,6.75399,6.58661,6.76458,6.55709,6.61334,6.81121
5.20046,6.21706,5.53274,6.02007,5.35288,5.96639,6.76398,6.54925,6.77456,6.52378,6.62327,6.78887
5.20546,6.20547,5.5403,6.02451,5.36161,5.95344,6.77397,6.51426,6.78455,6.48352,6.63321,6.75944
5.21105,6.19339,5.54775,6.03524,5.37001,5.94226,6.78397,6.47363,6.79453,6.43974,6.64316,6.73286
5.21635,6.18249,5.55508,6.04249,5.3785,5.93347,6.79396,6.42891,6.80452,6.38807,6.65312,6.69819
5.22162,6.16939,5.56241,6.05724,5.38669,5.93105,6.80396,6.37809,6.81452,6.33222,6.66308,6.66119
5.22683,6.15476,5.56963,6.07888,5.39497,5.93289,6.81396,6.32101,6.82451,6.27354,6.67305,6.61805
5.232,6.14202,5.57685,6.09728,5.40265,5.93473,6.82395,6.26106,6.83451,6.2125,6.68303,6.57843
5.23712,6.12672,5.58407,6.11199,5.4101,5.94172,6.83395,6.20021,6.8445,6.14982,6.69301,6.53332
5.24282,6.11319,5.59129,6.14136,5.41743,5.94697,6.84395,6.13654,6.8545,6.0834,6.70299,6.49195
5.24875,6.09904,5.59852,6.16899,5.42456,5.94895,6.85395,6.0694,6.8645,6.01491,6.71298,6.44547
5.25516,6.08482,5.60574,6.19403,5.4317,5.95432,6.86395,6.00081,6.87449,5.94261,6.72297,6.40214
5.26176,6.07092,5.61276,6.22854,5.43873,5.96035,6.87395,5.92916,6.88449,5.86709,6.73296,6.3554
5.26855,6.05811,5.61979,6.26234,5.44592,5.96753,6.88394,5.85261,6.89449,5.79063,6.74295,6.31199
5.27533,6.04794,5.62664,6.29173,5.45326,5.97481,6.89394,5.77545,6.90449,5.71411,6.75294,6.26817
5.2825,6.03878,5.63333,6.31908,5.4604,5.98044,6.90394,5.69797,6.91405,5.64241,6.76293,6.22833
5.28982,6.0282,5.63995,6.34116,5.46736,5.98695,6.91371,5.62373,6.9237,5.57038,6.77293,6.18256
5.29745,6.01863,5.64674,6.36073,5.47431,5.99413,6.92349,5.54982,6.93342,5.49905,6.78293,6.13713
5.30522,6.00726,5.65353,6.37963,5.48126,5.99954,6.93329,5.47696,6.9432,5.42723,6.79292,6.084
5.3131,5.99638,5.66033,6.39423,5.48812,5.99556,6.94314,5.40382,6.95302,5.324,6.80292,6.03145
5.32085,5.98435,5.6673,6.40712,5.49516,5.99536,6.95301,5.29945,6.96287,5.21051,6.81292,5.96995
5.32887,5.97131,5.67409,6.42044,5.50209,5.9893,6.96291,5.18478,6.97276,5.09367,6.82292,5.90739
5.33674,5.95741,5.68089,6.43019,5.50894,5.99681,6.97283,5.06737,6.98266,4.97074,6.83291,5.83825
5.34462,5.94687,5.68786,6.43913,5.51596,6.00747,6.98277,4.94447,6.99259,4.84616,6.84291,5.76925
5.35089,5.93916,5.69483,6.44842,5.52298,6.02285,6.99271,4.81999,7,4.74177,6.85291,5.69395
5.35711,5.92914,5.7018,6.4549,5.52999,6.04462,7,4.71977,,,6.86291,5.61721
5.36321,5.92385,5.70893,6.46083,5.53701,6.06807,,,,,6.87291,5.53808
5.36923,5.92163,5.71588,6.46819,5.54403,6.08468,,,,,6.88291,5.4622
5.37511,5.91944,5.72283,6.47223,5.55105,6.10964,,,,,6.89291,5.38495
5.38096,5.92405,5.72994,6.47652,5.55807,6.14325,,,,,6.90291,5.28586
5.38673,5.93683,5.73706,6.48108,5.56508,6.17704,,,,,6.91017,5.23458
5.39244,5.9496,5.74417,6.48353,5.5721,6.21703,,,,,6.91796,5.18278
5.39808,5.96122,5.75128,6.48546,5.57912,6.25299,,,,,6.9262,5.12655
5.40372,5.97192,5.75855,6.48898,5.58614,6.28252,,,,,6.93478,5.07055
5.40934,5.97897,5.76547,6.49048,5.59316,6.30745,,,,,6.94364,5.01083
5.41495,5.98169,5.77255,6.49101,5.60017,6.33048,,,,,6.95217,4.92751
5.42057,5.98359,5.77896,6.49291,5.60719,6.34842,,,,,6.96099,4.83159
5.42642,5.98415,5.78536,6.49383,5.61437,6.36503,,,,,6.97005,4.7325
5.43223,5.98135,5.79177,6.49323,5.62155,6.38079,,,,,6.97929,4.62682
5.43804,5.97196,5.79837,6.49043,5.62873,6.39297,,,,,6.98869,4.51902
5.44408,5.98607,5.80515,6.48595,5.63606,6.40439,,,,,6.99821,4.40518
5.45007,5.99558,5.81194,6.48188,5.64328,6.41525,,,,,7,4.39078
5.45601,6.01673,5.81856,6.479,5.65051,6.42327,,,,,,
5.46195,6.04109,5.82519,6.47422,5.65788,6.43118,,,,,,
5.4679,6.06349,5.83182,6.46893,5.66525,6.43913,,,,,,
5.47384,6.08515,5.83845,6.46386,5.67263,6.44401,,,,,,
5.47978,6.12534,5.84478,6.45992,5.68,6.44916,,,,,,
5.48595,6.15983,5.85131,6.45476,5.68726,6.45522,,,,,,
5.49211,6.20564,5.85784,6.44966,5.69453,6.45864,,,,,,
5.49827,6.25046,5.86423,6.44399,5.70194,6.46183,,,,,,
5.50438,6.28872,5.8705,6.43924,5.70935,6.46668,,,,,,
5.51049,6.32143,5.87617,6.43452,5.71676,6.46815,,,,,,
5.5166,6.35022,5.8818,6.42955,5.72448,6.47,,,,,,
5.52271,6.37446,5.8874,6.42477,5.73207,6.47288,,,,,,
5.52882,6.39487,5.89295,6.41964,5.73966,6.47363,,,,,,
5.53493,6.41232,5.8985,6.41459,5.74725,6.4739,,,,,,
5.54103,6.42763,5.904,6.4094,5.75497,6.47583,,,,,,
5.54705,6.44025,5.90948,6.40465,5.76245,6.47601,,,,,,
5.55306,6.4505,5.9148,6.3997,5.77007,6.47561,,,,,,
5.55907,6.46016,5.92009,6.39507,5.77721,6.47691,,,,,,
5.56504,6.46707,5.92532,6.39033,5.7845,6.47659,,,,,,
5.571,6.47252,5.93053,6.38532,5.79169,6.47506,,,,,,
5.57682,6.47779,5.93571,6.38015,5.79903,6.47152,,,,,,
5.5826,6.48134,5.94087,6.37583,5.80637,6.4669,,,,,,
5.5883,6.48438,5.94603,6.37109,5.81371,6.46128,,,,,,
5.59395,6.48645,5.95116,6.36602,5.82105,6.45713,,,,,,
5.5996,6.48808,5.95655,6.36082,5.82853,6.45126,,,,,,
5.60511,6.48916,5.96182,6.35563,5.8358,6.4464,,,,,,
5.61058,6.48953,5.96706,6.35104,5.84232,6.4418,,,,,,
5.61601,6.49041,5.97231,6.34576,5.84878,6.43633,,,,,,
5.62138,6.4921,5.97752,6.34083,5.85524,6.43042,,,,,,
5.62676,6.49291,5.98267,6.33591,5.86157,6.42551,,,,,,
5.63211,6.49353,5.98781,6.33095,5.86778,6.42101,,,,,,
5.63745,6.49458,5.99293,6.32591,5.8736,6.41589,,,,,,
5.64305,6.49534,5.99804,6.3212,5.87935,6.41063,,,,,,
5.64864,6.49587,6.00314,6.31637,5.88506,6.40543,,,,,,
5.65447,6.49667,6.00822,6.31173,5.89071,6.40014,,,,,,
5.66023,6.49675,6.01429,6.30648,5.89631,6.39514,,,,,,
5.66622,6.49768,6.02026,6.30122,5.90179,6.39038,,,,,,
5.6722,6.49804,6.02671,6.29562,5.90723,6.38521,,,,,,
5.67819,6.49787,6.03304,6.29003,5.91261,6.38058,,,,,,
5.68413,6.4989,6.04008,6.28394,5.91795,6.37558,,,,,,
5.69003,6.49931,6.04622,6.27833,5.92326,6.37075,,,,,,
5.69593,6.49912,6.05226,6.27277,5.92845,6.36593,,,,,,
5.70179,6.49996,6.05821,6.26725,5.93363,6.36125,,,,,,
5.7076,6.50047,6.06438,6.25975,5.9388,6.35638,,,,,,
5.71338,6.5003,6.07003,6.24978,5.94397,6.35175,,,,,,
5.71909,6.50114,6.07561,6.23949,5.94913,6.34708,,,,,,
5.7248,6.50096,6.08206,6.2278,5.95429,6.34217,,,,,,
5.73045,6.50082,6.08871,6.21549,5.95943,6.33724,,,,,,
5.73607,6.50027,6.09412,6.20467,5.96456,6.33219,,,,,,
5.74166,6.50062,6.0994,6.19394,5.96967,6.32732,,,,,,
5.74722,6.5006,6.10524,6.18231,5.97478,6.32291,,,,,,
5.75279,6.49981,6.111,6.17052,5.97988,6.31799,,,,,,
5.7583,6.49887,6.11677,6.15867,5.98491,6.31323,,,,,,
5.76379,6.49856,6.12303,6.14577,5.98995,6.30825,,,,,,
5.76928,6.49847,6.12918,6.13293,5.99597,6.30261,,,,,,
5.77477,6.49783,6.13579,6.11928,6.00166,6.29808,,,,,,
5.78026,6.49678,6.1428,6.10495,6.00636,6.29382,,,,,,
5.7857,6.49667,6.14971,6.09058,6.01136,6.28908,,,,,,
5.79113,6.49511,6.15663,6.07596,6.01636,6.28441,,,,,,
5.79656,6.49189,6.16371,6.06096,6.02136,6.27975,,,,,,
5.80194,6.48814,6.17079,6.0461,6.02636,6.27511,,,,,,
5.80729,6.48453,6.17769,6.03037,6.03136,6.27046,,,,,,
5.81263,6.4805,6.18443,6.01432,6.03636,6.26581,,,,,,
5.81787,6.47687,6.19101,5.99942,6.04195,6.2608,,,,,,
5.82309,6.47207,6.19701,5.98456,6.04749,6.25578,,,,,,
5.82823,6.4681,6.20297,5.96954,6.05293,6.2508,,,,,,
5.83335,6.46427,6.20793,5.95679,6.05469,6.2481,,,,,,
5.83847,6.46008,6.21293,5.9443,6.05969,6.24356,,,,,,
5.84273,6.45625,6.21793,5.9317,6.06567,6.23549,,,,,,
5.84772,6.45202,6.22293,5.91852,6.07138,6.22564,,,,,,
5.85273,6.44754,6.22793,5.90575,6.07759,6.21479,,,,,,
5.8587,6.44247,6.23293,5.89328,6.08316,6.20437,,,,,,
5.86453,6.43828,6.23793,5.88084,6.08581,6.19791,,,,,,
5.87028,6.43324,6.24293,5.86852,6.08665,6.19424,,,,,,
5.876,6.42806,6.24793,5.85605,6.09081,6.1862,,,,,,
5.88165,6.42305,6.2521,5.84452,6.09498,6.17785,,,,,,
5.88725,6.41821,6.2571,5.83112,6.09998,6.1681,,,,,,
5.89309,6.41291,6.2631,5.81088,6.10331,6.16059,,,,,,
5.8986,6.40781,6.26901,5.79654,6.10831,6.15085,,,,,,
5.90403,6.40292,6.27439,5.77764,6.11331,6.14081,,,,,,
5.90944,6.39729,6.27974,5.75742,6.11831,6.13055,,,,,,
5.91481,6.39226,6.28504,5.73675,6.12391,6.11941,,,,,,
5.92013,6.38763,6.2902,5.71651,6.12932,6.10796,,,,,,
5.92543,6.38264,6.29443,5.69883,6.13458,6.09692,,,,,,
5.9306,6.3779,6.29943,5.67962,6.13802,6.08842,,,,,,
5.93576,6.37315,6.30443,5.65884,6.14302,6.07781,,,,,,
5.94088,6.36817,6.30943,5.63876,6.14802,6.06677,,,,,,
5.94598,6.3633,6.31359,5.62185,6.15219,6.0573,,,,,,
5.95109,6.35838,6.31859,5.60214,6.15719,6.04681,,,,,,
5.95618,6.3534,6.32359,5.58055,6.16136,6.03691,,,,,,
5.96127,6.34845,6.32859,5.56071,6.16636,6.02592,,,,,,
5.96694,6.34316,6.33359,5.54198,6.17136,6.0149,,,,,,
5.97256,6.33798,6.33859,5.52195,6.17636,6.00334,,,,,,
5.9779,6.33315,6.34359,5.50013,6.18136,5.99823,,,,,,
5.98321,6.32824,6.34859,5.47992,6.18636,5.98638,,,,,,
5.98836,6.32369,6.35276,5.46229,6.19136,5.97351,,,,,,
5.9935,6.31854,6.35776,5.44143,6.19636,5.96095,,,,,,
5.99865,6.31301,6.36276,5.4181,6.20136,5.94814,,,,,,
6.00292,6.3088,6.36776,5.39771,6.20636,5.93576,,,,,,
6.00793,6.30422,6.37276,5.3776,6.21136,5.9236,,,,,,
6.01393,6.29899,6.37803,5.35525,6.21552,5.91294,,,,,,
6.02072,6.29319,6.38328,5.33214,6.22052,5.90128,,,,,,
6.02737,6.2874,6.38852,5.31086,6.22552,5.88794,,,,,,
6.03467,6.28114,6.39403,5.28844,6.23052,5.87571,,,,,,
6.04251,6.27445,6.39949,5.26565,6.23552,5.86397,,,,,,
6.05078,6.26738,6.40495,5.24283,6.24052,5.85173,,,,,,
6.05939,6.26,6.41037,5.21956,6.24552,5.83989,,,,,,
6.06679,6.24956,6.41575,5.19594,6.25052,5.82799,,,,,,
6.07341,6.23777,6.41918,5.17757,6.25579,5.81536,,,,,,
6.07989,6.22583,6.42418,5.15524,6.26009,5.79972,,,,,,
6.08706,6.21263,6.42918,5.13209,6.26425,5.78446,,,,,,
6.09438,6.19892,6.43418,5.10944,6.26925,5.76672,,,,,,
6.10185,6.18472,6.43918,5.08658,6.27425,5.74867,,,,,,
6.10931,6.17023,6.44418,5.06361,6.27925,5.73055,,,,,,
6.11708,6.15498,6.44883,5.04117,6.28425,5.71195,,,,,,
6.12511,6.13909,6.453,5.02062,6.28758,5.69747,,,,,,
6.13028,6.12682,6.458,4.99854,6.29258,5.67948,,,,,,
6.13572,6.11453,6.463,4.97427,6.29759,5.6601,,,,,,
6.1417,6.10149,6.468,4.95234,6.30259,5.64127,,,,,,
6.14789,6.08792,6.473,4.93143,6.30758,5.62299,,,,,,
6.15429,6.07433,6.478,4.90904,6.31175,5.60554,,,,,,
6.16088,6.06011,6.483,4.88877,6.31702,5.58573,,,,,,
6.16766,6.04563,6.48717,4.87124,6.32322,5.56358,,,,,,
6.17444,6.03072,6.49217,4.85031,6.32931,5.53928,,,,,,
6.1814,6.01426,6.49717,4.83109,6.33317,5.52181,,,,,,
6.18871,5.99827,6.50217,4.81212,6.33733,5.53011,,,,,,
6.19538,5.98287,6.50717,4.79205,6.34233,5.50889,,,,,,
6.20192,5.96661,6.51217,4.77342,6.34733,5.48527,,,,,,
6.20813,5.95149,6.51633,4.75702,6.35233,5.46339,,,,,,
6.21364,5.93821,6.52133,4.73728,6.35733,5.44255,,,,,,
6.21903,5.9243,6.52633,4.71919,6.36233,5.4207,,,,,,
6.22434,5.91125,6.53133,4.70104,6.36733,5.39857,,,,,,
6.22964,5.89762,6.53633,4.68279,6.3726,5.37679,,,,,,
6.23492,5.88403,6.54133,4.66359,6.37785,5.35419,,,,,,
6.23929,5.87248,6.5466,4.64324,6.38308,5.33108,,,,,,
6.24429,5.85998,6.55185,4.62323,6.38828,5.30855,,,,,,
6.24929,5.84765,6.55708,4.60639,6.39348,5.28592,,,,,,
6.25346,5.83645,6.56229,4.58946,6.39864,5.26333,,,,,,
6.25762,5.82373,6.5675,4.57396,6.40378,5.24116,,,,,,
6.26262,5.80541,6.57268,4.56179,6.40892,5.21822,,,,,,
6.26762,5.78707,6.57787,4.55144,6.41403,5.19371,,,,,,
6.27262,5.76971,6.58306,4.54355,6.41913,5.17175,,,,,,
6.27762,5.75129,6.58824,4.54052,6.42423,5.1483,,,,,,
6.28262,5.73245,6.5934,4.53898,6.42927,5.12365,,,,,,
6.28679,5.71573,6.59855,4.53595,6.43431,5.10167,,,,,,
6.29179,5.69729,6.60368,4.53486,6.43934,5.07779,,,,,,
6.29679,5.67718,6.60881,4.52811,6.44436,5.05384,,,,,,
6.30179,5.65884,6.61419,4.51264,6.44937,5.0311,,,,,,
6.30738,5.63855,6.61958,4.50123,6.45438,5.00764,,,,,,
6.31285,5.6164,6.62495,4.48652,6.45855,4.98621,,,,,,
6.31827,5.5958,6.63029,4.46504,6.46355,4.96385,,,,,,
6.32366,5.57606,6.63561,4.44847,6.46855,4.94117,,,,,,
6.32905,5.55383,6.64093,4.42905,6.47355,4.91888,,,,,,
6.33439,5.53281,6.64625,4.40342,6.47772,4.90059,,,,,,
6.3397,5.51252,6.65156,4.38245,6.48272,4.88022,,,,,,
6.34413,5.49345,6.65685,4.35635,6.48772,4.85819,,,,,,
6.34913,5.47323,6.66213,4.32719,6.49272,4.83922,,,,,,
6.35413,5.45318,6.66741,4.29943,6.49772,4.82004,,,,,,
6.35913,5.43134,6.67269,4.26871,6.50272,4.79823,,,,,,
6.36413,5.41011,6.67797,4.23947,6.50772,4.78048,,,,,,
6.36913,5.38916,6.68325,4.2075,6.51272,4.76159,,,,,,
6.37413,5.36784,6.68853,4.1772,6.51772,4.74025,,,,,,
6.37913,5.3456,6.69381,4.1443,6.52272,4.72328,,,,,,
6.38513,5.32214,6.69908,4.11298,6.52772,4.70498,,,,,,
6.39006,5.30078,6.70462,4.07832,6.53272,4.68473,,,,,,
6.39506,5.27895,6.71039,4.04412,6.53772,4.66807,,,,,,
6.39922,5.25995,6.71617,4.00773,6.54272,4.64844,,,,,,
6.40522,5.23623,6.72195,3.97278,6.54872,4.62365,,,,,,
6.41107,5.21072,6.72795,3.93471,6.55439,4.60452,,,,,,
6.41664,5.18687,6.73395,3.8981,6.56001,4.58595,,,,,,
6.42191,5.16396,6.73987,3.85929,6.56557,4.56728,,,,,,
6.42706,5.13804,6.74579,3.82298,6.57108,4.55425,,,,,,
6.43221,5.11643,6.75166,3.78546,6.5766,4.54154,,,,,,
6.43648,5.09583,6.75746,3.75028,6.58211,4.53104,,,,,,
6.44148,5.07072,6.76322,3.71314,6.58758,4.52744,,,,,,
6.44565,5.05084,6.76868,3.67918,6.59301,4.52459,,,,,,
6.45092,5.02836,6.77394,3.64407,6.59843,4.52529,,,,,,
6.45604,5.00185,6.77946,3.60998,6.60382,4.52277,,,,,,
6.46115,4.98054,6.78522,3.57312,6.6092,4.51064,,,,,,
6.46624,4.9577,6.7912,3.53689,6.61454,4.50047,,,,,,
6.4713,4.93294,6.79719,3.49886,6.62013,4.48667,,,,,,
6.47634,4.91315,6.80286,3.46369,6.62569,4.46646,,,,,,
6.48137,4.89277,6.80846,3.42702,6.63123,4.45022,,,,,,
6.48638,4.86946,6.81431,3.3912,6.63668,4.43069,,,,,,
6.49056,4.85315,6.82038,3.35286,6.6421,4.40776,,,,,,
6.49556,4.83414,6.82666,3.31497,6.64751,4.38614,,,,,,
6.50056,4.81172,6.83315,3.27466,6.65289,4.36143,,,,,,
6.50556,4.79419,6.83982,3.23484,6.65827,4.33397,,,,,,
6.51056,4.77507,6.84667,3.19215,6.6639,4.30454,,,,,,
6.51556,4.75381,6.8537,3.14914,6.66977,4.27306,,,,,,
6.52056,4.73603,6.86088,3.10385,6.67585,4.23986,,,,,,
6.52556,4.71761,6.86822,3.05872,6.68216,4.20476,,,,,,
6.53056,4.69778,6.8757,3.01122,6.68846,4.16894,,,,,,
6.53556,4.6815,6.88332,2.9639,6.69496,4.13137,,,,,,
6.54056,4.66198,6.89106,2.91432,6.70165,4.09247,,,,,,
6.54556,4.64104,6.89893,2.86474,6.70851,4.05201,,,,,,
6.55056,4.62364,6.90692,2.81298,6.71555,4.01036,,,,,,
6.55583,4.60543,6.91501,2.7612,6.72294,3.96602,,,,,,
6.56106,4.5872,6.9232,2.70695,6.73064,3.91968,,,,,,
6.56627,4.57331,6.9315,2.6526,6.73833,3.87275,,,,,,
6.57148,4.55934,6.93988,2.5958,6.74603,3.826,,,,,,
6.57695,4.54818,6.94836,2.53269,6.75373,3.77939,,,,,,
6.58242,4.5395,6.95691,2.45663,6.76119,3.73406,,,,,,
6.58788,4.53398,6.96555,2.37812,6.76853,3.68877,,,,,,
6.59335,4.53265,6.97425,2.29584,6.77559,3.64441,,,,,,
6.5988,4.53374,6.98303,2.21151,6.78161,3.60437,,,,,,
6.60422,4.53091,6.99195,2.12354,6.78753,3.56503,,,,,,
6.60963,4.5196,7,2.03799,6.79394,3.52395,,,,,,
6.615,4.50878,,,6.80054,3.48204,,,,,,
6.62037,4.49283,,,6.80733,3.43944,,,,,,
6.62572,4.47784,,,6.81429,3.3962,,,,,,
6.63104,4.45996,,,6.82141,3.35163,,,,,,
6.63632,4.44077,,,6.82887,3.30617,,,,,,
6.64156,4.42024,,,6.83647,3.2595,,,,,,
6.64679,4.39864,,,6.84436,3.2117,,,,,,
6.652,4.37526,,,6.85235,3.16151,,,,,,
6.6572,4.34912,,,6.86046,3.11117,,,,,,
6.66265,4.32075,,,6.86867,3.05911,,,,,,
6.66811,4.29135,,,6.87697,3.00688,,,,,,
6.67357,4.26139,,,6.88537,2.95304,,,,,,
6.67902,4.23047,,,6.89386,2.89783,,,,,,
6.68448,4.19895,,,6.90242,2.84229,,,,,,
6.68994,4.16673,,,6.91107,2.78487,,,,,,
6.6954,4.13423,,,6.91971,2.72786,,,,,,
6.70085,4.1011,,,6.92843,2.66858,,,,,,
6.70656,4.06671,,,6.93721,2.6094,,,,,,
6.7122,4.03191,,,6.94606,2.54651,,,,,,
6.71808,3.99633,,,6.95492,2.46829,,,,,,
6.72388,3.95951,,,6.96383,2.38613,,,,,,
6.72968,3.92327,,,6.97274,2.30206,,,,,,
6.73597,3.8845,,,6.98166,2.21508,,,,,,
6.74271,3.8437,,,6.9888,2.1361,,,,,,
6.74983,3.80025,,,6.99536,2.0584,,,,,,
6.75676,3.75954,,,7,1.99043,,,,,,
6.76406,3.71476,,,,,,,,,,
6.77087,3.67402,,,,,,,,,,
6.77642,3.6361,,,,,,,,,,
6.78179,3.60113,,,,,,,,,,
6.78771,3.56292,,,,,,,,,,
6.79411,3.5241,,,,,,,,,,
6.80093,3.48124,,,,,,,,,,
6.80792,3.43978,,,,,,,,,,
6.81508,3.39518,,,,,,,,,,
6.82239,3.35195,,,,,,,,,,
6.82985,3.30568,,,,,,,,,,
6.83744,3.2607,,,,,,,,,,
6.84517,3.21277,,,,,,,,,,
6.85277,3.16589,,,,,,,,,,
6.86049,3.11623,,,,,,,,,,
6.86834,3.06768,,,,,,,,,,
6.87645,3.01566,,,,,,,,,,
6.88455,2.96502,,,,,,,,,,
6.89276,2.91171,,,,,,,,,,
6.90118,2.85839,,,,,,,,,,
6.90978,2.80235,,,,,,,,,,
6.91846,2.74663,,,,,,,,,,
6.9273,2.68822,,,,,,,,,,
6.9362,2.6296,,,,,,,,,,
6.94523,2.56859,,,,,,,,,,
6.95437,2.48923,,,,,,,,,,
6.96356,2.40644,,,,,,,,,,
6.97285,2.31972,,,,,,,,,,
6.98217,2.23092,,,,,,,,,,
6.9915,2.13888,,,,,,,,,,
7,2.04917,,,,,,,,,,
