x,N2571,x,N2571,x,N2571,x,N2643,x,N2643,x,N2643
0,0,0,0,0,0,0,0,0,0,0,0
0.01,0.0155298,0.01,0.0155866,0.01,0.0154129,0.01,0.154701,0.01,0.156623,0.01,0.150542
0.0193853,0.0316271,0.0193853,0.0317173,0.0193853,0.0314398,0.0197673,0.285651,0.0197673,0.288504,0.0197673,0.279565
0.0282314,0.0477373,0.0282314,0.0478596,0.0282314,0.0474817,0.0295621,0.417626,0.0295621,0.421148,0.0295472,0.410002
0.0366047,0.0634562,0.0366047,0.0636065,0.0366047,0.0631419,0.0393569,0.548824,0.0393569,0.552815,0.0393271,0.540088
0.0445633,0.0786342,0.0445633,0.078808,0.0445633,0.0782708,0.0491627,0.679052,0.0491627,0.683371,0.0491189,0.669516
0.0521582,0.0932247,0.0521582,0.0934179,0.0521582,0.0928213,0.0589686,0.80819,0.0589686,0.812728,0.0589107,0.79808
0.059434,0.107237,0.059434,0.107446,0.059434,0.106801,0.0683558,0.931693,0.0683558,0.936379,0.068285,0.92117
0.0663574,0.117641,0.0663574,0.117816,0.0663574,0.117282,0.0777761,1.05411,0.0777761,1.05887,0.0776932,1.04335
0.073644,0.129584,0.073644,0.129752,0.073644,0.129241,0.0872277,1.17578,0.0872277,1.18056,0.0871333,1.16489
0.0812508,0.142473,0.0812508,0.14264,0.0812508,0.142132,0.0958625,1.25898,0.0958625,1.26348,0.0957587,1.24884
0.0891402,0.156125,0.0891402,0.156296,0.0891402,0.155777,0.104764,1.33738,0.104764,1.34165,0.104652,1.32781
0.0972786,0.170416,0.0972786,0.170592,0.0972786,0.170056,0.113885,1.409,0.113885,1.41298,0.113767,1.40012
0.105518,0.185108,0.105518,0.185291,0.105518,0.184732,0.123182,1.47501,0.123182,1.47877,0.123059,1.46657
0.113852,0.20012,0.113852,0.20031,0.113852,0.199728,0.132616,1.53533,0.132619,1.53893,0.13249,1.52732
0.122277,0.215405,0.122277,0.215603,0.122277,0.214996,0.14208,1.59036,0.142166,1.59398,0.141951,1.58273
0.130786,0.230926,0.130786,0.231131,0.130786,0.2305,0.151574,1.64054,0.151738,1.64437,0.151412,1.63318
0.139377,0.246651,0.139377,0.246867,0.139377,0.246207,0.161095,1.68662,0.161333,1.69047,0.160936,1.67938
0.148043,0.262565,0.148043,0.262784,0.148043,0.262101,0.170642,1.72889,0.170976,1.73298,0.170487,1.72188
0.15671,0.278548,0.156782,0.278868,0.15671,0.278071,0.180243,1.76803,0.180688,1.77242,0.180061,1.76115
0.165449,0.294676,0.165589,0.295097,0.165449,0.294171,0.189843,1.8043,0.190435,1.80908,0.189686,1.79761
0.174256,0.310928,0.17446,0.311463,0.174256,0.310406,0.199491,1.83827,0.200195,1.84334,0.199332,1.83163
0.183127,0.327298,0.183393,0.327948,0.183127,0.326759,0.209138,1.87003,0.209968,1.87545,0.208977,1.86339
0.191998,0.34371,0.192383,0.344545,0.192059,0.343228,0.218786,1.89985,0.219741,1.90566,0.218622,1.89322
0.200931,0.360223,0.201373,0.361176,0.20105,0.359792,0.228453,1.92812,0.229292,1.93335,0.228051,1.92049
0.209863,0.376754,0.210418,0.377899,0.210095,0.376466,0.238137,1.95506,0.238631,1.95876,0.237274,1.9455
0.218854,0.393371,0.219515,0.394699,0.219191,0.393221,0.247604,1.97989,0.248006,1.98315,0.246588,1.96966
0.227658,0.409777,0.228611,0.411528,0.228337,0.410046,0.257134,2.0039,0.257178,2.0057,0.255702,1.992
0.235995,0.425572,0.237708,0.428359,0.237482,0.426902,0.266452,2.02618,0.265836,2.0253,0.263768,2.00914
0.243633,0.440423,0.246804,0.445197,0.246434,0.443498,0.275852,2.04807,0.274176,2.04294,0.270993,2.02221
0.251041,0.454728,0.255901,0.462016,0.255387,0.460084,0.285283,2.06946,0.282605,2.06055,0.277752,2.03306
0.257888,0.468181,0.264998,0.478818,0.263995,0.476199,0.29417,2.08804,0.29112,2.07813,0.284686,2.0446
0.264449,0.480981,0.274094,0.495619,0.272045,0.491534,0.302579,2.10425,0.299634,2.09545,0.292218,2.05865
0.270768,0.493278,0.283191,0.512416,0.279534,0.506006,0.310691,2.11904,0.307843,2.11124,0.300232,2.07465
0.276926,0.505146,0.292336,0.529245,0.286807,0.519958,0.318421,2.13211,0.316051,2.12693,0.308644,2.09213
0.282788,0.516495,0.301481,0.546066,0.293663,0.533222,0.325912,2.1442,0.324471,2.14343,0.317365,2.1107
0.288369,0.527314,0.310627,0.56289,0.300291,0.545963,0.333288,2.15588,0.332593,2.15851,0.326238,2.12961
0.293844,0.537773,0.319411,0.579272,0.306504,0.558018,0.341176,2.16994,0.340442,2.17241,0.335171,2.1485
0.299208,0.547938,0.327609,0.594871,0.312384,0.569421,0.348929,2.18344,0.347942,2.18484,0.344162,2.16743
0.304506,0.557871,0.335414,0.609778,0.317991,0.580259,0.356805,2.1976,0.355224,2.19652,0.352806,2.18471
0.309741,0.567618,0.342632,0.623818,0.323457,0.590678,0.364546,2.21123,0.362225,2.20717,0.361609,2.20252
0.314926,0.577205,0.349656,0.637271,0.328771,0.600737,0.372287,2.22499,0.36958,2.21963,0.370236,2.21947
0.320083,0.586664,0.355845,0.649628,0.334005,0.610525,0.380151,2.23943,0.377078,2.23288,0.378693,2.23565
0.325227,0.596052,0.36152,0.660999,0.339185,0.620102,0.387571,2.25201,0.384712,2.24683,0.387235,2.25216
0.330348,0.605353,0.367072,0.671798,0.344349,0.629558,0.394693,2.2635,0.392116,2.25987,0.395467,2.26733
0.335444,0.614581,0.372461,0.682162,0.349487,0.6389,0.401631,2.27444,0.39952,2.27308,0.403795,2.28296
0.340519,0.62374,0.37777,0.692187,0.354591,0.648137,0.408478,2.28525,0.406812,2.28594,0.411834,2.2974
0.345576,0.632842,0.383006,0.701959,0.359659,0.657268,0.41524,2.29594,0.413904,2.29808,0.419607,2.31097
0.350621,0.641901,0.388199,0.711536,0.364712,0.666331,0.421848,2.30624,0.420815,2.30963,0.427381,2.32425
0.355656,0.650918,0.393368,0.720959,0.369755,0.675337,0.428316,2.31621,0.427636,2.32101,0.434813,2.33663
0.360685,0.659907,0.398485,0.730279,0.374784,0.684297,0.434975,2.32734,0.434298,2.33193,0.442034,2.34828
0.365708,0.668868,0.403562,0.739441,0.379811,0.693218,0.441634,2.33867,0.440816,2.34244,0.449061,2.35934
0.370728,0.677804,0.40863,0.748519,0.384835,0.702113,0.448293,2.35022,0.447334,2.35323,0.455912,2.36992
0.375745,0.686737,0.413691,0.757553,0.389855,0.710986,0.454807,2.36133,0.453852,2.36426,0.462676,2.38045
0.38076,0.695646,0.418743,0.76653,0.394873,0.719841,0.46119,2.37208,0.460237,2.37491,0.469287,2.3906
0.385769,0.704543,0.423789,0.775469,0.399888,0.728679,0.467452,2.38252,0.466502,2.38527,0.475897,2.40109
0.390776,0.713424,0.428825,0.78437,0.404901,0.737504,0.473714,2.39321,0.472656,2.39538,0.482368,2.41125
0.395781,0.722298,0.433854,0.793244,0.409911,0.746317,0.479866,2.40361,0.47871,2.4053,0.488838,2.42172
0.400786,0.73116,0.438877,0.802085,0.41492,0.755122,0.485917,2.4138,0.484672,2.41507,0.49518,2.43189
0.405789,0.740016,0.443894,0.810911,0.419927,0.763919,0.491877,2.4238,0.49059,2.42488,0.501405,2.44185
0.410791,0.748868,0.448909,0.819719,0.424932,0.772707,0.497793,2.43384,0.496465,2.43475,0.507524,2.45163
0.415793,0.757711,0.453921,0.828512,0.429936,0.781489,0.503628,2.44374,0.502562,2.44584,0.513545,2.46128
0.420794,0.766555,0.45893,0.837299,0.434939,0.79027,0.509391,2.45353,0.508565,2.45664,0.519477,2.47081
0.425795,0.775392,0.463937,0.846072,0.439941,0.799046,0.515087,2.46324,0.514443,2.46705,0.525889,2.48273
0.430796,0.784229,0.468944,0.854837,0.444942,0.807827,0.520723,2.47289,0.520246,2.47731,0.532178,2.49422
0.435796,0.793057,0.473949,0.863598,0.449943,0.816601,0.526303,2.48249,0.525978,2.48744,0.538355,2.50538
0.440797,0.801892,0.478953,0.872353,0.454943,0.825369,0.531857,2.49218,0.531647,2.49746,0.54443,2.51629
0.445797,0.810718,0.483956,0.88111,0.459943,0.834139,0.537362,2.50183,0.537257,2.50739,0.55041,2.52696
0.450797,0.819543,0.488958,0.889844,0.464943,0.842903,0.542823,2.51147,0.542815,2.51727,0.556306,2.53744
0.455797,0.828373,0.493959,0.898588,0.469944,0.851676,0.548244,2.52111,0.548323,2.52709,0.562123,2.54777
0.460797,0.837198,0.49896,0.907335,0.474944,0.860441,0.553628,2.53074,0.553788,2.53688,0.567869,2.55796
0.465797,0.846024,0.50396,0.916078,0.479944,0.869224,0.558979,2.54039,0.559211,2.54665,0.57355,2.56806
0.470797,0.854848,0.508961,0.92482,0.484944,0.877999,0.564299,2.55006,0.564598,2.5564,0.579147,2.57796
0.475797,0.863678,0.513961,0.933559,0.489944,0.886777,0.569591,2.55975,0.569967,2.56622,0.584693,2.58783
0.480797,0.872499,0.518961,0.942297,0.494944,0.895567,0.574858,2.56946,0.575304,2.57603,0.59019,2.59766
0.485797,0.881329,0.523961,0.951034,0.499944,0.904345,0.580092,2.57914,0.580589,2.58574,0.595627,2.6074
0.490797,0.890157,0.528962,0.959785,0.504944,0.913136,0.585306,2.58887,0.585838,2.59543,0.601025,2.61714
0.495797,0.898984,0.533962,0.968537,0.509944,0.92192,0.590501,2.59863,0.591066,2.60515,0.606375,2.62684
0.500797,0.907808,0.538962,0.977271,0.514944,0.930713,0.595679,2.60842,0.596274,2.6149,0.61167,2.63645
0.505797,0.916637,0.543962,0.986034,0.519944,0.939508,0.600841,2.61825,0.60145,2.62462,0.61693,2.64607
0.510797,0.925462,0.548962,0.994783,0.524944,0.948314,0.605989,2.62812,0.606604,2.63437,0.622166,2.65574
0.515797,0.934295,0.553962,1.00355,0.529944,0.957119,0.611125,2.63803,0.611745,2.64415,0.627382,2.66547
0.520797,0.943129,0.558962,1.01231,0.534944,0.965926,0.616249,2.64797,0.616874,2.65399,0.632571,2.67522
0.525797,0.951962,0.563962,1.02107,0.539944,0.974748,0.621361,2.65795,0.621991,2.66386,0.637726,2.68494
0.530797,0.960797,0.568962,1.02984,0.544944,0.98356,0.626464,2.66797,0.627098,2.67378,0.642867,2.69473
0.535797,0.969639,0.573962,1.03861,0.549944,0.99237,0.631558,2.67802,0.632196,2.68374,0.647996,2.70459
0.540797,0.97848,0.578962,1.04738,0.554944,1.00119,0.636644,2.6881,0.637285,2.69374,0.653114,2.7145
0.545797,0.987321,0.583962,1.05615,0.559944,1.01002,0.641723,2.69821,0.642367,2.70378,0.658221,2.72448
0.550797,0.996164,0.588962,1.06494,0.564944,1.01883,0.646794,2.70836,0.647438,2.71384,0.663319,2.73451
0.555797,1.00501,0.593962,1.07372,0.569944,1.02768,0.65186,2.71854,0.652503,2.72394,0.668408,2.74459
0.560797,1.01386,0.598962,1.08251,0.574944,1.03663,0.656919,2.72874,0.657563,2.73407,0.673484,2.7547
0.565797,1.02271,0.603962,1.0913,0.579944,1.04547,0.661971,2.73896,0.662617,2.74424,0.678553,2.76486
0.570797,1.03157,0.608962,1.10009,0.584944,1.05433,0.667009,2.74918,0.667661,2.75441,0.683609,2.77505
0.575797,1.04043,0.613962,1.10889,0.589944,1.06316,0.672043,2.75941,0.672702,2.76462,0.688654,2.78525
0.580797,1.04928,0.618962,1.11769,0.594944,1.07204,0.677073,2.76969,0.677738,2.77485,0.693678,2.79543
0.585797,1.05814,0.623962,1.12649,0.599944,1.08092,0.682101,2.77999,0.68277,2.78511,0.698699,2.80567
0.590797,1.06701,0.628962,1.1353,0.604944,1.0898,0.687125,2.79032,0.687798,2.7954,0.703717,2.81596
0.595797,1.07588,0.633962,1.14411,0.609944,1.09868,0.692147,2.80068,0.692824,2.80572,0.708734,2.8263
0.600797,1.08475,0.638962,1.15292,0.614944,1.10756,0.697168,2.81106,0.697848,2.81606,0.713749,2.83669
0.605797,1.09362,0.643962,1.16174,0.619944,1.11644,0.702186,2.82147,0.702869,2.82643,0.718762,2.84713
0.610797,1.10251,0.648962,1.17057,0.624944,1.12535,0.707202,2.83191,0.707888,2.83682,0.723774,2.85761
0.615797,1.11139,0.653962,1.17939,0.629944,1.13433,0.712217,2.84237,0.712905,2.84724,0.728785,2.86812
0.620797,1.12027,0.658962,1.18821,0.634944,1.14325,0.717231,2.85286,0.717921,2.85768,0.733793,2.87868
0.625797,1.12915,0.663962,1.19704,0.639944,1.15217,0.722243,2.86337,0.722935,2.86814,0.738801,2.88928
0.630797,1.13805,0.668962,1.20587,0.644944,1.16107,0.727254,2.8739,0.727948,2.87863,0.743808,2.89991
0.635797,1.14692,0.673962,1.2147,0.649944,1.16999,0.732263,2.88445,0.732959,2.88913,0.748814,2.91057
0.640797,1.15582,0.678962,1.22354,0.654944,1.17891,0.737272,2.89502,0.737969,2.89966,0.75382,2.92126
0.645797,1.16471,0.683962,1.23237,0.659944,1.18783,0.742279,2.90562,0.742979,2.9102,0.758825,2.93199
0.650797,1.17361,0.688962,1.24123,0.664944,1.19675,0.747285,2.91623,0.747987,2.92077,0.763829,2.94275
0.655797,1.18251,0.693962,1.25007,0.669944,1.20568,0.752291,2.92687,0.752994,2.93135,0.768832,2.95353
0.660797,1.19141,0.698962,1.25893,0.674944,1.21462,0.757296,2.93752,0.758001,2.94196,0.773835,2.96435
0.665797,1.2003,0.703962,1.26779,0.679944,1.22355,0.762301,2.9482,0.763006,2.95258,0.778838,2.97519
0.670797,1.20921,0.708962,1.27665,0.684944,1.23249,0.767305,2.9589,0.768011,2.96322,0.783841,2.98606
0.675797,1.21812,0.713128,1.28469,0.689944,1.24144,0.772308,2.96961,0.773016,2.97388,0.788843,2.99696
0.680797,1.22703,0.718128,1.29324,0.694944,1.25039,0.777312,2.98035,0.77802,2.98455,0.793845,3.00788
0.685797,1.23594,0.723128,1.30202,0.699944,1.25935,0.782315,2.99109,0.783023,2.99525,0.798846,3.01883
0.690797,1.24486,0.728128,1.31082,0.704944,1.26831,0.787317,3.00187,0.788026,3.00596,0.803848,3.02981
0.695797,1.25379,0.733128,1.31967,0.709944,1.27728,0.79232,3.01267,0.793029,3.01669,0.808849,3.04081
0.700797,1.26271,0.738128,1.32853,0.714944,1.28622,0.797322,3.02348,0.798032,3.02743,0.81385,3.05183
0.705797,1.27167,0.743128,1.33739,0.719944,1.29524,0.802324,3.03431,0.803034,3.0382,0.818851,3.06288
0.710797,1.28061,0.748128,1.34627,0.72411,1.30339,0.807325,3.04515,0.808036,3.04898,0.823852,3.07395
0.715797,1.28968,0.753128,1.35517,0.72911,1.31204,0.812327,3.05602,0.813038,3.05978,0.828853,3.08505
0.71663,1.29588,0.758128,1.36407,0.73411,1.32095,0.817328,3.0669,0.81804,3.0706,0.833853,3.09617
0.72163,1.3018,0.763128,1.37297,0.73911,1.32988,0.822329,3.07781,0.823041,3.08143,0.838854,3.10732
0.72663,1.31009,0.768128,1.3819,0.74411,1.33885,0.82733,3.08873,0.828042,3.09228,0.843855,3.11848
0.73163,1.31863,0.773128,1.39083,0.74911,1.34782,0.832331,3.09967,0.833043,3.10315,0.848855,3.12968
0.73663,1.32726,0.778128,1.39977,0.75411,1.3568,0.837332,3.11063,0.838044,3.11403,0.853856,3.14089
0.74163,1.33605,0.783128,1.40872,0.75911,1.36595,0.842333,3.12161,0.843045,3.12493,0.858856,3.15213
0.74663,1.34488,0.788128,1.41767,0.76411,1.37495,0.847333,3.1326,0.848046,3.13585,0.863856,3.16339
0.75163,1.35375,0.793128,1.42664,0.76911,1.38396,0.852334,3.14362,0.853046,3.14678,0.868857,3.17468
0.75663,1.36265,0.798128,1.4356,0.77411,1.39298,0.857334,3.15465,0.858047,3.15773,0.873857,3.18598
0.76163,1.37157,0.803128,1.44457,0.77911,1.402,0.862335,3.1657,0.863047,3.1687,0.878857,3.19732
0.76663,1.38051,0.808128,1.45354,0.78411,1.41103,0.867335,3.17677,0.868047,3.17969,0.883857,3.20867
0.77163,1.38947,0.813128,1.46252,0.78911,1.42006,0.872336,3.18786,0.873048,3.19069,0.888857,3.22005
0.77663,1.39845,0.818128,1.47149,0.79411,1.42912,0.877336,3.19896,0.878048,3.2017,0.893857,3.23145
0.78163,1.40742,0.823128,1.48049,0.79911,1.43819,0.882336,3.21009,0.883048,3.21274,0.898858,3.24288
0.78663,1.4164,0.828128,1.48948,0.80411,1.44724,0.887336,3.22123,0.888048,3.2238,0.903858,3.25433
0.79163,1.4254,0.833128,1.49848,0.80911,1.4563,0.892337,3.2324,0.893049,3.23487,0.908858,3.2658
0.79663,1.43441,0.838128,1.50749,0.81411,1.46535,0.897337,3.24357,0.898049,3.24596,0.913858,3.27729
0.80163,1.44342,0.843128,1.51649,0.81911,1.47442,0.902337,3.25477,0.903049,3.25706,0.918858,3.28881
0.80663,1.45246,0.848128,1.52551,0.82411,1.48349,0.907337,3.26599,0.908049,3.26818,0.923858,3.30036
0.81163,1.46149,0.853128,1.53452,0.82911,1.49256,0.912337,3.27723,0.913049,3.27932,0.928858,3.31192
0.81663,1.47054,0.858128,1.54355,0.83411,1.50164,0.917337,3.28849,0.918049,3.29048,0.933858,3.32351
0.82163,1.47958,0.863128,1.55258,0.83911,1.51072,0.922337,3.29976,0.923049,3.30166,0.938858,3.33512
0.82663,1.48861,0.868128,1.5616,0.84411,1.5198,0.927338,3.31106,0.928049,3.31285,0.943858,3.34676
0.83163,1.49765,0.873128,1.57065,0.84911,1.52889,0.932338,3.32237,0.933049,3.32405,0.948858,3.35842
0.83663,1.50668,0.878128,1.57969,0.85411,1.53797,0.937338,3.3337,0.938049,3.33528,0.953858,3.3701
0.84163,1.51572,0.883128,1.58874,0.85911,1.54705,0.942338,3.34505,0.943049,3.34653,0.958858,3.38181
0.84663,1.52477,0.888128,1.59779,0.86411,1.55615,0.947338,3.35642,0.948049,3.35779,0.963858,3.39354
0.85163,1.53381,0.893128,1.60685,0.86911,1.56523,0.952338,3.36781,0.953049,3.36907,0.968858,3.4053
0.85663,1.54286,0.898128,1.6159,0.87411,1.57432,0.957338,3.37922,0.958049,3.38037,0.973858,3.41708
0.86163,1.55192,0.903128,1.62494,0.87911,1.58341,0.962338,3.39065,0.963049,3.39168,0.978858,3.42888
0.86663,1.56097,0.908128,1.63401,0.88411,1.5925,0.967338,3.4021,0.968049,3.40302,0.983858,3.44071
0.87163,1.57002,0.913128,1.64307,0.88911,1.60159,0.972338,3.41356,0.973049,3.41437,0.988858,3.45257
0.87663,1.57908,0.913962,1.64954,0.89411,1.61069,0.977338,3.42505,0.978049,3.42574,0.993858,3.46445
0.88163,1.58814,0.918962,1.65568,0.89911,1.61978,0.982338,3.43656,0.983049,3.43714,0.998858,3.47635
0.88663,1.5972,0.923962,1.66411,0.90411,1.62886,0.987338,3.44808,0.988049,3.44854,1.00386,3.58221
0.89163,1.60626,0.924795,1.6699,0.90911,1.63795,0.992338,3.45963,0.993049,3.45995,1.00983,3.72914
0.89663,1.61533,0.929795,1.67602,0.91411,1.64704,0.997338,3.4712,0.998049,3.47141,1.0166,3.88709
0.90163,1.6244,0.931462,1.68133,0.91911,1.65612,1.00234,3.54113,1.00305,3.55981,1.02353,4.02392
0.90663,1.63346,0.936462,1.68823,0.92411,1.66521,1.00734,3.67027,1.00805,3.68543,1.03107,4.11243
0.91163,1.64252,0.941462,1.69642,0.92911,1.6743,1.01331,3.81214,1.01332,3.80816,1.0391,4.21046
0.91663,1.6516,0.946462,1.70491,0.93411,1.68338,1.02008,3.96738,1.01951,3.94975,1.04752,4.31278
0.92163,1.66067,0.951462,1.71352,0.93911,1.69246,1.02747,4.06947,1.02647,4.05283,1.05626,4.4189
0.92663,1.66973,0.956462,1.7222,0.94411,1.70153,1.03537,4.16433,1.03403,4.14208,1.06514,4.53449
0.93163,1.67879,0.961462,1.73108,0.94911,1.71061,1.04369,4.26529,1.04208,4.23901,1.07425,4.65743
0.93663,1.68786,0.966462,1.73998,0.95411,1.71968,1.05235,4.36939,1.05052,4.3401,1.08353,4.78635
0.94163,1.69694,0.971462,1.74892,0.95911,1.72875,1.06128,4.48263,1.05928,4.44953,1.09296,4.92005
0.94663,1.70601,0.976462,1.7579,0.96411,1.73782,1.07033,4.60231,1.06818,4.5659,1.10218,5.05185
0.95163,1.71508,0.981462,1.76691,0.96911,1.74688,1.07957,4.72846,1.07729,4.68939,1.11155,5.15203
0.95663,1.72415,0.986462,1.77595,0.97411,1.75594,1.08896,4.86005,1.08658,4.8188,1.12106,5.20073
0.96163,1.73321,0.991462,1.7849,0.97911,1.765,1.09847,4.99532,1.09602,4.95272,1.13066,5.25547
0.96663,1.74227,0.996462,1.79396,0.98411,1.77405,1.10804,5.12974,1.10552,5.08808,1.14034,5.31387
0.97163,1.75134,1.00146,1.81363,0.98911,1.78311,1.1177,5.17771,1.11512,5.15741,1.15008,5.37549
0.97663,1.76041,1.00673,1.86188,0.99411,1.79215,1.12742,5.23164,1.1248,5.20877,1.15988,5.43993
0.98163,1.76947,1.01226,1.91527,0.99911,1.80119,1.1372,5.2894,1.13454,5.26526,1.16971,5.50585
0.98663,1.77853,1.01831,1.97562,1.00411,1.83944,1.14702,5.35046,1.14433,5.32533,1.17958,5.57179
0.99163,1.78759,1.02483,2.03188,1.00938,1.88929,1.15688,5.41447,1.15417,5.38853,1.18948,5.6371
0.99663,1.79666,1.03176,2.08045,1.01521,1.94631,1.16677,5.4803,1.16404,5.45406,1.1994,5.70144
1.00163,1.8176,1.03869,2.12909,1.02153,2.00989,1.17668,5.5464,1.17393,5.52028,1.20933,5.76231
1.00663,1.86378,1.04563,2.17742,1.02765,2.05496,1.1866,5.612,1.18385,5.58614,1.21927,5.82487
1.0119,1.91492,1.05292,2.22727,1.03422,2.1011,1.19654,5.67676,1.19378,5.65131,1.22923,5.8889
1.01773,1.97302,1.06053,2.27894,1.0408,2.14719,1.2065,5.73931,1.20372,5.71505,1.2392,5.95306
1.02405,2.02967,1.06861,2.33257,1.04756,2.19376,1.21646,5.79974,1.21368,5.77466,1.24917,6.01513
1.03081,2.07705,1.07706,2.38843,1.0547,2.24223,1.22643,5.86306,1.22365,5.83785,1.25871,6.06696
1.03756,2.12448,1.08583,2.44632,1.06218,2.29255,1.23641,5.92716,1.23362,5.90215,1.26834,6.11481
1.04432,2.17164,1.09484,2.50615,1.07015,2.345,1.24639,5.99291,1.2436,5.96767,1.27804,6.15603
1.05145,2.2203,1.10405,2.56803,1.07853,2.40001,1.25637,6.04744,1.25358,6.0243,1.28781,6.19135
1.05893,2.27091,1.11341,2.61441,1.08723,2.45721,1.26636,6.09766,1.26356,6.07577,1.29762,6.22122
1.0669,2.32373,1.12291,2.64855,1.09619,2.51671,1.27634,6.1416,1.27355,6.12213,1.30747,6.24598
1.07527,2.37878,1.1325,2.68148,1.10536,2.57821,1.28634,6.17882,1.28354,6.16131,1.31735,6.26751
1.08396,2.43603,1.14218,2.71221,1.1147,2.62033,1.29633,6.21041,1.29353,6.19502,1.32723,6.2917
1.09291,2.4952,1.15192,2.73419,1.12417,2.6539,1.30632,6.23571,1.30352,6.22163,1.33714,6.31298
1.10207,2.5565,1.16171,2.74777,1.13374,2.68593,1.31632,6.25875,1.31352,6.24527,1.34706,6.33459
1.1114,2.60872,1.17154,2.75655,1.1434,2.71564,1.32631,6.28194,1.32351,6.26849,1.357,6.35421
1.12087,2.64297,1.18141,2.76083,1.15313,2.73346,1.33631,6.30428,1.33351,6.29119,1.36695,6.36869
1.13044,2.67614,1.1913,2.7562,1.16291,2.74515,1.34631,6.32542,1.34351,6.31271,1.37691,6.37885
1.1401,2.70722,1.2012,2.7395,1.17274,2.75251,1.3563,6.34554,1.35351,6.33323,1.38688,6.38424
1.14982,2.73103,1.21066,2.70324,1.1826,2.75374,1.3663,6.36335,1.3635,6.35266,1.39685,6.38515
1.1596,2.74549,1.21974,2.67766,1.19248,2.74731,1.3763,6.37409,1.3735,6.36451,1.40683,6.3867
1.16943,2.75469,1.22847,2.63743,1.2024,2.72414,1.3863,6.37961,1.3835,6.37164,1.41681,6.3953
1.17929,2.76032,1.23686,2.55052,1.21232,2.69126,1.3963,6.38008,1.3935,6.37326,1.4268,6.40844
1.18918,2.75648,1.24558,2.6453,1.22182,2.67124,1.4063,6.38092,1.4035,6.37271,1.43678,6.4232
1.19908,2.74348,1.25413,2.70398,1.23142,2.61841,1.4163,6.389,1.4135,6.37911,1.44678,6.43788
1.20875,2.70813,1.26185,2.7503,1.24062,2.58029,1.4263,6.40128,1.4235,6.39043,1.45677,6.45764
1.21849,2.68168,1.26933,2.78887,1.24982,2.66057,1.4363,6.41387,1.4335,6.40233,1.46676,6.4851
1.22661,2.65317,1.27695,2.82286,1.25779,2.71329,1.4463,6.42764,1.4435,6.41555,1.47676,6.51594
1.23483,2.5432,1.28485,2.8582,1.2655,2.75589,1.4563,6.45107,1.4535,6.43821,1.48675,6.54942
1.24278,2.63069,1.29316,2.90201,1.27308,2.79266,1.4663,6.47891,1.4635,6.46555,1.49675,6.58652
1.25083,2.69149,1.30167,2.96327,1.28095,2.82768,1.4763,6.50999,1.4735,6.49625,1.50675,6.63991
1.25842,2.73817,1.30987,3.00825,1.28882,2.86738,1.4863,6.54354,1.4835,6.52947,1.51675,6.69389
1.26577,2.77717,1.31829,3.04921,1.29694,2.9202,1.4963,6.58008,1.4935,6.56489,1.52675,6.75019
1.27292,2.81149,1.32591,3.08738,1.30479,2.96927,1.5063,6.63365,1.5035,6.6146,1.53674,6.80869
1.28023,2.84404,1.334,3.12208,1.31264,3.01172,1.5163,6.68743,1.5135,6.66856,1.54674,6.86812
1.28768,2.87985,1.34232,3.15524,1.32024,3.05135,1.5263,6.74346,1.5235,6.72418,1.55674,6.92826
1.29492,2.92435,1.35097,3.18715,1.32761,3.08782,1.5363,6.80158,1.5335,6.78188,1.56674,6.98955
1.30248,2.98257,1.35989,3.2182,1.3355,3.12165,1.5463,6.86057,1.5435,6.84153,1.57674,7.05342
1.30982,3.02402,1.36902,3.24853,1.34363,3.15419,1.5563,6.92019,1.5535,6.90029,1.58674,7.11915
1.31716,3.06208,1.37833,3.27822,1.35213,3.18571,1.5663,6.98093,1.5635,6.96232,1.59674,7.18599
1.32504,3.09737,1.38778,3.30735,1.36093,3.21653,1.5763,7.0442,1.5735,7.02554,1.60674,7.25798
1.33316,3.13123,1.39734,3.33596,1.36997,3.2467,1.5863,7.10915,1.5835,7.08875,1.61674,7.33477
1.34165,3.16391,1.40698,3.36408,1.37921,3.27633,1.5963,7.17498,1.5935,7.15469,1.62674,7.41716
1.35043,3.19571,1.4167,3.39174,1.38859,3.30543,1.6063,7.24602,1.6035,7.22237,1.63674,7.50475
1.35946,3.22684,1.42647,3.41897,1.3981,3.33405,1.6163,7.32118,1.6135,7.29617,1.64674,7.60068
1.36868,3.25731,1.43629,3.44579,1.40771,3.36219,1.6263,7.40253,1.6235,7.37525,1.65674,7.70291
1.37806,3.28723,1.44614,3.47222,1.41739,3.38989,1.6363,7.48878,1.6335,7.46041,1.66674,7.81046
1.38756,3.31661,1.45603,3.49829,1.42714,3.41716,1.6463,7.58332,1.6435,7.55183,1.67674,7.92305
1.39717,3.34548,1.46594,3.5238,1.43694,3.44402,1.6563,7.68421,1.6535,7.65112,1.68674,8.04045
1.40685,3.37387,1.47586,3.5484,1.44678,3.47049,1.6663,7.79048,1.6635,7.75546,1.69674,8.16218
1.41659,3.40181,1.4858,3.5719,1.45665,3.49658,1.6763,7.90167,1.6735,7.86514,1.70674,8.28824
1.42639,3.42932,1.49575,3.59428,1.46655,3.52208,1.6863,8.01772,1.6835,7.97942,1.71674,8.41768
1.43623,3.4564,1.50571,3.62124,1.47646,3.54658,1.6963,8.13805,1.6935,8.09855,1.72674,8.55039
1.4461,3.48309,1.51568,3.64395,1.4864,3.57002,1.7063,8.26276,1.7035,8.22155,1.73674,8.68616
1.45599,3.5094,1.52566,3.66791,1.49634,3.59274,1.7163,8.39096,1.7135,8.34872,1.74674,8.82372
1.46591,3.53513,1.53564,3.69258,1.5063,3.61955,1.7263,8.52229,1.7235,8.47872,1.7563,8.95642
1.47584,3.55993,1.54518,3.71717,1.51627,3.64204,1.7363,8.65662,1.7335,8.61201,1.76596,9.08503
1.48579,3.58364,1.55433,3.74052,1.52624,3.66578,1.7463,8.79303,1.7435,8.74775,1.77565,9.21061
1.49574,3.60618,1.56348,3.76478,1.53621,3.6904,1.7563,8.92677,1.75306,8.88094,1.7854,9.33373
1.50571,3.63332,1.57263,3.78793,1.54492,3.71263,1.7663,9.0563,1.76271,9.00895,1.79518,9.45505
1.51568,3.65629,1.58183,3.81202,1.55345,3.73394,1.7763,9.18264,1.77243,9.13385,1.80499,9.57263
1.52566,3.68029,1.59103,3.8345,1.56216,3.75669,1.7863,9.3064,1.78221,9.25595,1.81484,9.69057
1.53564,3.70516,1.60032,3.85978,1.57055,3.77742,1.7963,9.42814,1.79201,9.3764,1.82471,9.8084
1.54518,3.72981,1.60961,3.88392,1.57902,3.79886,1.8063,9.54685,1.80185,9.49452,1.83461,9.92542
1.55433,3.75318,1.61898,3.91038,1.58733,3.81848,1.8163,9.66245,1.81172,9.60867,1.84453,10.0415
1.56328,3.77721,1.62836,3.93458,1.59597,3.84117,1.8263,9.77901,1.82161,9.72306,1.85402,10.1543
1.57162,3.7982,1.63781,3.96107,1.60461,3.86317,1.8363,9.89514,1.83153,9.83776,1.86361,10.2659
1.57997,3.81978,1.64725,3.98644,1.61352,3.88742,1.84586,10.0083,1.84102,9.94983,1.87328,10.3765
1.5884,3.83969,1.65677,4.01474,1.62208,3.90895,1.85551,10.1204,1.85057,10.0609,1.88301,10.4862
1.59714,3.86304,1.66589,4.03782,1.63082,3.93276,1.86523,10.2316,1.8602,10.1713,1.8928,10.5947
1.60588,3.88515,1.67511,4.06617,1.63955,3.95428,1.875,10.342,1.86991,10.281,1.90263,10.7021
1.61468,3.90954,1.68434,4.09756,1.64796,3.97857,1.88356,10.4453,1.87968,10.3898,1.91249,10.808
1.62331,3.93124,1.6936,4.13378,1.65637,4.00042,1.8924,10.5478,1.88922,10.4965,1.92238,10.9074
1.63202,3.95513,1.70291,4.1714,1.66486,4.02381,1.90146,10.6497,1.89885,10.6022,1.93229,11.0053
1.64072,3.97662,1.71184,4.21055,1.67336,4.05086,1.91071,10.7512,1.90856,10.707,1.94221,11.1015
1.6491,4.00084,1.72083,4.25126,1.68194,4.08313,1.92011,10.8476,1.91832,10.8074,1.95214,11.1961
1.65748,4.02227,1.72993,4.29483,1.69059,4.11751,1.92962,10.9423,1.92813,10.9046,1.96209,11.2882
1.66605,4.04529,1.73909,4.34051,1.6994,4.15462,1.93923,11.036,1.93797,11.0005,1.97204,11.3787
1.67462,4.07203,1.74835,4.38811,1.70804,4.19289,1.94888,11.1279,1.94784,11.0947,1.98199,11.4678
1.68327,4.10406,1.75723,4.43201,1.71675,4.23349,1.9586,11.2182,1.95773,11.1868,1.99195,11.5552
1.692,4.1383,1.76618,4.47703,1.72405,4.27088,1.96836,11.3073,1.96763,11.2777,2.00192,11.6405
1.70087,4.17522,1.77338,4.51534,1.73115,4.31155,1.97816,11.3952,1.97755,11.3672,2.0119,11.7275
1.70974,4.21415,1.78092,4.54924,1.73806,4.34856,1.98796,11.4817,1.98748,11.4552,2.02187,11.809
1.71875,4.25556,1.78893,4.58164,1.74535,4.38585,1.99781,11.567,1.99743,11.5419,2.03185,11.8856
1.72781,4.29875,1.79706,4.61188,1.75263,4.4223,2.00767,11.6521,2.00738,11.6282,2.04183,11.9602
1.73687,4.34563,1.80555,4.6362,1.76005,4.45865,2.01755,11.7347,2.01734,11.712,2.05182,12.0323
1.74557,4.38758,1.81412,4.65705,1.76762,4.48627,2.02746,11.8127,2.02731,11.7911,2.06181,12.1023
1.75443,4.43021,1.82286,4.676,1.77532,4.51393,2.03739,11.888,2.03728,11.8673,2.0718,12.1614
1.76296,4.47197,1.83143,4.69003,1.78314,4.53758,2.04733,11.9608,2.04726,11.9409,2.08179,12.2176
1.77148,4.51111,1.84016,4.69299,1.79108,4.55652,2.05729,12.0315,2.05725,12.0123,2.09179,12.2723
1.78008,4.54332,1.84896,4.68116,1.79914,4.57215,2.06725,12.0959,2.06723,12.0773,2.10178,12.3256
1.78896,4.57622,1.85777,4.66989,1.80729,4.58531,2.07722,12.1531,2.07722,12.135,2.11178,12.3779
1.79789,4.60443,1.86624,4.66793,1.81555,4.59055,2.08719,12.2085,2.08722,12.1909,2.12178,12.4292
1.80704,4.6284,1.87441,4.65601,1.8239,4.58376,2.09717,12.2626,2.09721,12.2454,2.13177,12.4789
1.81623,4.64873,1.88258,4.64271,1.8321,4.56658,2.10716,12.3155,2.1072,12.2988,2.14177,12.528
1.82551,4.66791,1.89075,4.6107,1.84039,4.55018,2.11715,12.3666,2.1172,12.3505,2.15177,12.5755
1.8348,4.67934,1.89902,4.58953,1.84853,4.54156,2.12714,12.4169,2.1272,12.4012,2.16177,12.6224
1.84417,4.67618,1.90763,4.58515,1.8564,4.52975,2.13713,12.4667,2.13719,12.4513,2.17133,12.6653
1.85316,4.66201,1.91607,4.59506,1.86426,4.51035,2.14712,12.5158,2.14719,12.5007,2.18098,12.7064
1.8622,4.65798,1.92459,4.60924,1.87213,4.48763,2.15712,12.5635,2.15719,12.5486,2.1907,12.7462
1.87089,4.64993,1.93311,4.63914,1.88,4.47035,2.16711,12.6092,2.16719,12.5946,2.20048,12.7847
1.87958,4.64118,1.94172,4.69688,1.88761,4.46988,2.17688,12.6518,2.17719,12.6386,2.2103,12.8216
1.88692,4.61625,1.95015,4.75577,1.89523,4.47873,2.18669,12.6933,2.18719,12.6809,2.22016,12.8569
1.89397,4.58294,1.95867,4.77056,1.90285,4.49949,2.19654,12.7333,2.19718,12.7212,2.23004,12.8905
1.90117,4.56312,1.96727,4.77323,1.90991,4.54399,2.20641,12.7718,2.20718,12.7597,2.23995,12.9149
1.90853,4.56167,1.97587,4.75847,1.91714,4.59841,2.21632,12.8085,2.21718,12.7964,2.24943,12.9258
1.91603,4.56964,1.98447,4.74498,1.92437,4.62276,2.22624,12.8434,2.22718,12.8314,2.25901,12.9269
1.92367,4.58627,1.99324,4.81127,1.93175,4.61305,2.23618,12.875,2.23718,12.861,2.26868,12.9202
1.93119,4.62544,2.00183,4.9197,1.93892,4.58605,2.24612,12.8884,2.24718,12.8769,2.27838,12.9121
1.93848,4.67875,2.01011,5.00498,1.9459,4.5594,2.25606,12.8925,2.25718,12.881,2.28814,12.9004
1.94567,4.71065,2.01872,5.07819,1.95257,4.64932,2.26602,12.8916,2.26718,12.88,2.2979,12.8854
1.95267,4.71576,2.0276,5.14395,1.95889,4.74763,2.27598,12.8837,2.27718,12.8719,2.30771,12.8671
1.95949,4.68504,2.03655,5.20432,1.96522,4.82227,2.28429,12.8702,2.28718,12.861,2.31756,12.8458
1.96598,4.65912,2.04555,5.25996,1.97143,4.88429,2.2926,12.8542,2.29674,12.8452,2.32743,12.822
1.97234,4.68926,2.05437,5.31004,1.97784,4.93752,2.30124,12.8367,2.30639,12.8267,2.33731,12.7955
1.97853,4.80634,2.06285,5.354,1.98445,4.98562,2.31004,12.8172,2.31611,12.8053,2.34721,12.7712
1.98462,4.89004,2.07103,5.39428,1.99124,5.02963,2.31907,12.7951,2.32588,12.7812,2.35712,12.748
1.99065,4.95671,2.07931,5.4324,1.9982,5.07076,2.3283,12.7716,2.33568,12.7542,2.36705,12.7251
1.99669,5.01281,2.08758,5.46892,2.00517,5.11115,2.33767,12.7459,2.34552,12.7293,2.37699,12.7031
2.00057,5.06587,2.09596,5.5066,2.01274,5.15127,2.34708,12.7224,2.35538,12.7057,2.38695,12.6811
2.00557,5.10674,2.10433,5.54524,2.0206,5.19156,2.35656,12.6996,2.36527,12.6826,2.39691,12.6586
2.01116,5.14507,2.11241,5.58616,2.02871,5.2314,2.36614,12.678,2.37517,12.6603,2.40688,12.6359
2.01727,5.18218,2.12021,5.62844,2.03704,5.27043,2.3758,12.6568,2.3851,12.6378,2.41685,12.6125
2.02359,5.21848,2.12814,5.67249,2.04557,5.3083,2.38546,12.6351,2.39504,12.615,2.42684,12.5878
2.03011,5.25346,2.13582,5.71654,2.05428,5.34499,2.39519,12.6134,2.40499,12.5923,2.43682,12.5639
2.03704,5.28781,2.14361,5.76317,2.06298,5.38112,2.40497,12.5922,2.41495,12.5693,2.44681,12.5407
2.04381,5.32064,2.15117,5.8207,2.07194,5.41379,2.4148,12.5695,2.42492,12.5451,2.4568,12.5185
2.05074,5.35112,2.1585,5.8783,2.08071,5.44522,2.42465,12.5463,2.4349,12.5216,2.46679,12.4971
2.05751,5.37897,2.16583,5.94469,2.08972,5.47903,2.43454,12.5239,2.44488,12.4986,2.47678,12.4765
2.06446,5.40778,2.17348,5.99089,2.09839,5.51269,2.44445,12.5024,2.45486,12.4766,2.48678,12.4384
2.0714,5.43322,2.18113,6.03572,2.10731,5.55047,2.45437,12.4818,2.46485,12.4555,2.49677,12.3941
2.07851,5.45837,2.18905,6.07723,2.11589,5.59037,2.46431,12.4618,2.47483,12.4352,2.50677,12.3504
2.08562,5.48318,2.19709,6.1167,2.12416,5.63298,2.47427,12.4427,2.48482,12.4027,2.51677,12.3078
2.09288,5.50979,2.20536,6.15421,2.13228,5.67582,2.48423,12.4112,2.49482,12.3586,2.52676,12.2663
2.0998,5.53736,2.21383,6.19022,2.14013,5.72508,2.4942,12.3682,2.50481,12.3151,2.53676,12.2264
2.10655,5.56623,2.22248,6.22501,2.14784,5.7718,2.50417,12.326,2.51481,12.2726,2.54676,12.1869
2.11314,5.59678,2.2314,6.2589,2.15555,5.82974,2.51415,12.2846,2.5248,12.2311,2.55676,12.1456
2.11974,5.62961,2.24044,6.28767,2.16314,5.89485,2.52369,12.244,2.5348,12.1912,2.56676,12.1128
2.12619,5.6641,2.24968,6.3124,2.17086,5.94511,2.53333,12.2046,2.5448,12.1507,2.57614,12.0876
2.13252,5.69962,2.25855,6.33527,2.17845,5.99233,2.54304,12.1643,2.5548,12.1084,2.58565,12.0704
2.13874,5.73561,2.26755,6.35714,2.18617,6.03703,2.5528,12.1218,2.56479,12.0737,2.59526,12.0606
2.14495,5.77192,2.27636,6.37753,2.19377,6.07802,2.56262,12.086,2.57418,12.0466,2.60494,12.0576
2.15111,5.81967,2.28531,6.39724,2.20149,6.11726,2.57244,12.0581,2.58368,12.0275,2.61469,12.061
2.15727,5.86756,2.29408,6.41582,2.20922,6.15423,2.58167,12.0378,2.59329,12.0154,2.62447,12.0698
2.16342,5.92185,2.303,6.43371,2.21739,6.19019,2.59105,12.0251,2.60291,12.0106,2.63429,12.0807
2.16979,5.96575,2.31197,6.45103,2.22565,6.22494,2.60051,12.0192,2.61213,12.0117,2.64415,12.0977
2.17609,6.00556,2.32115,6.46801,2.23427,6.25914,2.61007,12.0196,2.62151,12.0159,2.65403,12.1214
2.18259,6.04044,2.3305,6.48471,2.24316,6.28644,2.61973,12.0226,2.63101,12.0244,2.66393,12.1496
2.18909,6.07335,2.33997,6.50119,2.25227,6.31194,2.62945,12.03,2.64061,12.0382,2.67385,12.1827
2.19559,6.1043,2.34955,6.51746,2.26139,6.33639,2.63922,12.0434,2.65029,12.0583,2.68377,12.2189
2.2021,6.13348,2.35921,6.53349,2.27067,6.35985,2.64904,12.0629,2.66003,12.0829,2.69371,12.2606
2.20879,6.16119,2.36894,6.54917,2.27976,6.38237,2.65888,12.088,2.66982,12.1117,2.70366,12.3061
2.21587,6.18821,2.37873,6.5644,2.28903,6.40416,2.66876,12.1182,2.6792,12.1455,2.71362,12.3533
2.22311,6.21463,2.38855,6.57904,2.29829,6.42526,2.67821,12.1516,2.6887,12.1832,2.72359,12.4019
2.2309,6.24113,2.39841,6.59332,2.3077,6.4459,2.68776,12.1895,2.6983,12.2266,2.73356,12.4537
2.23913,6.26472,2.4083,6.60667,2.31723,6.4662,2.69741,12.2315,2.70795,12.2701,2.74354,12.5029
2.24772,6.28471,2.41821,6.6188,2.32685,6.48618,2.70712,12.2745,2.71766,12.3162,2.75352,12.5529
2.25659,6.30411,2.42814,6.62986,2.33655,6.50589,2.7169,12.3223,2.72743,12.3611,2.76307,12.6098
2.26546,6.323,2.43807,6.63972,2.3463,6.52535,2.72671,12.3713,2.73723,12.4064,2.77268,12.68
2.27455,6.34144,2.44802,6.64837,2.35611,6.54452,2.73655,12.4176,2.74662,12.4567,2.78232,12.739
2.28382,6.35956,2.45797,6.65594,2.36595,6.56327,2.74641,12.4661,2.75612,12.5183,2.79199,12.816
2.29324,6.37745,2.46794,6.6622,2.37583,6.58144,2.75629,12.5281,2.76573,12.5895,2.80125,12.8742
2.30278,6.39516,2.4779,6.66686,2.38573,6.59911,2.76619,12.6011,2.77533,12.6467,2.8106,12.9451
2.3124,6.41269,2.48787,6.66334,2.39565,6.61644,2.77608,12.6595,2.78453,12.7234,2.81957,12.9988
2.32211,6.43006,2.49784,6.64768,2.40558,6.633,2.78599,12.739,2.79374,12.7858,2.82866,13.0656
2.33187,6.44731,2.50782,6.63873,2.41553,6.64839,2.7953,12.8021,2.80274,12.8576,2.83781,13.1179
2.34168,6.46445,2.51736,6.61836,2.42549,6.66268,2.80469,12.8754,2.8118,12.9122,2.84705,13.1799
2.35152,6.48151,2.52693,6.60551,2.43545,6.67576,2.81408,12.9308,2.82051,12.9816,2.85638,13.2282
2.3614,6.49839,2.53609,6.58134,2.44541,6.68773,2.8235,13.002,2.82922,13.0342,2.86584,13.2858
2.3713,6.51502,2.54526,6.56428,2.45539,6.69866,2.83293,13.0542,2.83818,13.097,2.87537,13.3184
2.38123,6.53111,2.55407,6.54014,2.46536,6.7082,2.84238,13.1193,2.84679,13.1476,2.88498,13.3482
2.39116,6.54689,2.56294,6.53176,2.47418,6.71634,2.85184,13.1691,2.85568,13.2057,2.8946,13.3607
2.40111,6.5623,2.57147,6.51335,2.48323,6.71977,2.8614,13.2299,2.86462,13.2527,2.90427,13.3712
2.41107,6.57665,2.58,6.50772,2.49233,6.71591,2.87101,13.2782,2.87377,13.2937,2.91397,13.3663
2.42104,6.58993,2.58861,6.49269,2.50148,6.70524,2.88067,13.3162,2.88309,13.3169,2.92373,13.3557
2.43101,6.60219,2.59722,6.48835,2.51027,6.69604,2.89039,13.3369,2.89254,13.3345,2.93349,13.3372
2.44099,6.61324,2.60584,6.47324,2.51912,6.68655,2.90017,13.3517,2.9021,13.337,2.9433,13.3115
2.45097,6.62333,2.61445,6.46764,2.52738,6.67296,2.90973,13.3529,2.91174,13.3363,2.95314,13.28
2.46095,6.63244,2.62306,6.45145,2.53563,6.65919,2.91934,13.3474,2.92146,13.3222,2.96302,13.2414
2.47094,6.64036,2.63049,6.44347,2.54361,6.64361,2.92899,13.3318,2.93076,13.3063,2.97292,13.1986
2.4807,6.64533,2.63807,6.42597,2.55158,6.63629,2.93869,13.3094,2.94014,13.2789,2.98284,13.149
2.4905,6.64217,2.64564,6.4212,2.55929,6.62605,2.94844,13.2819,2.94965,13.2483,2.99277,13.0976
2.50031,6.62913,2.65299,6.41407,2.56677,6.62318,2.95825,13.2461,2.95925,13.2092,3.00272,13.0439
2.51013,6.61985,2.66048,6.41426,2.57403,6.61543,2.96809,13.2067,2.96893,13.1672,3.01268,12.9875
2.51995,6.60416,2.66811,6.41585,2.5811,6.61503,2.97796,13.1594,2.97867,13.1181,3.02265,12.9306
2.52977,6.5906,2.67574,6.42013,2.58784,6.6083,2.98786,13.1097,2.98847,13.0665,3.03262,12.8729
2.5396,6.57055,2.68383,6.42824,2.59476,6.60793,2.99778,13.0551,2.9983,13.0098,3.0426,12.8158
2.54943,6.5584,2.69192,6.43681,2.60152,6.60092,3.00771,13.001,3.00816,12.9525,3.05258,12.7588
2.55927,6.54257,2.69975,6.44837,2.60845,6.59975,3.01765,12.9441,3.01806,12.8955,3.06256,12.7019
2.56869,6.53674,2.70769,6.45945,2.61514,6.59109,3.02761,12.8869,3.02797,12.8379,3.07255,12.6445
2.57773,6.52622,2.71587,6.47312,2.62183,6.58758,3.03757,12.8301,3.0379,12.7807,3.0821,12.5884
2.58676,6.52108,2.72405,6.48524,2.62852,6.57845,3.04754,12.7733,3.04741,12.7238,3.09175,12.5277
2.59599,6.51394,2.73245,6.50185,2.63539,6.5769,3.05751,12.716,3.05697,12.6661,3.10146,12.4686
2.60521,6.50898,2.74093,6.52001,2.64226,6.57656,3.06749,12.6585,3.06661,12.6086,3.11123,12.4111
2.61459,6.50108,2.7495,6.54507,2.64913,6.57992,3.07686,12.6021,3.07586,12.5514,3.12105,12.3553
2.62396,6.49491,2.75814,6.57124,2.65584,6.58545,3.08635,12.5436,3.08525,12.4921,3.1309,12.301
2.63346,6.48509,2.76586,6.60768,2.6624,6.59217,3.09595,12.4837,3.09477,12.4326,3.14078,12.2482
2.64295,6.47605,2.7737,6.65101,2.66882,6.60207,3.10563,12.4253,3.10437,12.3744,3.15069,12.1971
2.65255,6.46723,2.78179,6.70591,2.67512,6.61243,3.11537,12.3685,3.11406,12.3178,3.16061,12.1476
2.66174,6.46342,2.78999,6.76667,2.68142,6.62519,3.12516,12.3132,3.12381,12.2622,3.17055,12.0997
2.67098,6.46268,2.7984,6.82884,2.68792,6.63762,3.13499,12.2592,3.13361,12.2083,3.1805,12.0533
2.68022,6.4654,2.8069,6.88644,2.69442,6.65147,3.14484,12.2067,3.14344,12.1559,3.19046,12.0082
2.68955,6.47127,2.81557,6.92408,2.70092,6.66737,3.15472,12.1558,3.15331,12.105,3.20043,11.965
2.69888,6.47892,2.82432,6.94618,2.70742,6.67817,3.16463,12.1063,3.1632,12.0555,3.2104,11.922
2.70829,6.49018,2.83321,6.96205,2.71433,6.69649,3.17455,12.0583,3.17312,12.0074,3.22038,11.8803
2.7164,6.5004,2.84216,6.96869,2.72125,6.71245,3.18449,12.0116,3.18305,11.9606,3.23036,11.8398
2.72474,6.5141,2.85132,6.97133,2.72763,6.73035,3.19444,11.9655,3.193,11.9145,3.24035,11.8007
2.73308,6.52732,2.86058,6.97004,2.73357,6.74619,3.20439,11.9203,3.20295,11.8692,3.25034,11.7635
2.74162,6.54487,2.86998,6.96632,2.73942,6.76786,3.21436,11.8766,3.21292,11.8253,3.26033,11.728
2.74999,6.56492,2.87945,6.95744,2.74487,6.78654,3.22433,11.834,3.22289,11.7826,3.27032,11.6943
2.75855,6.59424,2.88903,6.94461,2.75028,6.81313,3.23431,11.7928,3.23286,11.7412,3.28032,11.667
2.76719,6.62869,2.89861,6.93003,2.75566,6.84071,3.24429,11.7527,3.24284,11.701,3.29031,11.6438
2.77551,6.67351,2.90778,6.91461,2.76128,6.8764,3.25427,11.7148,3.25283,11.6631,3.30031,11.6246
2.78332,6.72631,2.91677,6.89735,2.76715,6.91098,3.26426,11.6781,3.26282,11.6267,3.31031,11.6088
2.79139,6.79086,2.9254,6.87981,2.77323,6.95004,3.27425,11.6452,3.2728,11.5938,3.31969,11.5968
2.79956,6.85029,2.93387,6.86195,2.77953,6.98065,3.28424,11.617,3.2828,11.5659,3.32911,11.5859
2.80795,6.91378,2.94242,6.84381,2.78603,7.00914,3.29424,11.593,3.29279,11.5424,3.33864,11.5767
2.81642,6.96194,2.95097,6.82444,2.79294,7.03339,3.30423,11.5729,3.30278,11.5226,3.34826,11.5693
2.82508,7.00376,2.95969,6.80478,2.80021,7.03718,3.31423,11.5553,3.31278,11.5057,3.35796,11.5637
2.83389,7.03268,2.96841,6.78498,2.80781,7.02658,3.32379,11.5405,3.32278,11.4908,3.36772,11.56
2.84277,7.05183,2.9772,6.76602,2.81569,7.00814,3.33279,11.5286,3.33277,11.4784,3.37751,11.5607
2.85178,7.06355,2.98581,6.74796,2.82369,6.98701,3.34199,11.5191,3.34277,11.4685,3.38734,11.5636
2.86079,7.06899,2.9945,6.73142,2.83192,6.96363,3.35135,11.5097,3.35277,11.4591,3.39721,11.5704
2.86945,7.07034,3.00287,6.71514,2.84036,6.93554,3.36083,11.5019,3.36276,11.4514,3.4071,11.5827
2.87819,7.06796,3.01132,6.70035,2.8491,6.90643,3.37042,11.4977,3.37253,11.4489,3.41701,11.5977
2.88699,7.06388,3.01978,6.68545,2.85792,6.87597,3.38009,11.5041,3.38234,11.456,3.42694,11.6149
2.89546,7.05646,3.02793,6.67248,2.86679,6.84627,3.38982,11.5139,3.39219,11.4666,3.43688,11.6339
2.90363,7.04647,3.03581,6.65887,2.87533,6.81721,3.39961,11.5264,3.40207,11.48,3.44684,11.6543
2.91216,7.03217,3.04381,6.64676,2.88357,6.78762,3.40944,11.5413,3.41197,11.4958,3.4568,11.673
2.92053,7.01683,3.05166,6.6332,2.8918,6.75567,3.4193,11.5584,3.4219,11.5138,3.46677,11.6926
2.92861,7.00075,3.0583,6.62211,2.89975,6.72247,3.4292,11.5774,3.43183,11.5337,3.47675,11.7129
2.93654,6.98361,3.06417,6.61031,2.9077,6.68805,3.43911,11.5979,3.44178,11.555,3.48673,11.7339
2.94447,6.96516,3.07003,6.59832,2.91539,6.65456,3.44904,11.6188,3.45174,11.5758,3.49672,11.7552
2.95227,6.94637,3.07582,6.58696,2.92296,6.62,3.45898,11.6386,3.46171,11.5964,3.50671,11.777
2.96033,6.92697,3.08161,6.57304,2.93052,6.58579,3.46894,11.6593,3.47169,11.6179,3.5167,11.7989
2.96824,6.90781,3.08734,6.56029,2.93809,6.55218,3.4789,11.6805,3.48167,11.64,3.52607,11.8216
2.97627,6.88813,3.09329,6.54447,2.94566,6.52214,3.48887,11.7023,3.49165,11.6626,3.53557,11.8442
2.98416,6.86829,3.09924,6.52929,2.9531,6.49267,3.49885,11.7246,3.50164,11.6857,3.54517,11.8665
2.99216,6.84828,3.10519,6.51211,2.96055,6.46654,3.50883,11.7471,3.51163,11.7091,3.55484,11.8886
2.9999,6.82904,3.11115,6.49614,2.968,6.44078,3.5179,11.7708,3.52118,11.7332,3.56458,11.9105
3.00764,6.81004,3.11732,6.47724,2.97559,6.41822,3.52715,11.7941,3.53082,11.7573,3.57437,11.9316
3.01487,6.79187,3.12349,6.45956,2.98317,6.39529,3.53655,11.8174,3.54053,11.7813,3.5842,11.9515
3.02226,6.77477,3.12987,6.43844,2.99053,6.37647,3.54606,11.8405,3.5503,11.8053,3.59407,11.9703
3.02944,6.75826,3.13625,6.41991,2.99789,6.35714,3.55567,11.8634,3.56011,11.828,3.60396,11.989
3.03677,6.74233,3.14282,6.39725,3.00525,6.34022,3.56535,11.8848,3.56996,11.8503,3.61342,12.011
3.0439,6.72652,3.14932,6.37711,3.0125,6.32246,3.5751,11.9058,3.57984,11.8724,3.62299,12.0344
3.05118,6.7113,3.15583,6.35348,3.01975,6.30842,3.5849,11.9265,3.58975,11.8942,3.63265,12.0582
3.05811,6.69603,3.16233,6.33257,3.02681,6.2944,3.59473,11.9449,3.59966,11.9136,3.64238,12.0823
3.06487,6.68134,3.16883,6.30855,3.03368,6.28405,3.6046,11.966,3.60959,11.9354,3.65216,12.1035
3.07163,6.66649,3.17533,6.28713,3.03995,6.27269,3.61404,11.9898,3.61952,11.9595,3.66198,12.1266
3.07857,6.65139,3.18202,6.26289,3.04616,6.26499,3.6236,12.0147,3.62947,11.9849,3.67184,12.1505
3.08541,6.63446,3.18871,6.24114,3.05236,6.25467,3.63324,12.0402,3.63943,12.011,3.68173,12.179
3.09243,6.61691,3.1954,6.21726,3.05846,6.24802,3.64296,12.0661,3.6494,12.036,3.69164,12.2108
3.09927,6.59814,3.20209,6.19543,3.06456,6.23767,3.65273,12.0889,3.65937,12.0597,3.70154,12.2419
3.10595,6.57893,3.20896,6.17195,3.07066,6.23076,3.66255,12.1118,3.66935,12.0863,3.71147,12.2739
3.11249,6.55899,3.21583,6.1502,3.07671,6.22277,3.6724,12.1381,3.67933,12.1181,3.72141,12.2983
3.11902,6.53933,3.2227,6.12727,3.08276,6.21393,3.68228,12.1693,3.68932,12.1525,3.73136,12.3171
3.12556,6.51648,3.22948,6.10622,3.08902,6.20688,3.69219,12.2019,3.69931,12.187,3.74132,12.3402
3.13202,6.49595,3.23627,6.08399,3.09523,6.19578,3.70211,12.2345,3.7093,12.2243,3.75129,12.3624
3.13836,6.47212,3.24289,6.06351,3.10138,6.18634,3.71205,12.2691,3.71929,12.2512,3.76126,12.3768
3.14469,6.44893,3.24938,6.0421,3.10753,6.17701,3.722,12.2952,3.72928,12.2736,3.77124,12.3865
3.15091,6.42498,3.25587,6.02193,3.11388,6.16595,3.73196,12.3164,3.73928,12.3006,3.78122,12.3857
3.15713,6.40102,3.26235,6.00088,3.12044,6.1533,3.74193,12.3416,3.74927,12.3274,3.79121,12.378
3.16329,6.37533,3.26871,5.98142,3.12718,6.14267,3.7519,12.3663,3.75927,12.3484,3.8012,12.3644
3.16945,6.35144,3.27506,5.96039,3.13392,6.12832,3.76188,12.3856,3.76927,12.3649,3.81119,12.3508
3.17556,6.32531,3.28142,5.94129,3.14083,6.11599,3.77186,12.4004,3.77926,12.3735,3.82118,12.3334
3.18167,6.30136,3.28778,5.92063,3.14775,6.10185,3.78185,12.4032,3.78926,12.3777,3.83118,12.3174
3.18764,6.27553,3.29433,5.90083,3.15483,6.0871,3.79184,12.399,3.79926,12.3706,3.84117,12.2983
3.19353,6.25079,3.30088,5.88316,3.16192,6.07516,3.80183,12.3885,3.80926,12.3621,3.85117,12.2812
3.19938,6.22609,3.30762,5.8682,3.16916,6.05901,3.81182,12.3776,3.81926,12.349,3.86117,12.2606
3.20522,6.20197,3.31436,5.85581,3.17655,6.04534,3.82181,12.3625,3.82926,12.3369,3.87116,12.2439
3.211,6.1775,3.32102,5.84556,3.18394,6.03004,3.83181,12.349,3.83926,12.3212,3.88116,12.2274
3.21677,6.15451,3.32786,5.83749,3.19133,6.01685,3.84181,12.3319,3.84926,12.3074,3.89116,12.2108
3.22247,6.13054,3.33507,5.83124,3.19886,6.0031,3.8518,12.3158,3.85926,12.2893,3.90116,12.1947
3.22809,6.10783,3.34243,5.82673,3.20639,5.98829,3.8618,12.2983,3.86926,12.2755,3.91116,12.1791
3.23366,6.08533,3.34994,5.82378,3.21405,5.97596,3.8718,12.2821,3.87925,12.2595,3.92116,12.1642
3.23946,6.06269,3.35774,5.82163,3.22172,5.9624,3.8818,12.2668,3.88925,12.2468,3.93116,12.1498
3.24517,6.04047,3.36597,5.82102,3.22951,5.95098,3.8918,12.2518,3.89925,12.2329,3.94115,12.1309
3.25081,6.01881,3.37455,5.8231,3.2373,5.93821,3.90179,12.2372,3.90925,12.2194,3.95115,12.1204
3.25645,5.99741,3.38341,5.82762,3.24496,5.92757,3.91179,12.2229,3.91925,12.2064,3.96115,12.1175
3.2621,5.97558,3.39249,5.83362,3.25239,5.91564,3.92179,12.2093,3.92925,12.1939,3.97115,12.1189
3.26771,5.95477,3.40177,5.841,3.25982,5.90546,3.93179,12.1921,3.93925,12.1812,3.98115,12.1261
3.27333,5.93362,3.41066,5.84968,3.26704,5.89432,3.94179,12.1781,3.94925,12.1694,3.99115,12.1463
3.27891,5.91352,3.41978,5.85931,3.27426,5.88424,3.95179,12.1728,3.95925,12.1565,4.00115,12.1714
3.2845,5.89212,3.42908,5.86954,3.28128,5.87275,3.96179,12.1728,3.96925,12.152,4.01115,12.1997
3.29006,5.87257,3.43851,5.88116,3.28831,5.86292,3.97179,12.1762,3.97925,12.1539,4.02115,12.2303
3.29585,5.85627,3.44806,5.8942,3.29533,5.85501,3.98179,12.1919,3.98925,12.1616,4.03115,12.2345
3.30165,5.84222,3.4577,5.90781,3.30236,5.84962,3.99179,12.2157,3.99925,12.1804,4.04115,12.2301
3.30768,5.83062,3.46741,5.919,3.30938,5.84522,4.00179,12.2423,4.00925,12.2058,4.05115,12.256
3.3137,5.82084,3.47717,5.92977,3.31657,5.84332,4.01179,12.273,4.01925,12.2353,4.06115,12.3822
3.31964,5.81302,3.48698,5.94106,3.3239,5.84289,4.02179,12.2802,4.02925,12.2672,4.07115,12.4866
3.32558,5.80709,3.49683,5.95161,3.33139,5.8451,4.03179,12.2738,4.03925,12.2889,4.08115,12.5824
3.33151,5.8028,3.50671,5.96093,3.33917,5.84838,4.04179,12.2824,4.04925,12.2834,4.09115,12.6729
3.33767,5.7998,3.51661,5.9705,3.34706,5.85352,4.05179,12.4161,4.05925,12.2863,4.10115,12.7594
3.34458,5.79808,3.52653,5.97816,3.35508,5.85988,4.06179,12.524,4.06925,12.3893,4.11115,12.8424
3.35209,5.79763,3.53647,5.97237,3.36332,5.86723,4.07179,12.6217,4.07925,12.5075,4.12115,12.9223
3.3601,5.79834,3.54641,5.95855,3.37157,5.8765,4.08179,12.7134,4.08925,12.6109,4.13115,12.9996
3.3685,5.80015,3.55637,5.9424,3.38003,5.88828,4.09179,12.8005,4.09925,12.7066,4.14115,13.0748
3.37723,5.80497,3.56633,5.92242,3.38795,5.90159,4.10179,12.8838,4.10925,12.7968,4.14988,13.1493
3.38621,5.81132,3.57553,5.89973,3.39627,5.91649,4.11179,12.9638,4.11925,12.883,4.15867,13.2192
3.3947,5.81894,3.58482,5.87539,3.40492,5.93257,4.12179,13.0412,4.12925,12.9658,4.16771,13.2882
3.40349,5.82743,3.59419,5.84767,3.41385,5.94977,4.13179,13.1163,4.13925,13.0475,4.17693,13.3548
3.41253,5.8366,3.60364,5.81542,3.42298,5.96802,4.14179,13.1893,4.14925,13.1242,4.1863,13.4199
3.42175,5.84707,3.61312,5.77624,3.43229,5.98602,4.15179,13.2606,4.15925,13.1968,4.19579,13.4829
3.43114,5.85865,3.6226,5.72848,3.44174,6.00513,4.16179,13.3279,4.16925,13.2697,4.20539,13.5434
3.44064,5.87119,3.6321,5.67042,3.4513,6.02527,4.17179,13.395,4.17925,13.3398,4.21503,13.6011
3.45025,5.88166,3.64163,5.61256,3.46094,6.04622,4.18179,13.4595,4.18925,13.4076,4.22474,13.6557
3.45993,5.89141,3.65119,5.49059,3.47065,6.06348,4.19179,13.5225,4.19925,13.4737,4.23451,13.706
3.46967,5.90167,3.66035,5.37107,3.48042,6.08008,4.20179,13.5836,4.20925,13.5376,4.2443,13.757
3.47946,5.91184,3.66932,5.45023,3.48977,6.09711,4.21179,13.6424,4.21925,13.5977,4.25414,13.8046
3.4893,5.92067,3.67794,5.49495,3.49925,6.11303,4.22179,13.6982,4.22925,13.656,4.26398,13.8461
3.49917,5.92971,3.68639,5.52628,3.50883,6.12753,4.23179,13.7518,4.23925,13.7102,4.27384,13.8997
3.50906,5.93753,3.69455,5.55064,3.5185,6.14162,4.24179,13.7994,4.24925,13.7609,4.28371,13.9327
3.51897,5.93524,3.70255,5.57009,3.52822,6.15347,4.25179,13.8502,4.25925,13.8126,4.29361,13.9623
3.5289,5.92208,3.71019,5.58604,3.53801,6.15885,4.26179,13.895,4.26925,13.8602,4.30308,14.0013
3.53885,5.90647,3.7177,5.59882,3.54783,6.15003,4.27179,13.9369,4.27925,13.9025,4.31265,14.0465
3.54642,5.8899,3.72521,5.61007,3.55765,6.13729,4.28179,13.987,4.28925,13.9595,4.32231,14.0669
3.55376,5.87081,3.73261,5.61862,3.56748,6.12021,4.29179,14.0179,4.29925,13.9909,4.332,14.1089
3.56111,5.84991,3.7399,5.62628,3.57734,6.10002,4.30179,14.0523,4.30821,14.0256,4.34176,14.1296
3.56845,5.82745,3.74707,5.63383,3.58722,6.07694,4.31135,14.0985,4.31681,14.0639,4.35156,14.1561
3.57569,5.80026,3.75406,5.63932,3.59711,6.05247,4.321,14.1235,4.3257,14.1111,4.3614,14.1894
3.58282,5.77126,3.76105,5.6442,3.60657,6.02368,4.33072,14.1558,4.33481,14.1359,4.37126,14.2018
3.58977,5.73235,3.76795,5.64846,3.61609,5.99045,4.34047,14.1936,4.34372,14.1688,4.38053,14.2237
3.59655,5.6864,3.77484,5.65202,3.62562,5.95303,4.35027,14.2123,4.35269,14.2092,4.38834,14.247
3.60317,5.63482,3.78145,5.65435,3.63517,5.91252,4.36011,14.2454,4.36186,14.2279,4.39627,14.2576
3.60965,5.58651,3.78805,5.6571,3.64474,5.85371,4.36997,14.264,4.3712,14.2506,4.4042,14.27
3.61601,5.4916,3.79458,5.66029,3.6541,5.78515,4.37984,14.2837,4.38061,14.2825,4.41253,14.2815
3.62229,5.38321,3.80103,5.66326,3.6635,5.71365,4.38929,14.3103,4.39014,14.2967,4.42119,14.3048
3.62858,5.41083,3.80736,5.6681,3.67269,5.59219,4.39881,14.3227,4.39976,14.3249,4.43011,14.3089
3.63481,5.47084,3.81363,5.67423,3.67953,5.44119,4.40842,14.3351,4.40897,14.338,4.43924,14.3247
3.64099,5.50766,3.81984,5.68045,3.68637,5.45239,4.41807,14.3605,4.41703,14.3631,4.44837,14.3228
3.6471,5.53389,3.82605,5.68925,3.69312,5.51046,4.42751,14.3636,4.42532,14.3727,4.45767,14.3325
3.65312,5.55389,3.8322,5.70041,3.69979,5.54741,4.43706,14.3899,4.43332,14.3871,4.46711,14.3246
3.6591,5.56954,3.83825,5.71196,3.70632,5.57491,4.4467,14.3838,4.44156,14.4074,4.47661,14.329
3.66498,5.58101,3.84426,5.72405,3.71277,5.59688,4.45638,14.3926,4.45001,14.4084,4.48573,14.322
3.67083,5.59042,3.85021,5.73793,3.71916,5.61451,4.46612,14.4026,4.45864,14.4151,4.49489,14.3214
3.67664,5.5995,3.85613,5.75349,3.72542,5.62985,4.47589,14.3958,4.46743,14.4271,4.50421,14.3047
3.68241,5.60689,3.86204,5.76702,3.73158,5.64217,4.48525,14.3965,4.47589,14.4232,4.51367,14.2983
3.68811,5.61342,3.86791,5.78341,3.73763,5.65379,4.49464,14.4007,4.48405,14.4223,4.52323,14.2788
3.69375,5.61911,3.8737,5.79996,3.74364,5.66245,4.50403,14.3817,4.49231,14.4308,4.53287,14.2615
3.69928,5.62251,3.87946,5.82094,3.74952,5.67098,4.51354,14.3774,4.50091,14.4114,4.54259,14.2396
3.7048,5.62559,3.88518,5.84101,3.75533,5.6791,4.52311,14.3683,4.50978,14.4078,4.55236,14.2217
3.71028,5.6279,3.89084,5.85824,3.76106,5.68396,4.53273,14.3512,4.51887,14.4011,4.56218,14.1901
3.71575,5.62997,3.8965,5.87654,3.7668,5.68848,4.54242,14.338,4.52814,14.3852,4.57203,14.1625
3.72121,5.63103,3.90213,5.89412,3.77247,5.6938,4.55218,14.3146,4.53755,14.3747,4.58027,14.1277
3.72667,5.63228,3.9077,5.91499,3.77811,5.69545,4.56196,14.2974,4.54708,14.3529,4.58822,14.0933
3.7321,5.6333,3.91327,5.93531,3.78372,5.69762,4.57178,14.274,4.5567,14.3379,4.59641,14.0527
3.7375,5.63371,3.9188,5.9551,3.78927,5.70021,4.58164,14.2454,4.56639,14.31,4.60496,14.0172
3.74289,5.63473,3.92432,5.96468,3.79481,5.70279,4.59152,14.2114,4.57615,14.2833,4.61379,13.9695
3.74827,5.63625,3.9298,5.97549,3.80031,5.70512,4.60139,14.1802,4.58593,14.2511,4.62285,13.9239
3.75365,5.63688,3.93528,5.98158,3.80582,5.70923,4.61129,14.1399,4.59529,14.2223,4.63209,13.8731
3.759,5.63736,3.94075,5.98625,3.8113,5.71283,4.62121,14.1058,4.60473,14.1835,4.64142,13.8299
3.76434,5.63763,3.94621,5.9914,3.81678,5.71803,4.63115,14.0637,4.61428,14.1486,4.65088,13.7757
3.76966,5.63727,3.95164,5.99351,3.82224,5.72427,4.6411,14.0176,4.62392,14.1031,4.66045,13.7283
3.77497,5.63736,3.95732,5.99542,3.8277,5.73235,4.65105,13.9662,4.63363,14.0585,4.6701,13.6661
3.78029,5.63698,3.96297,5.99854,3.83312,5.74252,4.66102,13.919,4.6434,14.0152,4.67982,13.5779
3.7856,5.6362,3.96859,6.0017,3.83851,5.75267,4.67099,13.8679,4.65321,13.9733,4.6896,13.4907
3.79092,5.63605,3.97416,6.00165,3.84389,5.76371,4.68097,13.8197,4.66306,13.9201,4.69942,13.4071
3.79623,5.63704,3.97972,6.00411,3.84926,5.77655,4.69095,13.7641,4.67292,13.8625,4.70927,13.3183
3.80153,5.63817,3.98526,6.00401,3.85461,5.78988,4.70094,13.6883,4.68281,13.7753,4.71915,13.2333
3.80682,5.64133,3.99104,6.00658,3.85994,5.80633,4.71093,13.5987,4.69273,13.6934,4.72906,13.1464
3.81209,5.64419,3.99679,6.00806,3.86526,5.81934,4.72092,13.5139,4.70266,13.6094,4.73897,13.0609
3.81735,5.64892,4.00253,6.00933,3.87056,5.83268,4.73091,13.4267,4.7126,13.528,4.74846,12.9781
3.8226,5.65517,4.00821,6.01109,3.87586,5.85041,4.74091,13.3431,4.72211,13.4445,4.75805,12.8839
3.82785,5.66311,4.01389,6.01197,3.88114,5.87218,4.75046,13.2579,4.73172,13.3602,4.76772,12.8007
3.83309,5.67224,4.01954,6.01274,3.88639,5.88837,4.76011,13.1754,4.74141,13.2847,4.77745,12.7148
3.83832,5.68288,4.02519,6.01417,3.89164,5.90285,4.76982,13.0837,4.75116,13.1951,4.78724,12.6321
3.84356,5.69511,4.03083,6.01674,3.89688,5.91862,4.77959,13.0012,4.76096,13.1125,4.79707,12.5478
3.8488,5.70687,4.03645,6.01645,3.90212,5.93622,4.78941,12.9139,4.77076,13.034,4.80693,12.4635
3.85402,5.72073,4.04204,6.01725,3.90733,5.95274,4.79925,12.8325,4.7806,12.9492,4.81682,12.3748
3.85924,5.73882,4.04763,6.01231,3.91254,5.97316,4.80912,12.7459,4.79046,12.8676,4.82673,12.2879
3.86443,5.75095,4.05319,6.01844,3.91773,5.99043,4.81901,12.6594,4.80035,12.7812,4.83666,12.2018
3.86988,5.7664,4.05875,6.02155,3.92292,5.99673,4.82893,12.5698,4.81026,12.6959,4.8466,12.1261
3.87527,5.78569,4.06431,6.02311,3.9281,6.00971,4.83886,12.4882,4.82018,12.6122,4.85656,12.0498
3.88063,5.80741,4.06985,6.02431,3.93328,6.01623,4.84881,12.4116,4.83013,12.539,4.86652,11.9767
3.88596,5.82408,4.07536,6.02693,3.93844,6.02069,4.85876,12.3375,4.84008,12.4636,4.87649,11.9024
3.89129,5.84049,4.08087,6.0272,3.9436,6.02519,4.86873,12.2619,4.85004,12.3912,4.88647,11.8306
3.8966,5.85824,4.08638,6.02942,3.94874,6.03004,4.8787,12.1891,4.86001,12.3178,4.89645,11.7571
3.90217,5.87371,4.09189,6.03101,3.95389,6.03244,4.88868,12.1148,4.86999,12.247,4.90582,11.6853
3.90773,5.89248,4.0974,6.0337,3.95902,6.03559,4.89866,12.0426,4.87997,12.1749,4.91531,11.6135
3.91354,5.91524,4.10315,6.03735,3.96416,6.03865,4.90865,11.9692,4.88995,12.1049,4.92486,11.545
3.91927,5.93446,4.10887,6.03692,3.96929,6.03981,4.91802,11.8972,4.89994,12.033,4.9345,11.4756
3.92498,5.94269,4.11482,6.0401,3.97442,6.04285,4.92752,11.8253,4.90993,11.9636,4.94421,11.4095
3.93062,5.95602,4.12073,6.04185,3.97955,6.04353,4.93711,11.7569,4.9193,11.8921,4.95395,11.3414
3.93626,5.96485,4.12685,6.04701,3.98494,6.04469,4.94679,11.6875,4.92875,11.8244,4.96375,11.2745
3.94187,5.96858,4.13293,6.04762,3.99031,6.04728,4.95652,11.6213,4.93831,11.7557,4.97357,11.2109
3.94748,5.97401,4.13922,6.05101,3.99594,6.05012,4.96631,11.5549,4.94796,11.6902,4.98342,11.1507
3.95309,5.97821,4.14544,6.05378,4.00153,6.05115,4.97615,11.4924,4.95767,11.6242,4.9933,11.0943
3.9587,5.9833,4.15212,6.0587,4.0071,6.05332,4.98601,11.4309,4.96744,11.5581,5.00321,11.0434
3.96431,5.98581,4.15871,6.06012,4.01264,6.0556,4.9959,11.3732,4.97726,11.4962,5.01312,10.9957
3.97016,5.98885,4.16549,6.06384,4.01842,6.05689,5.00581,11.3188,4.98707,11.4384,5.02306,10.9534
3.97601,5.99127,4.17219,6.06957,4.02416,6.05847,5.01574,11.2694,4.99692,11.3833,5.033,10.9135
3.98186,5.99564,4.17906,6.07195,4.03014,6.05503,5.02569,11.2234,5.0068,11.3332,5.04296,10.8844
3.9877,5.99787,4.18593,6.0757,4.03611,6.05964,5.03564,11.1821,5.01671,11.2862,5.05292,10.8623
3.99355,6.00053,4.19298,6.08138,4.04256,6.06469,5.0456,11.147,5.02663,11.2445,5.0629,10.8475
3.9994,6.00452,4.20002,6.08457,4.04895,6.06079,5.05557,11.1217,5.03657,11.2054,5.07287,10.8363
4.00547,6.00852,4.20723,6.08919,4.05552,6.06895,5.06555,11.1034,5.04652,11.1776,5.08285,10.8318
4.01155,6.01025,4.21443,6.09498,4.06197,6.07227,5.07553,11.0906,5.05648,11.1562,5.09239,10.8312
4.01762,6.01362,4.22178,6.09846,4.0686,6.06612,5.08552,11.0853,5.06644,11.1407,5.10154,10.8283
4.02369,6.01767,4.22914,6.1035,4.07509,6.07246,5.0955,11.0876,5.07641,11.1317,5.11085,10.8421
4.02972,6.01938,4.23681,6.11054,4.082,6.08255,5.10379,11.0838,5.08638,11.1283,5.12024,10.8603
4.03565,6.02271,4.24447,6.11415,4.08873,6.08389,5.11242,11.084,5.09636,11.1268,5.12971,10.8725
4.04154,6.02563,4.25227,6.12012,4.09611,6.08133,5.1212,11.0947,5.10634,11.1249,5.13918,10.8997
4.04765,6.0298,4.25993,6.12774,4.10328,6.08936,5.13022,11.1167,5.11632,11.1403,5.14825,10.9305
4.05371,6.0321,4.26772,6.13151,4.11078,6.09615,5.13936,11.1395,5.1263,11.1599,5.15683,10.9555
4.05999,6.03815,4.27551,6.13734,4.11817,6.0983,5.14814,11.1584,5.13629,11.1826,5.16568,10.9956
4.0662,6.03927,4.28342,6.14605,4.12535,6.10282,5.15645,11.1871,5.14628,11.2018,5.17467,11.0262
4.07262,6.04347,4.29119,6.15055,4.13253,6.1083,5.16496,11.224,5.15565,11.2319,5.18378,11.0562
4.07897,6.04896,4.29909,6.15975,4.13986,6.11063,5.17377,11.2445,5.1651,11.2749,5.19299,11.0998
4.08533,6.05063,4.30698,6.16594,4.14719,6.11582,5.1828,11.2821,5.17461,11.2965,5.20184,11.1343
4.09188,6.05369,4.31488,6.17461,4.15466,6.12176,5.19195,11.3146,5.18422,11.337,5.21082,11.1824
4.09862,6.06106,4.32288,6.1842,4.16214,6.1247,5.2012,11.3542,5.1939,11.3653,5.21993,11.2203
4.10535,6.06292,4.33113,6.19089,4.16991,6.13017,5.21054,11.3918,5.20365,11.4133,5.2292,11.2719
4.11209,6.06695,4.33958,6.20132,4.17756,6.13709,5.22001,11.4367,5.21343,11.445,5.23811,11.3201
4.11875,6.07421,4.34803,6.20839,4.18533,6.14063,5.22954,11.48,5.22325,11.499,5.24714,11.365
4.12558,6.07681,4.35666,6.219,4.1931,6.14644,5.2391,11.5289,5.23308,11.5382,5.25629,11.4218
4.13242,6.08094,4.3653,6.22636,4.20099,6.15371,5.2487,11.577,5.24249,11.596,5.26554,11.4739
4.13943,6.08909,4.37409,6.23705,4.20889,6.15814,5.25839,11.63,5.25193,11.6407,5.27479,11.5308
4.14644,6.09178,4.38289,6.24474,4.21689,6.16437,5.26811,11.6821,5.26148,11.7,5.28419,11.5857
4.15361,6.09681,4.39182,6.25557,4.2249,6.17235,5.27789,11.7385,5.27108,11.7478,5.29365,11.6452
4.16078,6.10563,4.40076,6.26331,4.23301,6.17673,5.28769,11.7943,5.28073,11.8111,5.30198,11.7034
4.16795,6.10897,4.40982,6.27427,4.24098,6.18322,5.29753,11.8536,5.29045,11.8637,5.31051,11.7619
4.17512,6.11404,4.41888,6.28185,4.24906,6.19194,5.30739,11.9118,5.30022,11.9289,5.31873,11.818
4.18229,6.12337,4.42806,6.29313,4.25714,6.19684,5.31553,11.9714,5.31004,11.9837,5.32704,11.8758
4.18946,6.12693,4.43723,6.3003,4.26545,6.20352,5.32339,12.03,5.31989,12.0486,5.33556,11.9319
4.19678,6.13296,4.4464,6.31002,4.27375,6.21217,5.33151,12.0871,5.32975,12.1063,5.34425,11.9895
4.2041,6.14201,4.45558,6.32049,4.28215,6.21749,5.33985,12.1453,5.33964,12.1719,5.35309,12.0461
4.21143,6.14667,4.46485,6.32834,4.29055,6.22559,5.34851,12.2027,5.34955,12.2307,5.36207,12.1024
4.2189,6.15261,4.47412,6.33933,4.29903,6.23511,5.35685,12.2619,5.35947,12.296,5.37125,12.1585
4.2265,6.16211,4.48343,6.34724,4.30735,6.24239,5.36539,12.3176,5.3694,12.3549,5.38053,12.2123
4.23411,6.16647,4.49278,6.3584,4.31587,6.25315,5.3741,12.3748,5.37934,12.4179,5.38995,12.2655
4.24184,6.17388,4.50212,6.36636,4.32447,6.26058,5.38297,12.429,5.38929,12.4765,5.39948,12.3206
4.24958,6.18274,4.51151,6.37755,4.33324,6.27184,5.39189,12.4863,5.39924,12.5398,5.40904,12.3715
4.25743,6.18836,4.52089,6.38574,4.342,6.27933,5.40095,12.5404,5.40921,12.6051,5.41864,12.4237
4.26541,6.19558,4.53035,6.39687,4.35092,6.29046,5.41018,12.5912,5.41918,12.6511,5.4283,12.4706
4.27338,6.20481,4.5398,6.40526,4.35983,6.29842,5.41957,12.6425,5.42915,12.7048,5.438,12.5211
4.28146,6.2104,4.54932,6.4162,4.36887,6.30964,5.42907,12.6877,5.43913,12.7628,5.44775,12.5619
4.28965,6.21853,4.55884,6.42419,4.37772,6.31746,5.43868,12.7385,5.4491,12.811,5.45754,12.6144
4.29793,6.2291,4.56842,6.43523,4.3867,6.32852,5.44836,12.7783,5.45909,12.8619,5.46735,12.6487
4.30631,6.23631,4.57802,6.44387,4.39569,6.33621,5.45807,12.826,5.46907,12.9098,5.47719,12.6869
4.31477,6.24614,4.58764,6.45493,4.4048,6.34745,5.46785,12.8684,5.47906,12.9563,5.48706,12.728
4.32332,6.25661,4.59728,6.46334,4.41391,6.35487,5.47766,12.9113,5.48905,12.9932,5.49695,12.7581
4.33204,6.26486,4.60694,6.47422,4.42301,6.36507,5.48752,12.9433,5.49904,13.0328,5.50686,12.7808
4.34076,6.27598,4.61662,6.48239,4.43212,6.37502,5.4974,12.9771,5.50903,13.0673,5.51679,12.8144
4.34955,6.28437,4.62632,6.49332,4.44133,6.38324,5.50729,13.0069,5.51902,13.1003,5.52673,12.8416
4.3584,6.2954,4.63601,6.501,4.45054,6.39382,5.51721,13.0367,5.52902,13.1336,5.53669,12.8674
4.36732,6.30408,4.64573,6.5117,4.45985,6.40217,5.52714,13.0639,5.53901,13.1627,5.54665,12.8798
4.37624,6.31505,4.65544,6.51922,4.46915,6.41282,5.53708,13.0922,5.54901,13.1948,5.55662,12.9004
4.38521,6.32352,4.66517,6.52988,4.47854,6.42117,5.54703,13.1109,5.55901,13.2193,5.5666,12.9063
4.39419,6.33474,4.67449,6.53715,4.48793,6.43187,5.55699,13.1323,5.569,13.2475,5.57658,12.9203
4.40322,6.34297,4.68343,6.54763,4.49739,6.4402,5.56696,13.1418,5.579,13.2615,5.58656,12.9339
4.4123,6.35401,4.69145,6.55407,4.50688,6.45094,5.57693,13.1525,5.589,13.2823,5.59654,12.9458
4.42138,6.36214,4.69958,6.56309,4.51643,6.45969,5.58691,13.1697,5.599,13.2919,5.60653,12.9512
4.43051,6.37328,4.70635,6.57241,4.52597,6.47003,5.59689,13.178,5.609,13.3137,5.61652,12.9592
4.43965,6.38137,4.71285,6.57891,4.53558,6.47836,5.60687,13.1873,5.619,13.3185,5.6265,12.9526
4.44883,6.3925,4.71922,6.58661,4.5452,6.48857,5.61686,13.1988,5.629,13.3269,5.63606,12.9519
4.458,6.40057,4.72524,6.59725,4.55484,6.49629,5.62685,13.1947,5.63899,13.327,5.6457,12.9319
4.46718,6.41157,4.73173,6.60342,4.56451,6.50607,5.63684,13.1941,5.64899,13.3201,5.65541,12.9132
4.47636,6.41962,4.73891,6.61131,4.57419,6.51415,5.64684,13.1805,5.65899,13.2991,5.66518,12.8863
4.48559,6.43057,4.74642,6.62139,4.58389,6.52395,5.65683,13.1565,5.66899,13.28,5.67497,12.856
4.49481,6.43857,4.75292,6.62814,4.59362,6.53151,5.66683,13.1321,5.67899,13.2474,5.68481,12.8178
4.50408,6.44945,4.75914,6.63763,4.60337,6.54084,5.67683,13.0966,5.68899,13.2156,5.69468,12.7825
4.51334,6.45758,4.76613,6.64327,4.61315,6.5482,5.68682,13.0595,5.69899,13.1752,5.70457,12.7368
4.52265,6.46823,4.77293,6.65068,4.62294,6.55685,5.69682,13.0203,5.70899,13.1329,5.71448,12.6929
4.53199,6.47655,4.77915,6.65863,4.63274,6.56405,5.70682,12.9744,5.71899,13.0879,5.72441,12.6458
4.54137,6.48707,4.78537,6.66206,4.64213,6.57142,5.71682,12.9269,5.72899,13.041,5.73435,12.5984
4.55078,6.49507,4.79159,6.67049,4.64918,6.57945,5.72682,12.8784,5.73899,12.9882,5.7443,12.5453
4.56019,6.50495,4.79781,6.67782,4.65606,6.58422,5.73681,12.8273,5.74899,12.9361,5.75426,12.497
4.56964,6.51317,4.80363,6.68178,4.66193,6.59048,5.74681,12.7732,5.75899,12.8841,5.76423,12.4433
4.57911,6.52293,4.80968,6.68894,4.66772,6.59925,5.75681,12.7211,5.76899,12.8297,5.77377,12.3926
4.58861,6.53134,4.81594,6.69677,4.67308,6.60381,5.76681,12.6643,5.77899,12.7723,5.78291,12.3377
4.59812,6.53993,4.82241,6.70057,4.67934,6.60948,5.77638,12.6105,5.78899,12.7186,5.79222,12.2835
4.60765,6.54996,4.82929,6.70905,4.68519,6.61741,5.78596,12.5531,5.79899,12.6482,5.80166,12.2161
4.61717,6.55648,4.83634,6.71148,4.69126,6.62296,5.7956,12.4894,5.80899,12.58,5.81113,12.1527
4.62673,6.56699,4.84287,6.72056,4.69725,6.62865,5.80531,12.4201,5.81899,12.5093,5.82071,12.0865
4.63628,6.57287,4.8489,6.71838,4.70314,6.63642,5.81507,12.351,5.82899,12.4389,5.83034,12.0231
4.64586,6.58183,4.85454,6.72287,4.70984,6.64221,5.82485,12.2789,5.83899,12.3671,5.84001,11.9581
4.65544,6.58873,4.86012,6.73442,4.71654,6.64855,5.83467,12.2096,5.84899,12.2956,5.84974,11.8958
4.66334,6.59819,4.86563,6.73972,4.72309,6.65579,5.84452,12.1391,5.85899,12.2224,5.85951,11.8307
4.67098,6.60347,4.87114,6.73683,4.7295,6.66002,5.85441,12.0691,5.86899,12.1483,5.8693,11.7662
4.67875,6.61207,4.87649,6.74856,4.73611,6.66711,5.86431,11.9982,5.87899,12.0738,5.87912,11.7045
4.68448,6.61901,4.88172,6.75278,4.74258,6.67395,5.87423,11.9286,5.88899,12.0048,5.88896,11.6466
4.68996,6.62493,4.88606,6.74952,4.74857,6.67651,5.88416,11.8606,5.89899,11.9354,5.89883,11.5859
4.69569,6.6322,4.89106,6.7603,4.75477,6.68234,5.89409,11.7941,5.90899,11.8645,5.90871,11.5269
4.70126,6.63923,4.89606,6.76932,4.76088,6.68829,5.90403,11.7275,5.91876,11.797,5.918,11.4745
4.70667,6.64603,4.90106,6.77723,4.76688,6.69057,5.91399,11.6639,5.92855,11.7338,5.92732,11.4235
4.71189,6.65227,4.90606,6.77876,4.7731,6.69639,5.92395,11.6053,5.93837,11.6693,5.93359,11.3803
4.717,6.66007,4.91106,6.78913,4.77879,6.70102,5.93348,11.5484,5.94823,11.6082,5.93975,11.3381
4.72212,6.66766,4.91633,6.79629,4.78441,6.70164,5.9431,11.4938,5.95733,11.5512,5.94577,11.2998
4.72718,6.67293,4.92156,6.80486,4.79003,6.70622,5.95276,11.4415,5.96654,11.4963,5.95157,11.2623
4.73224,6.6804,4.92678,6.81031,4.7956,6.71057,5.96245,11.392,5.97434,11.4465,5.95738,11.2281
4.73729,6.68741,4.93198,6.81532,4.80141,6.70978,5.97213,11.3443,5.9819,11.3989,5.96311,11.1954
4.74232,6.6926,4.93716,6.8195,4.80715,6.71321,5.98183,11.299,5.98975,11.3544,5.96884,11.1648
4.74734,6.69806,4.94261,6.82303,4.8128,6.70948,5.99157,11.2559,5.99785,11.3116,5.97454,11.136
4.75236,6.70629,4.9483,6.83341,4.81896,6.71395,6.00134,11.2144,6.00617,11.2709,5.98018,11.1088
4.75797,6.71199,4.95422,6.72364,4.82512,6.72161,6.01113,11.1818,6.01398,11.2346,5.98576,11.0823
4.76353,6.71609,4.95967,6.76385,4.83203,6.71905,6.02097,11.1448,6.02223,11.2004,5.9912,11.0585
4.76903,6.7238,4.96508,6.79042,4.83877,6.72194,6.03083,11.1105,6.03083,11.1685,5.99658,11.0326
4.77454,6.72814,4.97046,6.80352,4.84525,6.73198,6.04071,11.0777,6.03971,11.134,6.00191,11.011
4.77988,6.73215,4.97574,6.81738,4.85214,6.72237,6.0506,11.0441,6.0488,11.0999,6.00714,10.9888
4.78547,6.73822,4.98101,6.83136,4.8594,6.71821,6.06051,11.0123,6.05686,11.0691,6.01232,10.9668
4.79106,6.74217,4.98625,6.84909,4.8663,6.72266,6.07044,10.9665,6.06397,11.0381,6.01745,10.9475
4.79661,6.74457,4.99149,6.85967,4.87321,6.7231,6.07856,10.9256,6.07142,10.9976,6.02257,10.9293
4.80212,6.75035,4.99664,6.87011,4.88029,6.71494,6.08595,10.8891,6.07917,10.9577,6.02764,10.9126
4.80764,6.75301,5.00273,6.88585,4.88795,6.71316,6.09365,10.8525,6.08536,10.9251,6.0327,10.8966
4.81315,6.75011,5.00958,6.90264,4.89451,6.7101,6.10111,10.8182,6.09156,10.8937,6.03775,10.8828
4.81891,6.75821,5.01681,6.91017,4.90094,6.70949,6.10846,10.7863,6.09796,10.8627,6.04279,10.8704
4.8255,6.76482,5.02369,6.9252,4.90729,6.70519,6.11538,10.7564,6.10508,10.8305,6.04782,10.8589
4.83209,6.76222,5.03041,6.93911,4.91354,6.70063,6.12213,10.7283,6.1121,10.8,6.05284,10.8483
4.83843,6.76909,5.03697,6.95451,4.91978,6.70519,6.12856,10.7026,6.11833,10.7728,6.05787,10.8389
4.84435,6.77133,5.04354,6.96275,4.92622,6.71006,6.13541,10.6763,6.12456,10.747,6.06288,10.8286
4.8502,6.7735,5.0496,6.9716,4.93286,6.70336,6.14158,10.6531,6.13152,10.7192,6.0679,10.8115
4.85604,6.77662,5.05556,6.9789,4.93968,6.70307,6.14746,10.6314,6.1384,10.6929,6.07291,10.7952
4.86151,6.77433,5.06148,6.99199,4.94667,6.70897,6.15309,10.6121,6.14511,10.6682,6.07791,10.7795
4.86608,6.77378,5.06719,6.9991,4.95382,6.70085,6.15847,10.593,6.152,10.643,6.08292,10.7646
4.87024,6.77642,5.07266,7.0081,4.96113,6.70202,6.16384,10.5754,6.15906,10.618,6.08792,10.7502
4.87524,6.77779,5.0781,7.01598,4.96824,6.70227,6.17011,10.5558,6.16612,10.5939,6.09293,10.7364
4.88024,6.77346,5.0835,7.02472,4.97534,6.69783,6.17682,10.5356,6.17375,10.5692,6.09793,10.7235
4.88524,6.7757,5.08869,7.02936,4.98226,6.69522,6.18418,10.5143,6.18184,10.5441,6.10293,10.7108
4.89024,6.782,5.09387,7.03952,4.98803,6.70127,6.19206,10.4917,6.19031,10.5186,6.10794,10.6986
4.89524,6.77989,5.09898,7.04434,4.99353,6.69479,6.20036,10.4689,6.19907,10.493,6.11294,10.6868
4.90024,6.77869,5.10435,7.04708,4.99895,6.69702,6.20899,10.4455,6.20809,10.4675,6.11794,10.6755
4.90524,6.77751,5.10973,7.05322,5.00462,6.70449,6.21788,10.4222,6.21729,10.4422,6.12294,10.6646
4.91024,6.78219,5.11536,7.05568,5.01018,6.70409,6.227,10.3984,6.22666,10.4167,6.12794,10.6539
4.91524,6.79134,5.12122,7.05352,5.01553,6.70814,6.23629,10.3747,6.23615,10.3918,6.13294,10.6439
4.92024,6.78692,5.1273,7.05408,5.02113,6.72064,6.24572,10.3517,6.24574,10.3671,6.13794,10.6341
4.92524,6.78854,5.1333,7.05188,5.02654,6.72163,6.25526,10.3284,6.25541,10.3428,6.14294,10.6245
4.93024,6.79528,5.13881,7.04407,5.03194,6.72833,6.2649,10.2838,6.26515,10.2963,6.14794,10.6152
4.93524,6.79893,5.14431,7.04118,5.03725,6.73961,6.2746,10.237,6.27495,10.248,6.15294,10.6055
4.94024,6.79799,5.14972,7.03229,5.04255,6.7411,6.28437,10.1896,6.28478,10.1994,6.15892,10.5933
4.94551,6.7996,5.15537,7.0262,5.04782,6.74884,6.29274,10.1507,6.29461,10.1528,6.16568,10.5788
4.95076,6.80199,5.16153,7.01476,5.05303,6.75917,6.3004,10.1197,6.30446,10.1085,6.17307,10.563
4.95595,6.80375,5.1679,6.99815,5.05822,6.76783,6.30852,10.0852,6.31434,10.0595,6.18098,10.5457
4.96108,6.80458,5.17377,6.97567,5.06339,6.76879,6.31701,10.0485,6.32425,10.0118,6.18929,10.5265
4.9662,6.8094,5.17953,6.94929,5.0695,6.77652,6.32579,10.0078,6.33417,9.96383,6.19793,10.5053
4.97191,6.81498,5.18493,6.92163,5.07552,6.78618,6.33481,9.96643,6.34411,9.91693,6.20684,10.4834
4.97812,6.82421,5.19025,6.89063,5.08149,6.7908,6.34402,9.92359,6.35406,9.86944,6.21596,10.4612
4.98422,6.83153,5.19538,6.85872,5.08737,6.79451,6.35339,9.88044,6.36402,9.82256,6.22525,10.4392
4.99027,6.83823,5.20078,6.82347,5.09318,6.80344,6.36287,9.83631,6.37399,9.77175,6.23469,10.4168
4.99654,6.84571,5.20707,6.79042,5.09892,6.80697,6.37246,9.78865,6.38396,9.7292,6.24423,10.3947
5.0027,6.85778,5.21357,6.7491,5.10433,6.80923,6.38213,9.73611,6.39394,9.67758,6.25387,10.3724
5.0088,6.86138,5.22074,6.70891,5.10971,6.8139,6.39187,9.68789,6.40369,9.63476,6.26358,10.3315
5.01481,6.8718,5.22782,6.66124,5.11508,6.81648,6.40165,9.63275,6.41347,9.57308,6.27334,10.2857
5.02072,6.88181,5.23547,6.61471,5.12071,6.81621,6.41146,9.57874,6.42327,9.51965,6.28316,10.238
5.02584,6.88664,5.2434,6.56195,5.12634,6.81874,6.42131,9.51782,6.43311,9.45551,6.29301,10.1897
5.03008,6.89285,5.25173,6.51147,5.1318,6.81464,6.43119,9.45185,6.44297,9.39362,6.30289,10.1398
5.03508,6.90091,5.26025,6.45276,5.13712,6.81122,6.44108,9.39458,6.45286,9.33047,6.31279,10.0883
5.04008,6.90847,5.26907,6.39292,5.14269,6.80842,6.45099,9.34179,6.46276,9.2801,6.32272,10.0395
5.04508,6.91314,5.27802,6.32737,5.14823,6.80221,6.46092,9.29797,6.47244,9.2339,6.33051,9.99948
5.05008,6.92064,5.2871,6.2567,5.15281,6.79449,6.47061,9.25252,6.48154,9.19439,6.33857,9.96623
5.05508,6.9288,5.29636,6.18503,5.15781,6.78744,6.47973,9.21304,6.49081,9.15299,6.347,9.9269
5.06008,6.93602,5.30571,6.11135,5.16281,6.77493,6.48902,9.1713,6.50017,9.11583,6.35563,9.88063
5.06508,6.94191,5.31518,6.0373,5.16781,6.76026,6.4984,9.14503,6.50966,9.08895,6.36451,9.83394
5.07008,6.94556,5.32472,5.96445,5.17281,6.74672,6.5079,9.12222,6.5192,9.07212,6.37354,9.77732
5.07508,6.9487,5.33431,5.89217,5.17881,6.72689,6.51746,9.10704,6.52884,9.05629,6.38267,9.72789
5.08008,6.95294,5.34394,5.82038,5.18472,6.7025,6.5271,9.09061,6.53826,9.03888,6.39198,9.6775
5.08508,6.95669,5.35207,5.74639,5.19055,6.67201,6.53653,9.04021,6.54779,8.96305,6.40142,9.61275
5.09008,6.95794,5.36042,5.67199,5.19688,6.63828,6.54607,8.95645,6.55738,8.94221,6.41097,9.55817
5.09508,6.96181,5.36861,5.60116,5.20275,6.60237,6.55571,9.07297,6.56702,9.07161,6.42057,9.49628
5.10008,6.95949,5.3769,5.53349,5.20826,6.56712,6.56541,9.16739,6.57668,9.16212,6.43022,9.42392
5.10508,6.95456,5.38529,5.47459,5.21401,6.52513,6.57515,9.24156,6.5864,9.22396,6.43991,9.37133
5.11008,6.95236,5.39367,5.41425,5.22027,6.48093,6.58494,9.29148,6.59616,9.27355,6.44966,9.31763
5.11508,6.94524,5.40176,5.36592,5.22611,6.43144,6.59477,9.33591,6.60592,9.31472,6.45946,9.27601
5.12008,6.94448,5.40958,5.31765,5.23164,6.38283,6.60464,9.37205,6.61573,9.34725,6.46927,9.2277
5.12508,6.9321,5.41715,5.27583,5.23712,6.33049,6.61453,9.40053,6.62556,9.38989,6.47808,9.19369
5.13008,6.9256,5.42486,5.25706,5.24255,6.27972,6.62443,9.43499,6.6354,9.39208,6.48711,9.15298
5.13508,6.91789,5.43256,5.26116,5.24853,6.2242,6.63435,9.43567,6.64527,9.40104,6.49634,9.13147
5.14008,6.90165,5.44014,5.2636,5.25498,6.16864,6.64429,9.45578,6.65516,9.41885,6.50572,9.10663
5.14508,6.88403,5.44785,5.26922,5.26185,6.10114,6.65424,9.44334,6.66507,9.40092,6.51521,9.08979
5.15008,6.86544,5.45568,5.28326,5.26909,6.03291,6.6642,9.44598,6.67498,9.3874,6.52481,9.0656
5.15535,6.83934,5.46338,5.2959,5.27648,5.96329,6.67416,9.42094,6.6849,9.38122,6.53448,8.98823
5.16062,6.81528,5.47121,5.31035,5.28417,5.89632,6.68412,9.41153,6.69484,9.35136,6.54422,8.91751
5.16548,6.78848,5.47904,5.33347,5.29232,5.8265,6.6941,9.37766,6.70478,9.3256,6.55401,9.0305
5.17048,6.75413,5.48673,5.37229,5.30068,5.75552,6.70407,9.34564,6.71474,9.27744,6.56384,9.09493
5.17546,6.7239,5.49455,5.41543,5.30937,5.68616,6.71405,9.29368,6.72469,9.23774,6.57371,9.159
5.18046,6.68897,5.50224,5.45935,5.31812,5.61773,6.72403,9.25004,6.73466,9.16836,6.5836,9.19442
5.18546,6.65371,5.50993,5.50117,5.32703,5.54988,6.73402,9.17763,6.74462,9.11624,6.5935,9.23075
5.19046,6.60944,5.51761,5.53933,5.33559,5.47842,6.744,9.12248,6.7546,9.03563,6.60341,9.22364
5.19546,6.56726,5.52518,5.58182,5.34432,5.41179,6.75399,9.03951,6.76458,8.97391,6.61334,9.24578
5.20046,6.52277,5.53274,5.5991,5.35288,5.3427,6.76398,8.97541,6.77456,8.8906,6.62327,9.22113
5.20546,6.47564,5.5403,5.59674,5.36161,5.27704,6.77397,8.88976,6.78455,8.82234,6.63321,9.22746
5.21105,6.43058,5.54775,5.55297,5.37001,5.20922,6.78397,8.81997,6.79453,8.73263,6.64316,9.19044
5.21635,6.3798,5.55508,5.52209,5.3785,5.147,6.79396,8.7283,6.80452,8.65486,6.65312,9.18531
5.22162,6.3276,5.56241,5.49552,5.38669,5.09885,6.80396,8.64956,6.81452,8.55798,6.66308,9.1267
5.22683,6.27033,5.56963,5.4749,5.39497,5.07636,6.81396,8.55135,6.82451,8.47494,6.67305,9.10482
5.232,6.21548,5.57685,5.45559,5.40265,5.06666,6.82395,8.46732,6.83451,8.37187,6.68303,9.03651
5.23712,6.14697,5.58407,5.43483,5.4101,5.07204,6.83395,8.36329,6.8445,8.27923,6.69301,9.00268
5.24282,6.08503,5.59129,5.41908,5.41743,5.08539,6.84395,8.26891,6.8545,8.17477,6.70299,8.92709
5.24875,6.01823,5.59852,5.39255,5.42456,5.10188,6.85395,8.16338,6.8645,8.07201,6.71298,8.882
5.25516,5.95541,5.60574,5.3673,5.4317,5.12113,6.86395,8.06109,6.87449,7.96223,6.72297,8.7999
5.26176,5.89039,5.61276,5.42542,5.43873,5.13993,6.87395,7.94473,6.88449,7.86118,6.73296,8.74102
5.26855,5.82698,5.61979,5.49879,5.44592,5.15793,6.88394,7.84241,6.89449,7.75244,6.74295,8.65562
5.27533,5.7643,5.62664,5.55085,5.45326,5.1786,6.89394,7.73259,6.90449,7.64552,6.75294,8.59157
5.2825,5.70206,5.63333,5.59408,5.4604,5.22239,6.90394,7.62462,6.91405,7.53165,6.76293,8.50286
5.28982,5.63664,5.63995,5.62846,5.46736,5.27212,6.91371,7.50996,6.9237,7.41958,6.77293,8.43389
5.29745,5.57336,5.64674,5.65624,5.47431,5.32418,6.92349,7.39569,6.93342,7.30116,6.78293,8.34475
5.30522,5.50923,5.65353,5.68216,5.48126,5.37456,6.93329,7.27625,6.9432,7.17889,6.79292,8.27218
5.3131,5.45025,5.66033,5.7045,5.48812,5.41509,6.94314,7.15284,6.95302,7.04342,6.80292,8.1828
5.32085,5.38938,5.6673,5.7236,5.49516,5.46416,6.95301,7.01621,6.96287,6.89414,6.81292,8.10589
5.32887,5.3262,5.67409,5.74177,5.50209,5.46892,6.96291,6.86579,6.97276,6.73796,6.82292,8.01061
5.33674,5.2573,5.68089,5.75802,5.50894,5.46592,6.97283,6.70963,6.98266,6.57042,6.83291,7.93004
5.34462,5.19211,5.68786,5.77332,5.51596,5.42932,6.98277,6.54174,6.99259,6.39184,6.84291,7.83355
5.35089,5.12725,5.69483,5.78626,5.52298,5.40176,6.99271,6.36559,7,6.19224,6.85291,7.74478
5.35711,5.07252,5.7018,5.79916,5.52999,5.3737,7,6.17578,,,6.86291,7.64903
5.36321,5.05019,5.70893,5.81154,5.53701,5.35898,,,,,6.87291,7.56401
5.36923,5.05767,5.71588,5.82264,5.54403,5.33923,,,,,6.88291,7.46867
5.37511,5.07738,5.72283,5.83289,5.55105,5.31583,,,,,6.89291,7.37866
5.38096,5.1097,5.72994,5.84443,5.55807,5.2938,,,,,6.90291,7.27786
5.38673,5.14063,5.73706,5.85308,5.56508,5.31394,,,,,6.91017,7.19704
5.39244,5.17102,5.74417,5.86126,5.5721,5.40229,,,,,6.91796,7.106
5.39808,5.19365,5.75128,5.8684,5.57912,5.46529,,,,,6.9262,7.01578
5.40372,5.24614,5.75855,5.8801,5.58614,5.51662,,,,,6.93478,6.91648
5.40934,5.29697,5.76547,5.88694,5.59316,5.55613,,,,,6.94364,6.81712
5.41495,5.34309,5.77255,5.89253,5.60017,5.59426,,,,,6.95217,6.6981
5.42057,5.39067,5.77896,5.90319,5.60719,5.62521,,,,,6.96099,6.57405
5.42642,5.43789,5.78536,5.91275,5.61437,5.65389,,,,,6.97005,6.43798
5.43223,5.48317,5.79177,5.91614,5.62155,5.67947,,,,,6.97929,6.29732
5.43804,5.47973,5.79837,5.92044,5.62873,5.70375,,,,,6.98869,6.14482
5.44408,5.45695,5.80515,5.92812,5.63606,5.72706,,,,,6.99821,5.98586
5.45007,5.40398,5.81194,5.92269,5.64328,5.74722,,,,,7,5.83005
5.45601,5.35838,5.81856,5.92777,5.65051,5.76683,,,,,,
5.46195,5.31738,5.82519,5.93404,5.65788,5.78658,,,,,,
5.4679,5.28487,5.83182,5.93491,5.66525,5.80381,,,,,,
5.47384,5.25674,5.83845,5.93209,5.67263,5.82013,,,,,,
5.47978,5.21833,5.84478,5.93919,5.68,5.83631,,,,,,
5.48595,5.17475,5.85131,5.94222,5.68726,5.85324,,,,,,
5.49211,5.26325,5.85784,5.9439,5.69453,5.8671,,,,,,
5.49827,5.35463,5.86423,5.9438,5.70194,5.88331,,,,,,
5.50438,5.41832,5.8705,5.95013,5.70935,5.89689,,,,,,
5.51049,5.4686,5.87617,5.95264,5.71676,5.91067,,,,,,
5.5166,5.50942,5.8818,5.95542,5.72448,5.92538,,,,,,
5.52271,5.54411,5.8874,5.95845,5.73207,5.93948,,,,,,
5.52882,5.57422,5.89295,5.9604,5.73966,5.95211,,,,,,
5.53493,5.59832,5.8985,5.96423,5.74725,5.96282,,,,,,
5.54103,5.62076,5.904,5.96839,5.75497,5.97972,,,,,,
5.54705,5.64263,5.90948,5.96465,5.76245,5.99087,,,,,,
5.55306,5.66085,5.9148,5.96957,5.77007,6.00048,,,,,,
5.55907,5.67733,5.92009,5.97439,5.77721,6.01548,,,,,,
5.56504,5.69294,5.92532,5.97781,5.7845,6.02849,,,,,,
5.571,5.70509,5.93053,5.98096,5.79169,6.03667,,,,,,
5.57682,5.72011,5.93571,5.98649,5.79903,6.04635,,,,,,
5.5826,5.73387,5.94087,5.9939,5.80637,6.0595,,,,,,
5.5883,5.74559,5.94603,5.99282,5.81371,6.06178,,,,,,
5.59395,5.7545,5.95116,6.00201,5.82105,6.06828,,,,,,
5.5996,5.76754,5.95655,6.00556,5.82853,6.07905,,,,,,
5.60511,5.77874,5.96182,6.00854,5.8358,6.07662,,,,,,
5.61058,5.79094,5.96706,6.0032,5.84232,6.08608,,,,,,
5.61601,5.80085,5.97231,6.00732,5.84878,6.09822,,,,,,
5.62138,5.81009,5.97752,6.01215,5.85524,6.10504,,,,,,
5.62676,5.8175,5.98267,6.01781,5.86157,6.10957,,,,,,
5.63211,5.82964,5.98781,6.02215,5.86778,6.11856,,,,,,
5.63745,5.84014,5.99293,6.03119,5.8736,6.12361,,,,,,
5.64305,5.84782,5.99804,6.03483,5.87935,6.13418,,,,,,
5.64864,5.86022,6.00314,6.03859,5.88506,6.1343,,,,,,
5.65447,5.87154,6.00822,6.04264,5.89071,6.14251,,,,,,
5.66023,5.8785,6.01429,6.0463,5.89631,6.15055,,,,,,
5.66622,5.89128,6.02026,6.04992,5.90179,6.1584,,,,,,
5.6722,5.90227,6.02671,6.05326,5.90723,6.16678,,,,,,
5.67819,5.90907,6.03304,6.05656,5.91261,6.17371,,,,,,
5.68413,5.92199,6.04008,6.05944,5.91795,6.17932,,,,,,
5.69003,5.93307,6.04622,6.06266,5.92326,6.18545,,,,,,
5.69593,5.93981,6.05226,6.06593,5.92845,6.19787,,,,,,
5.70179,5.95248,6.05821,6.06923,5.93363,6.20451,,,,,,
5.7076,5.96395,6.06438,6.0706,5.9388,6.21075,,,,,,
5.71338,5.97073,6.07003,6.06944,5.94397,6.21592,,,,,,
5.71909,5.98323,6.07561,6.06775,5.94913,6.22215,,,,,,
5.7248,5.99463,6.08206,6.06458,5.95429,6.2282,,,,,,
5.73045,6.00139,6.08871,6.06061,5.95943,6.23352,,,,,,
5.73607,6.01133,6.09412,6.05789,5.96456,6.23952,,,,,,
5.74166,6.02428,6.0994,6.05533,5.96967,6.2515,,,,,,
5.74722,6.0334,6.10524,6.05184,5.97478,6.25531,,,,,,
5.75279,6.04136,6.111,6.04808,5.97988,6.26076,,,,,,
5.7583,6.04991,6.11677,6.04415,5.98491,6.26565,,,,,,
5.76379,6.06283,6.12303,6.03918,5.98995,6.27115,,,,,,
5.76928,6.07218,6.12918,6.03401,5.99597,6.27529,,,,,,
5.77477,6.07989,6.13579,6.02802,6.00166,6.2747,,,,,,
5.78026,6.08892,6.1428,6.02118,6.00636,6.28745,,,,,,
5.7857,6.1002,6.14971,6.01421,6.01136,6.2931,,,,,,
5.79113,6.1087,6.15663,6.00686,6.01636,6.29868,,,,,,
5.79656,6.11617,6.16371,5.99901,6.02136,6.3041,,,,,,
5.80194,6.12048,6.17079,5.99135,6.02636,6.3094,,,,,,
5.80729,6.12842,6.17769,5.98258,6.03136,6.31453,,,,,,
5.81263,6.13688,6.18443,5.97295,6.03636,6.31954,,,,,,
5.81787,6.14218,6.19101,5.96447,6.04195,6.32404,,,,,,
5.82309,6.15234,6.19701,5.95295,6.04749,6.32835,,,,,,
5.82823,6.1505,6.20297,5.94519,6.05293,6.33261,,,,,,
5.83335,6.15944,6.20793,5.93286,6.05469,6.33845,,,,,,
5.83847,6.16544,6.21293,5.92799,6.05969,6.3434,,,,,,
5.84273,6.17019,6.21793,5.92047,6.06567,6.34429,,,,,,
5.84772,6.17707,6.22293,5.92058,6.07138,6.34304,,,,,,
5.85273,6.1863,6.22793,5.91426,6.07759,6.3404,,,,,,
5.8587,6.18938,6.23293,5.90667,6.08316,6.3381,,,,,,
5.86453,6.19642,6.23793,5.89331,6.08581,6.33939,,,,,,
5.87028,6.19799,6.24293,5.88601,6.08665,6.34281,,,,,,
5.876,6.2009,6.24793,5.88121,6.09081,6.34358,,,,,,
5.88165,6.20781,6.2521,5.87424,6.09498,6.34294,,,,,,
5.88725,6.20984,6.2571,5.86823,6.09998,6.34054,,,,,,
5.89309,6.21555,6.2631,5.85333,6.10331,6.34008,,,,,,
5.8986,6.22316,6.26901,5.84813,6.10831,6.33735,,,,,,
5.90403,6.22883,6.27439,5.8277,6.11331,6.33399,,,,,,
5.90944,6.23195,6.27974,5.80868,6.11831,6.33028,,,,,,
5.91481,6.23842,6.28504,5.78808,6.12391,6.32536,,,,,,
5.92013,6.24231,6.2902,5.7737,6.12932,6.31986,,,,,,
5.92543,6.24576,6.29443,5.75761,6.13458,6.31439,,,,,,
5.9306,6.24287,6.29943,5.7387,6.13802,6.31134,,,,,,
5.93576,6.25077,6.30443,5.72068,6.14302,6.30627,,,,,,
5.94088,6.25588,6.30943,5.70872,6.14802,6.30037,,,,,,
5.94598,6.26149,6.31359,5.69297,6.15219,6.29557,,,,,,
5.95109,6.26646,6.31859,5.67376,6.15719,6.28987,,,,,,
5.95618,6.272,6.32359,5.64841,6.16136,6.28457,,,,,,
5.96127,6.27673,6.32859,5.63897,6.16636,6.27793,,,,,,
5.96694,6.27802,6.33359,5.61584,6.17136,6.27075,,,,,,
5.97256,6.28911,6.33859,5.59692,6.17636,6.26274,,,,,,
5.9779,6.2917,6.34359,5.58185,6.18136,6.26082,,,,,,
5.98321,6.29527,6.34859,5.56262,6.18636,6.25356,,,,,,
5.98836,6.28897,6.35276,5.53994,6.19136,6.23814,,,,,,
5.9935,6.29513,6.35776,5.52013,6.19636,6.23124,,,,,,
5.99865,6.29906,6.36276,5.50704,6.20136,6.22718,,,,,,
6.00292,6.30388,6.36776,5.48591,6.20636,6.2157,,,,,,
6.00793,6.30839,6.37276,5.46586,6.21136,6.20243,,,,,,
6.01393,6.31208,6.37803,5.43967,6.21552,6.18998,,,,,,
6.02072,6.315,6.38328,5.42573,6.22052,6.17985,,,,,,
6.02737,6.31771,6.38852,5.40596,6.22552,6.17044,,,,,,
6.03467,6.3198,6.39403,5.37971,6.23052,6.15748,,,,,,
6.04251,6.32127,6.39949,5.35748,6.23552,6.148,,,,,,
6.05078,6.32216,6.40495,5.34554,6.24052,6.14166,,,,,,
6.05939,6.32255,6.41037,5.31739,6.24552,6.12321,,,,,,
6.06679,6.3198,6.41575,5.29345,6.25052,6.10999,,,,,,
6.07341,6.3154,6.41918,5.27843,6.25579,6.09682,,,,,,
6.07989,6.31058,6.42418,5.26436,6.26009,6.08365,,,,,,
6.08706,6.3043,6.42918,5.23287,6.26425,6.0665,,,,,,
6.09438,6.29725,6.43418,5.21376,6.26925,6.05006,,,,,,
6.10185,6.28949,6.43918,5.20253,6.27425,6.02801,,,,,,
6.10931,6.28127,6.44418,5.17002,6.27925,6.01518,,,,,,
6.11708,6.27203,6.44883,5.14959,6.28425,5.98553,,,,,,
6.12511,6.26189,6.453,5.13854,6.28758,5.96733,,,,,,
6.13028,6.25509,6.458,5.1093,6.29258,5.95032,,,,,,
6.13572,6.24839,6.463,5.08804,6.29759,5.93675,,,,,,
6.1417,6.24089,6.468,5.07404,6.30259,5.90818,,,,,,
6.14789,6.23266,6.473,5.04645,6.30758,5.88676,,,,,,
6.15429,6.22402,6.478,5.03365,6.31175,5.86397,,,,,,
6.16088,6.21479,6.483,5.00975,6.31702,5.8449,,,,,,
6.16766,6.20518,6.48717,4.98877,6.32322,5.81179,,,,,,
6.17444,6.19482,6.49217,4.97039,6.32931,5.83732,,,,,,
6.1814,6.18252,6.49717,4.94976,6.33317,5.76304,,,,,,
6.18871,6.17084,6.50217,4.92898,6.33733,5.77217,,,,,,
6.19538,6.15931,6.50717,4.91066,6.34233,5.75127,,,,,,
6.20192,6.15272,6.51217,4.88859,6.34733,5.72471,,,,,,
6.20813,6.13961,6.51633,4.86966,6.35233,5.69983,,,,,,
6.21364,6.1238,6.52133,4.84332,6.35733,5.67795,,,,,,
6.21903,6.11221,6.52633,4.83186,6.36233,5.64703,,,,,,
6.22434,6.10191,6.53133,4.80794,6.36733,5.63041,,,,,,
6.22964,6.09191,6.53633,4.79104,6.3726,5.60108,,,,,,
6.23492,6.08783,6.54133,4.76681,6.37785,5.56749,,,,,,
6.23929,6.07256,6.5466,4.7415,6.38308,5.53793,,,,,,
6.24429,6.06061,6.55185,4.71949,6.38828,5.5172,,,,,,
6.24929,6.04969,6.55708,4.6968,6.39348,5.4872,,,,,,
6.25346,6.04003,6.56229,4.67407,6.39864,5.45263,,,,,,
6.25762,6.02814,6.5675,4.65766,6.40378,5.42474,,,,,,
6.26262,6.01035,6.57268,4.64162,6.40892,5.40336,,,,,,
6.26762,5.99771,6.57787,4.62719,6.41403,5.36982,,,,,,
6.27262,5.97971,6.58306,4.61766,6.41913,5.33844,,,,,,
6.27762,5.96115,6.58824,4.60941,6.42423,5.30921,,,,,,
6.28262,5.94126,6.5934,4.60597,6.42927,5.28111,,,,,,
6.28679,5.92305,6.59855,4.61831,6.43431,5.24962,,,,,,
6.29179,5.90489,6.60368,4.61901,6.43934,5.21795,,,,,,
6.29679,5.88861,6.60881,4.60892,6.44436,5.19022,,,,,,
6.30179,5.86656,6.61419,4.58898,6.44937,5.16024,,,,,,
6.30738,5.84473,6.61958,4.57491,6.45438,5.12803,,,,,,
6.31285,5.81929,6.62495,4.55557,6.45855,5.10291,,,,,,
6.31827,5.7986,6.63029,4.53386,6.46355,5.07244,,,,,,
6.32366,5.77596,6.63561,4.51128,6.46855,5.0418,,,,,,
6.32905,5.75145,6.64093,4.49081,6.47355,5.01307,,,,,,
6.33439,5.7338,6.64625,4.4593,6.47772,4.98779,,,,,,
6.3397,5.70585,6.65156,4.43884,6.48272,4.9591,,,,,,
6.34413,5.68343,6.65685,4.40795,6.48772,4.92961,,,,,,
6.34913,5.66836,6.66213,4.37796,6.49272,4.90424,,,,,,
6.35413,5.64325,6.66741,4.34484,6.49772,4.87428,,,,,,
6.35913,5.61394,6.67269,4.31383,6.50272,4.84664,,,,,,
6.36413,5.59814,6.67797,4.27973,6.50772,4.81552,,,,,,
6.36913,5.56867,6.68325,4.24787,6.51272,4.78752,,,,,,
6.37413,5.54144,6.68853,4.2132,6.51772,4.76079,,,,,,
6.37913,5.52439,6.69381,4.18026,6.52272,4.72982,,,,,,
6.38513,5.49605,6.69908,4.14451,6.52772,4.70128,,,,,,
6.39006,5.46558,6.70462,4.11031,6.53272,4.67779,,,,,,
6.39506,5.4479,6.71039,4.07188,6.53772,4.64531,,,,,,
6.39922,5.42386,6.71617,4.03595,6.54272,4.61599,,,,,,
6.40522,5.3959,6.72195,3.99654,6.54872,4.58638,,,,,,
6.41107,5.3715,6.72795,3.95872,6.55439,4.54907,,,,,,
6.41664,5.34096,6.73395,3.918,6.56001,4.51965,,,,,,
6.42191,5.31476,6.73987,3.8779,6.56557,4.49564,,,,,,
6.42706,5.29182,6.74579,3.83891,6.57108,4.46665,,,,,,
6.43221,5.25959,6.75166,3.80113,6.5766,4.44352,,,,,,
6.43648,5.2369,6.75746,3.7624,6.58211,4.42774,,,,,,
6.44148,5.21673,6.76322,3.72469,6.58758,4.40754,,,,,,
6.44565,5.18982,6.76868,3.68691,6.59301,4.39704,,,,,,
6.45092,5.16104,6.77394,3.65132,6.59843,4.39736,,,,,,
6.45604,5.14072,6.77946,3.61406,6.60382,4.38581,,,,,,
6.46115,5.1101,6.78522,3.57728,6.6092,4.37155,,,,,,
6.46624,5.08508,6.7912,3.53832,6.61454,4.34407,,,,,,
6.4713,5.06346,6.79719,3.4987,6.62013,4.32293,,,,,,
6.47634,5.03339,6.80286,3.46226,6.62569,4.2933,,,,,,
6.48137,5.00935,6.80846,3.4233,6.63123,4.26891,,,,,,
6.48638,4.989,6.81431,3.3861,6.63668,4.23714,,,,,,
6.49056,4.9619,6.82038,3.34658,6.6421,4.21338,,,,,,
6.49556,4.93871,6.82666,3.30732,6.64751,4.17529,,,,,,
6.50056,4.91118,6.83315,3.26497,6.65289,4.14807,,,,,,
6.50556,4.89235,6.83982,3.22431,6.65827,4.11198,,,,,,
6.51056,4.86634,6.84667,3.17965,6.6639,4.07573,,,,,,
6.51556,4.8396,6.8537,3.13533,6.66977,4.03613,,,,,,
6.52056,4.81173,6.86088,3.08838,6.67585,3.99702,,,,,,
6.52556,4.79381,6.86822,3.04156,6.68216,3.95409,,,,,,
6.53056,4.77552,6.8757,2.99158,6.68846,3.91313,,,,,,
6.53556,4.74504,6.88332,2.94333,6.69496,3.8678,,,,,,
6.54056,4.72178,6.89106,2.89132,6.70165,3.82399,,,,,,
6.54556,4.69642,6.89893,2.84089,6.70851,3.77659,,,,,,
6.55056,4.66924,6.90692,2.78648,6.71555,3.73047,,,,,,
6.55583,4.64325,6.91501,2.73391,6.72294,3.68007,,,,,,
6.56106,4.62011,6.9232,2.67762,6.73064,3.62906,,,,,,
6.56627,4.5971,6.9315,2.62227,6.73833,3.57739,,,,,,
6.57148,4.57676,6.93988,2.56404,6.74603,3.52525,,,,,,
6.57695,4.56043,6.94836,2.50082,6.75373,3.47521,,,,,,
6.58242,4.54236,6.95691,2.42418,6.76119,3.42402,,,,,,
6.58788,4.53163,6.96555,2.34555,6.76853,3.37493,,,,,,
6.59335,4.53204,6.97425,2.26298,6.77559,3.32712,,,,,,
6.5988,4.52635,6.98303,2.17865,6.78161,3.28239,,,,,,
6.60422,4.52557,6.99195,2.09027,6.78753,3.24089,,,,,,
6.60963,4.50129,7,2.00384,6.79394,3.19665,,,,,,
6.615,4.49594,,,6.80054,3.1536,,,,,,
6.62037,4.4617,,,6.80733,3.10773,,,,,,
6.62572,4.45181,,,6.81429,3.06382,,,,,,
6.63104,4.4241,,,6.82141,3.01758,,,,,,
6.63632,4.39788,,,6.82887,2.96966,,,,,,
6.64156,4.37263,,,6.83647,2.92069,,,,,,
6.64679,4.34448,,,6.84436,2.87323,,,,,,
6.652,4.31675,,,6.85235,2.8211,,,,,,
6.6572,4.28454,,,6.86046,2.77119,,,,,,
6.66265,4.25205,,,6.86867,2.71751,,,,,,
6.66811,4.21687,,,6.87697,2.66622,,,,,,
6.67357,4.18305,,,6.88537,2.61138,,,,,,
6.67902,4.14643,,,6.89386,2.5592,,,,,,
6.68448,4.11112,,,6.90242,2.50199,,,,,,
6.68994,4.07367,,,6.91107,2.44717,,,,,,
6.6954,4.03768,,,6.91971,2.38896,,,,,,
6.70085,3.99961,,,6.92843,2.3315,,,,,,
6.70656,3.9619,,,6.93721,2.27466,,,,,,
6.7122,3.92266,,,6.94606,2.21524,,,,,,
6.71808,3.88331,,,6.95492,2.13998,,,,,,
6.72388,3.84422,,,6.96383,2.06209,,,,,,
6.72968,3.80152,,,6.97274,1.98168,,,,,,
6.73597,3.75972,,,6.98166,1.89979,,,,,,
6.74271,3.71562,,,6.9888,1.82328,,,,,,
6.74983,3.67046,,,6.99536,1.74993,,,,,,
6.75676,3.62297,,,7,1.68251,,,,,,
6.76406,3.57707,,,,,,,,,,
6.77087,3.53007,,,,,,,,,,
6.77642,3.49052,,,,,,,,,,
6.78179,3.44934,,,,,,,,,,
6.78771,3.4096,,,,,,,,,,
6.79411,3.36923,,,,,,,,,,
6.80093,3.32534,,,,,,,,,,
6.80792,3.27941,,,,,,,,,,
6.81508,3.23418,,,,,,,,,,
6.82239,3.18662,,,,,,,,,,
6.82985,3.13959,,,,,,,,,,
6.83744,3.09078,,,,,,,,,,
6.84517,3.04192,,,,,,,,,,
6.85277,2.99148,,,,,,,,,,
6.86049,2.9405,,,,,,,,,,
6.86834,2.8889,,,,,,,,,,
6.87645,2.83561,,,,,,,,,,
6.88455,2.78254,,,,,,,,,,
6.89276,2.72773,,,,,,,,,,
6.90118,2.67208,,,,,,,,,,
6.90978,2.61478,,,,,,,,,,
6.91846,2.55728,,,,,,,,,,
6.9273,2.49769,,,,,,,,,,
6.9362,2.43934,,,,,,,,,,
6.94523,2.37906,,,,,,,,,,
6.95437,2.29936,,,,,,,,,,
6.96356,2.21692,,,,,,,,,,
6.97285,2.13002,,,,,,,,,,
6.98217,2.04375,,,,,,,,,,
6.9915,1.95233,,,,,,,,,,
7,1.86395,,,,,,,,,,
