x,N2249,N2643,N3237,x,N2249,N2643,N3237,x,N2249,N2643,N3237
0,0,0,0,0,0,0,0,0,0,0,0
0.01,-0.00401807,-0.00372728,-0.00357645,0.01,-0.0039928,-0.00371476,-0.00360064,0.01,-0.00407894,-0.00375661,-0.00353113
0.0197673,-0.00819464,-0.00748976,-0.00675535,0.0197673,-0.00813982,-0.00746403,-0.00677054,0.0197673,-0.0083267,-0.00755007,-0.00675286
0.0295621,-0.012616,-0.0115431,-0.0102805,0.0295621,-0.0125269,-0.0115067,-0.0102741,0.0295472,-0.0128255,-0.0116168,-0.0103099
0.0393569,-0.0171709,-0.0156995,-0.0139347,0.0393569,-0.0170438,-0.0156561,-0.0139081,0.0393271,-0.0174662,-0.0157767,-0.0139945
0.0491627,-0.0218072,-0.019876,-0.0176386,0.0491627,-0.021639,-0.0198301,-0.0175975,0.0491189,-0.0221958,-0.0199462,-0.0177174
0.0589686,-0.0264869,-0.0240235,-0.0213327,0.0589686,-0.0262751,-0.0239793,-0.0212828,0.0589107,-0.0269748,-0.0240763,-0.0214216
0.0683558,-0.0309998,-0.0279727,-0.0248655,0.0683558,-0.0307443,-0.0279338,-0.024811,0.068285,-0.0315882,-0.0280004,-0.0249607
0.0777761,-0.0355283,-0.0318569,-0.0283378,0.0777761,-0.0352273,-0.0318267,-0.0282796,0.0776932,-0.0362221,-0.0318521,-0.0284429
0.0872277,-0.0400609,-0.0356584,-0.0317278,0.0872277,-0.0397128,-0.0356409,-0.0316672,0.0871333,-0.0408644,-0.0356141,-0.0318495
0.0958625,-0.0437436,-0.0385066,-0.0339371,0.0958625,-0.0433572,-0.0385024,-0.033867,0.0957587,-0.04464,-0.0384201,-0.0340731
0.104764,-0.0473201,-0.041661,-0.0379187,0.104764,-0.0468956,-0.0416741,-0.0378123,0.104652,-0.0483093,-0.0415252,-0.0381491
0.113885,-0.0507893,-0.0449522,-0.0419591,0.113885,-0.0503259,-0.0449849,-0.0418259,0.113767,-0.0518756,-0.0447658,-0.0422662
0.123182,-0.0541658,-0.0483346,-0.0460876,0.123182,-0.0536636,-0.0483879,-0.0459299,0.123059,-0.0553466,-0.0480947,-0.0464584
0.132616,-0.0574454,-0.0517784,-0.0502702,0.132619,-0.0569071,-0.0518584,-0.0500994,0.13249,-0.0587205,-0.0514832,-0.0507214
0.14208,-0.0606136,-0.0552444,-0.0544908,0.142166,-0.0600592,-0.0553706,-0.0543139,0.141951,-0.0619814,-0.0548921,-0.0550183
0.151574,-0.0636817,-0.0587187,-0.0587296,0.151738,-0.0631111,-0.0588914,-0.0585637,0.151412,-0.0651333,-0.0583046,-0.0593455
0.161095,-0.0666609,-0.0621961,-0.0630054,0.161333,-0.0660739,-0.062417,-0.0628301,0.160936,-0.0682059,-0.061729,-0.0637081
0.170642,-0.0695636,-0.0656735,-0.0673054,0.170976,-0.0689655,-0.065947,-0.0671229,0.170487,-0.0712,-0.0651538,-0.0680873
0.180243,-0.0724066,-0.0691557,-0.0716256,0.180688,-0.0718018,-0.0694863,-0.0714443,0.180061,-0.0741254,-0.0685782,-0.0724928
0.189843,-0.0751835,-0.0726262,-0.0759533,0.190435,-0.0745801,-0.0730246,-0.0757957,0.189686,-0.0769978,-0.0720049,-0.076918
0.199491,-0.0779138,-0.0760958,-0.0803038,0.200195,-0.0773035,-0.0765544,-0.0801631,0.199332,-0.0798159,-0.0754271,-0.081355
0.209138,-0.0805933,-0.0795556,-0.0846525,0.209968,-0.0799784,-0.0800747,-0.0845288,0.208977,-0.0825813,-0.0788407,-0.0857889
0.218786,-0.0832258,-0.0830021,-0.0890005,0.219741,-0.0826075,-0.0835821,-0.0888943,0.218622,-0.0852997,-0.0822432,-0.0902167
0.228453,-0.0858223,-0.0864395,-0.0933566,0.229292,-0.085138,-0.0870237,-0.0932049,0.228051,-0.0879177,-0.0855858,-0.0945812
0.238137,-0.0883864,-0.0898666,-0.0977088,0.238631,-0.0875775,-0.0903892,-0.0974189,0.237274,-0.0904426,-0.0888576,-0.0988439
0.247604,-0.0908624,-0.0932289,-0.101989,0.248006,-0.0899918,-0.0937337,-0.101611,0.246588,-0.0929585,-0.0921261,-0.1031
0.257134,-0.0933247,-0.0965845,-0.106263,0.257178,-0.0923267,-0.0970132,-0.105741,0.255702,-0.0953919,-0.0953341,-0.107286
0.266452,-0.0957079,-0.0998742,-0.110453,0.265836,-0.0945061,-0.10015,-0.109708,0.263768,-0.0975221,-0.0982843,-0.111142
0.275852,-0.0980851,-0.103154,-0.114628,0.274176,-0.0965804,-0.103169,-0.11351,0.270993,-0.0994018,-0.100984,-0.114649
0.285283,-0.10045,-0.106423,-0.118781,0.282605,-0.098656,-0.106169,-0.117291,0.277752,-0.101135,-0.103513,-0.117939
0.29417,-0.102661,-0.109558,-0.122769,0.29112,-0.100736,-0.109157,-0.121037,0.284686,-0.102894,-0.106021,-0.121187
0.302579,-0.104732,-0.11255,-0.126579,0.299634,-0.102802,-0.11213,-0.124773,0.292218,-0.104798,-0.108627,-0.124559
0.310691,-0.106711,-0.115433,-0.130249,0.307843,-0.104781,-0.115014,-0.128403,0.300232,-0.10682,-0.111334,-0.128065
0.318421,-0.10858,-0.118193,-0.133755,0.316051,-0.106746,-0.117867,-0.131987,0.308644,-0.10894,-0.114131,-0.131689
0.325912,-0.110379,-0.120857,-0.137135,0.324471,-0.108755,-0.120748,-0.13561,0.317365,-0.111136,-0.117006,-0.135406
0.333288,-0.112141,-0.123462,-0.140435,0.332593,-0.110685,-0.123556,-0.139143,0.326238,-0.11337,-0.119931,-0.139183
0.341176,-0.114023,-0.126144,-0.143824,0.340442,-0.11254,-0.126276,-0.14256,0.335171,-0.115614,-0.122877,-0.142968
0.348929,-0.115867,-0.128787,-0.14717,0.347942,-0.1143,-0.128891,-0.145835,0.344162,-0.117865,-0.125834,-0.146765
0.356805,-0.117734,-0.131435,-0.150518,0.355224,-0.115998,-0.131426,-0.14902,0.352806,-0.120018,-0.128715,-0.150455
0.364546,-0.119565,-0.134041,-0.153807,0.362225,-0.117621,-0.133869,-0.152084,0.361609,-0.122204,-0.131611,-0.15416
0.372287,-0.121391,-0.136628,-0.157067,0.36958,-0.119324,-0.136353,-0.155192,0.370236,-0.124337,-0.134463,-0.157803
0.380151,-0.12324,-0.139221,-0.160337,0.377078,-0.121058,-0.138852,-0.158321,0.378693,-0.126419,-0.137261,-0.161373
0.387571,-0.124978,-0.141711,-0.163471,0.384712,-0.122822,-0.141367,-0.161469,0.387235,-0.128513,-0.140055,-0.164933
0.394693,-0.126637,-0.144111,-0.16649,0.392116,-0.124527,-0.143823,-0.164545,0.395467,-0.130523,-0.142772,-0.168384
0.401631,-0.128246,-0.146443,-0.169419,0.39952,-0.126228,-0.14626,-0.167591,0.403795,-0.132549,-0.145483,-0.171828
0.408478,-0.129829,-0.148728,-0.172285,0.406812,-0.127899,-0.148658,-0.170584,0.411834,-0.134496,-0.148117,-0.175172
0.41524,-0.131387,-0.150971,-0.175096,0.413904,-0.129519,-0.150996,-0.1735,0.419607,-0.136367,-0.150674,-0.178459
0.421848,-0.132905,-0.153158,-0.177835,0.420815,-0.13109,-0.153275,-0.17634,0.427381,-0.138239,-0.153172,-0.181445
0.428316,-0.134386,-0.155292,-0.180505,0.427636,-0.132637,-0.155511,-0.179119,0.434813,-0.140016,-0.155605,-0.184529
0.434975,-0.13591,-0.157441,-0.183192,0.434298,-0.134143,-0.157694,-0.181836,0.442034,-0.141734,-0.157964,-0.187513
0.441634,-0.137432,-0.159577,-0.18586,0.440816,-0.135612,-0.159824,-0.184481,0.449061,-0.143398,-0.160256,-0.190406
0.448293,-0.138953,-0.161697,-0.188509,0.447334,-0.137077,-0.161932,-0.187094,0.455912,-0.145015,-0.162484,-0.193216
0.454807,-0.140437,-0.163775,-0.1911,0.453852,-0.138539,-0.16402,-0.189684,0.462676,-0.146606,-0.164665,-0.195965
0.46119,-0.141888,-0.165809,-0.193634,0.460237,-0.139969,-0.166065,-0.192221,0.469287,-0.148157,-0.166792,-0.198642
0.467452,-0.143309,-0.167802,-0.196113,0.466502,-0.141368,-0.168067,-0.194701,0.475897,-0.149704,-0.168893,-0.201282
0.473714,-0.144727,-0.169776,-0.198568,0.472656,-0.142739,-0.170028,-0.197128,0.482368,-0.151215,-0.170945,-0.203863
0.479866,-0.146117,-0.171714,-0.200974,0.47871,-0.144084,-0.17195,-0.199506,0.488838,-0.152723,-0.172976,-0.206413
0.485917,-0.147482,-0.173615,-0.203334,0.484672,-0.145406,-0.173835,-0.201837,0.49518,-0.154199,-0.174963,-0.208909
0.491877,-0.148823,-0.175481,-0.20565,0.49059,-0.146715,-0.175693,-0.204134,0.501405,-0.155644,-0.176909,-0.211348
0.497793,-0.150151,-0.177322,-0.207932,0.496465,-0.148014,-0.177527,-0.206394,0.507524,-0.157061,-0.178814,-0.213735
0.503628,-0.15146,-0.179131,-0.210173,0.502562,-0.149362,-0.179386,-0.208691,0.513545,-0.158454,-0.180682,-0.216072
0.509391,-0.152749,-0.180911,-0.212378,0.508565,-0.150687,-0.181222,-0.210958,0.519477,-0.159822,-0.182514,-0.218365
0.515087,-0.154022,-0.182663,-0.214547,0.514443,-0.151983,-0.183021,-0.21318,0.525889,-0.161306,-0.18442,-0.220756
0.520723,-0.155279,-0.184388,-0.216682,0.520246,-0.15326,-0.184793,-0.215365,0.532178,-0.16276,-0.186302,-0.223116
0.526303,-0.156522,-0.186089,-0.218785,0.525978,-0.154519,-0.186538,-0.217517,0.538355,-0.164187,-0.188152,-0.225434
0.531857,-0.157757,-0.187771,-0.220864,0.531647,-0.155762,-0.188257,-0.219636,0.54443,-0.165587,-0.189972,-0.227712
0.537362,-0.158979,-0.189432,-0.222916,0.537257,-0.15699,-0.189953,-0.221725,0.55041,-0.166964,-0.191761,-0.229949
0.542823,-0.16019,-0.191072,-0.224943,0.542815,-0.158205,-0.191625,-0.223784,0.556306,-0.168319,-0.193521,-0.232148
0.548244,-0.161391,-0.192693,-0.226944,0.548323,-0.159407,-0.193275,-0.225816,0.562123,-0.169653,-0.195253,-0.23431
0.553628,-0.162582,-0.194295,-0.228923,0.553788,-0.160597,-0.194905,-0.227823,0.567869,-0.170969,-0.196958,-0.236437
0.558979,-0.163765,-0.19588,-0.230881,0.559211,-0.161777,-0.196516,-0.229805,0.57355,-0.172268,-0.198638,-0.238531
0.564299,-0.164939,-0.197449,-0.232817,0.564598,-0.162947,-0.198108,-0.231763,0.579147,-0.173545,-0.200289,-0.240588
0.569591,-0.166105,-0.199003,-0.234735,0.569967,-0.164111,-0.199686,-0.233704,0.584693,-0.174809,-0.201916,-0.242616
0.574858,-0.167265,-0.200543,-0.236634,0.575304,-0.165268,-0.201248,-0.235624,0.59019,-0.176059,-0.203523,-0.244617
0.580092,-0.168416,-0.202067,-0.238514,0.580589,-0.166411,-0.202791,-0.23752,0.595627,-0.177294,-0.205106,-0.246588
0.585306,-0.169561,-0.203578,-0.240377,0.585838,-0.167545,-0.204317,-0.239395,0.601025,-0.178519,-0.20667,-0.248537
0.590501,-0.170701,-0.205077,-0.242224,0.591066,-0.168673,-0.205829,-0.241253,0.606375,-0.17973,-0.208213,-0.250458
0.595679,-0.171836,-0.206564,-0.244058,0.596274,-0.169795,-0.207328,-0.243094,0.61167,-0.180928,-0.209736,-0.252353
0.600841,-0.172966,-0.208041,-0.245878,0.60145,-0.170909,-0.208813,-0.244918,0.61693,-0.182115,-0.211242,-0.254226
0.605989,-0.174092,-0.209507,-0.247684,0.606604,-0.172016,-0.210285,-0.246725,0.622166,-0.183297,-0.212733,-0.256079
0.611125,-0.175213,-0.210964,-0.249478,0.611745,-0.17312,-0.211746,-0.248518,0.627382,-0.184472,-0.21421,-0.257917
0.616249,-0.176331,-0.212411,-0.251261,0.616874,-0.174219,-0.213197,-0.250299,0.632571,-0.18564,-0.215674,-0.259736
0.621361,-0.177445,-0.213849,-0.253032,0.621991,-0.175315,-0.214638,-0.252067,0.637726,-0.186799,-0.217123,-0.261537
0.626464,-0.178556,-0.215278,-0.254792,0.627098,-0.176407,-0.21607,-0.253825,0.642867,-0.187954,-0.21856,-0.263324
0.631558,-0.179663,-0.216699,-0.256543,0.632196,-0.177496,-0.217493,-0.255572,0.647996,-0.189104,-0.219987,-0.265097
0.636644,-0.180767,-0.218112,-0.258283,0.637285,-0.178581,-0.218907,-0.257309,0.653114,-0.190251,-0.221405,-0.266858
0.641723,-0.181869,-0.219517,-0.260014,0.642367,-0.179664,-0.220314,-0.259036,0.658221,-0.191395,-0.222814,-0.268606
0.646794,-0.182967,-0.220915,-0.261736,0.647438,-0.180743,-0.221712,-0.260752,0.663319,-0.192535,-0.224214,-0.270344
0.65186,-0.184062,-0.222305,-0.263448,0.652503,-0.18182,-0.223103,-0.262459,0.668408,-0.193672,-0.225605,-0.272071
0.656919,-0.185156,-0.22369,-0.265153,0.657563,-0.182894,-0.224487,-0.264157,0.673484,-0.194805,-0.226988,-0.273786
0.661971,-0.186245,-0.225066,-0.266848,0.662617,-0.183965,-0.225864,-0.265847,0.678553,-0.195935,-0.228363,-0.275491
0.667009,-0.187331,-0.226435,-0.268533,0.667661,-0.185033,-0.227233,-0.267527,0.683609,-0.197061,-0.22973,-0.277185
0.672043,-0.188414,-0.227796,-0.27021,0.672702,-0.186098,-0.228596,-0.269198,0.688654,-0.198183,-0.231089,-0.27887
0.677073,-0.189494,-0.229152,-0.271878,0.677738,-0.187161,-0.229951,-0.270861,0.693678,-0.199299,-0.232438,-0.280542
0.682101,-0.190573,-0.230501,-0.273539,0.68277,-0.188222,-0.231301,-0.272516,0.698699,-0.200413,-0.233781,-0.282206
0.687125,-0.191649,-0.231845,-0.275192,0.687798,-0.189281,-0.232645,-0.274164,0.703717,-0.201525,-0.235117,-0.283861
0.692147,-0.192724,-0.233182,-0.276839,0.692824,-0.190337,-0.233982,-0.275804,0.708734,-0.202636,-0.236448,-0.285509
0.697168,-0.193796,-0.234515,-0.278478,0.697848,-0.191392,-0.235314,-0.277438,0.713749,-0.203745,-0.237773,-0.28715
0.702186,-0.194867,-0.235841,-0.28011,0.702869,-0.192444,-0.236641,-0.279064,0.718762,-0.204852,-0.239092,-0.288783
0.707202,-0.195936,-0.237163,-0.281736,0.707888,-0.193495,-0.237961,-0.280683,0.723774,-0.205957,-0.240406,-0.29041
0.712217,-0.197002,-0.238479,-0.283354,0.712905,-0.194543,-0.239277,-0.282295,0.728785,-0.207061,-0.241715,-0.292029
0.717231,-0.198067,-0.239789,-0.284967,0.717921,-0.19559,-0.240587,-0.2839,0.733793,-0.208163,-0.243018,-0.293642
0.722243,-0.199131,-0.241095,-0.286573,0.722935,-0.196635,-0.241891,-0.2855,0.738801,-0.209263,-0.244317,-0.295249
0.727254,-0.200192,-0.242396,-0.288172,0.727948,-0.197678,-0.243191,-0.287092,0.743808,-0.210362,-0.24561,-0.296849
0.732263,-0.201251,-0.243691,-0.289766,0.732959,-0.198719,-0.244485,-0.288679,0.748814,-0.211459,-0.246899,-0.298443
0.737272,-0.202309,-0.244982,-0.291353,0.737969,-0.199758,-0.245775,-0.290259,0.75382,-0.212554,-0.248183,-0.30003
0.742279,-0.203365,-0.246268,-0.292934,0.742979,-0.200796,-0.247059,-0.291833,0.758825,-0.213648,-0.249462,-0.301612
0.747285,-0.204419,-0.247548,-0.294509,0.747987,-0.201832,-0.248339,-0.293401,0.763829,-0.214741,-0.250737,-0.303187
0.752291,-0.205471,-0.248825,-0.296078,0.752994,-0.202866,-0.249613,-0.294963,0.768832,-0.215831,-0.252007,-0.304757
0.757296,-0.206521,-0.250096,-0.297641,0.758001,-0.203898,-0.250883,-0.296518,0.773835,-0.21692,-0.253273,-0.30632
0.762301,-0.20757,-0.251363,-0.299198,0.763006,-0.204928,-0.252148,-0.298068,0.778838,-0.218008,-0.254534,-0.307878
0.767305,-0.208617,-0.252625,-0.30075,0.768011,-0.205957,-0.253408,-0.299612,0.783841,-0.219093,-0.25579,-0.30943
0.772308,-0.209663,-0.253882,-0.302296,0.773016,-0.206984,-0.254664,-0.301151,0.788843,-0.220178,-0.257043,-0.310977
0.777312,-0.210706,-0.255135,-0.303836,0.77802,-0.208009,-0.255915,-0.302683,0.793845,-0.22126,-0.258291,-0.312518
0.782315,-0.211748,-0.256383,-0.30537,0.783023,-0.209032,-0.257161,-0.30421,0.798846,-0.222341,-0.259534,-0.314053
0.787317,-0.212788,-0.257627,-0.306899,0.788026,-0.210054,-0.258403,-0.305731,0.803848,-0.223421,-0.260773,-0.315582
0.79232,-0.213827,-0.258867,-0.308422,0.793029,-0.211074,-0.25964,-0.307247,0.808849,-0.224498,-0.262008,-0.317106
0.797322,-0.214864,-0.260101,-0.30994,0.798032,-0.212092,-0.260873,-0.308758,0.81385,-0.225575,-0.263239,-0.318625
0.802324,-0.215899,-0.261332,-0.311453,0.803034,-0.213109,-0.262101,-0.310262,0.818851,-0.226649,-0.264465,-0.320138
0.807325,-0.216933,-0.262558,-0.31296,0.808036,-0.214124,-0.263325,-0.311761,0.823852,-0.227722,-0.265688,-0.321645
0.812327,-0.217964,-0.26378,-0.314461,0.813038,-0.215137,-0.264544,-0.313255,0.828853,-0.228794,-0.266906,-0.323147
0.817328,-0.218995,-0.264997,-0.315958,0.81804,-0.216148,-0.265759,-0.314744,0.833853,-0.229864,-0.26812,-0.324644
0.822329,-0.220023,-0.266211,-0.317449,0.823041,-0.217158,-0.266969,-0.316227,0.838854,-0.230932,-0.269329,-0.326136
0.82733,-0.22105,-0.26742,-0.318934,0.828042,-0.218167,-0.268176,-0.317705,0.843855,-0.231998,-0.270535,-0.327622
0.832331,-0.222075,-0.268624,-0.320415,0.833043,-0.219173,-0.269377,-0.319177,0.848855,-0.233064,-0.271737,-0.329102
0.837332,-0.223099,-0.269825,-0.32189,0.838044,-0.220178,-0.270575,-0.320644,0.853856,-0.234127,-0.272934,-0.330578
0.842333,-0.224121,-0.271021,-0.32336,0.843045,-0.221181,-0.271768,-0.322106,0.858856,-0.235189,-0.274128,-0.332048
0.847333,-0.225141,-0.272213,-0.324825,0.848046,-0.222183,-0.272957,-0.323563,0.863856,-0.236249,-0.275317,-0.333513
0.852334,-0.226159,-0.2734,-0.326284,0.853046,-0.223182,-0.274142,-0.325015,0.868857,-0.237308,-0.276503,-0.334973
0.857334,-0.227176,-0.274584,-0.327738,0.858047,-0.224181,-0.275323,-0.326461,0.873857,-0.238365,-0.277684,-0.336427
0.862335,-0.228191,-0.275764,-0.329187,0.863047,-0.225177,-0.276499,-0.327902,0.878857,-0.23942,-0.278862,-0.337877
0.867335,-0.229205,-0.276939,-0.330631,0.868047,-0.226172,-0.277672,-0.329339,0.883857,-0.240474,-0.280035,-0.339321
0.872336,-0.230217,-0.27811,-0.33207,0.873048,-0.227165,-0.27884,-0.330769,0.888857,-0.241526,-0.281205,-0.34076
0.877336,-0.231228,-0.279278,-0.333504,0.878048,-0.228157,-0.280003,-0.332195,0.893857,-0.242577,-0.28237,-0.342194
0.882336,-0.232236,-0.280441,-0.334933,0.883048,-0.229147,-0.281164,-0.333617,0.898858,-0.243626,-0.283532,-0.343623
0.887336,-0.233243,-0.2816,-0.336357,0.888048,-0.230135,-0.28232,-0.335033,0.903858,-0.244674,-0.28469,-0.345046
0.892337,-0.234249,-0.282755,-0.337775,0.893049,-0.231122,-0.283471,-0.336444,0.908858,-0.24572,-0.285844,-0.346465
0.897337,-0.235253,-0.283906,-0.33919,0.898049,-0.232107,-0.284619,-0.33785,0.913858,-0.246764,-0.286994,-0.347879
0.902337,-0.236255,-0.285053,-0.340599,0.903049,-0.23309,-0.285763,-0.339251,0.918858,-0.247807,-0.28814,-0.349287
0.907337,-0.237255,-0.286196,-0.342003,0.908049,-0.234072,-0.286902,-0.340648,0.923858,-0.248849,-0.289283,-0.350691
0.912337,-0.238254,-0.287336,-0.343402,0.913049,-0.235052,-0.288038,-0.342039,0.928858,-0.249888,-0.290421,-0.352089
0.917337,-0.239252,-0.288471,-0.344796,0.918049,-0.236031,-0.28917,-0.343426,0.933858,-0.250926,-0.291556,-0.353483
0.922337,-0.240248,-0.289602,-0.346185,0.923049,-0.237008,-0.290298,-0.344807,0.938858,-0.251963,-0.292687,-0.35487
0.927338,-0.241242,-0.29073,-0.34757,0.928049,-0.237983,-0.291421,-0.346184,0.943858,-0.252998,-0.293814,-0.356254
0.932338,-0.242234,-0.291853,-0.348949,0.933049,-0.238957,-0.292541,-0.347556,0.948858,-0.254031,-0.294938,-0.357633
0.937338,-0.243225,-0.292973,-0.350324,0.938049,-0.239929,-0.293657,-0.348924,0.953858,-0.255063,-0.296058,-0.359007
0.942338,-0.244215,-0.294089,-0.351694,0.943049,-0.240899,-0.294769,-0.350287,0.958858,-0.256093,-0.297174,-0.360376
0.947338,-0.245202,-0.295201,-0.353059,0.948049,-0.241868,-0.295878,-0.351644,0.963858,-0.257122,-0.298286,-0.36174
0.952338,-0.246188,-0.296309,-0.354419,0.953049,-0.242836,-0.296982,-0.352997,0.968858,-0.258149,-0.299395,-0.3631
0.957338,-0.247173,-0.297413,-0.355775,0.958049,-0.243801,-0.298082,-0.354346,0.973858,-0.259175,-0.3005,-0.364454
0.962338,-0.248156,-0.298514,-0.357126,0.963049,-0.244765,-0.299179,-0.355689,0.978858,-0.260199,-0.301602,-0.365804
0.967338,-0.249138,-0.299611,-0.358472,0.968049,-0.245728,-0.300272,-0.357028,0.983858,-0.261222,-0.302699,-0.367149
0.972338,-0.250117,-0.300704,-0.359813,0.973049,-0.246689,-0.301361,-0.358362,0.988858,-0.262243,-0.303794,-0.36849
0.977338,-0.251096,-0.301793,-0.36115,0.978049,-0.247649,-0.302447,-0.359693,0.993858,-0.263263,-0.304884,-0.369825
0.982338,-0.252072,-0.302879,-0.362482,0.983049,-0.248608,-0.303529,-0.361022,0.998858,-0.264281,-0.305971,-0.371156
0.987338,-0.253047,-0.303961,-0.363809,0.988049,-0.249565,-0.304611,-0.362351,1.00386,-0.267233,-0.310322,-0.375371
0.992338,-0.254021,-0.305039,-0.365133,0.993049,-0.250519,-0.305682,-0.363664,1.00983,-0.271573,-0.316975,-3.82E-01
0.997338,-0.254994,-0.306115,-0.366453,0.998049,-0.251472,-0.306752,-0.364976,1.0166,-0.276565,-0.324615,-0.388879
1.00234,-0.257207,-0.309283,-0.369595,1.00305,-0.254037,-0.31055,-0.368674,1.02353,-0.28135,-0.331919,-0.39532
1.00734,-0.260689,-0.314724,-0.375133,1.00805,-0.257761,-0.316482,-0.374205,1.03107,-0.285213,-0.337714,-0.401058
1.01331,-0.264977,-0.321399,-0.381107,1.01332,-0.261471,-0.322386,-0.379427,1.0391,-0.289246,-0.343718,-0.40726
1.02008,-0.269834,-0.328999,-0.387889,1.01951,-0.265732,-0.329185,-0.385771,1.04752,-0.293418,-0.349865,-0.413637
1.02747,-0.273902,-0.335329,-0.393848,1.02647,-0.269563,-0.335277,-0.391628,1.05626,-0.29767,-0.355904,-0.419925
1.03537,-0.277766,-0.341282,-0.399882,1.03403,-0.273214,-0.341017,-0.39742,1.06514,-0.302,-0.361922,-0.426147
1.04369,-0.281769,-0.347399,-0.406208,1.04208,-0.277036,-0.346957,-0.403546,1.07425,-0.306423,-0.367899,-0.432363
1.05235,-0.285878,-0.353631,-0.412658,1.05052,-0.280989,-0.353045,-0.409839,1.08353,-0.310908,-0.373802,-0.438536
1.06128,-0.290075,-0.359737,-0.418979,1.05928,-0.285034,-0.359033,-0.416027,1.09296,-0.315426,-0.379603,-0.444649
1.07033,-0.294318,-0.365753,-0.425183,1.06818,-0.289145,-0.364984,-0.422148,1.10218,-0.319825,-0.385258,-0.450709
1.07957,-0.298626,-0.371712,-0.431345,1.07729,-0.293335,-0.370901,-0.428242,1.11155,-0.323707,-0.38978,-0.455804
1.08896,-0.302976,-0.377589,-0.437452,1.08658,-0.297579,-0.376754,-0.434286,1.12106,-0.326747,-0.39281,-0.459749
1.09847,-0.307339,-0.383426,-0.443559,1.09602,-0.301846,-0.382535,-0.440285,1.13066,-0.329714,-0.395591,-0.463519
1.10804,-0.311697,-0.389257,-0.449778,1.10552,-0.306134,-0.388381,-0.446447,1.14034,-0.33264,-0.398147,-0.467077
1.1177,-0.314636,-0.392186,-0.453384,1.11512,-0.309342,-0.391969,-0.450561,1.15008,-0.335536,-0.400518,-0.470463
1.12742,-0.317507,-0.395134,-0.457244,1.1248,-0.312167,-0.395005,-0.454413,1.15988,-0.338407,-0.402743,-0.473731
1.1372,-0.320329,-0.397835,-0.460862,1.13454,-0.314936,-0.397777,-0.458054,1.16971,-0.341268,-0.404965,-0.477049
1.14702,-0.323112,-0.400327,-0.464271,1.14433,-0.317665,-0.40033,-0.461476,1.17958,-0.344141,-0.407238,-0.480506
1.15688,-0.325864,-0.402646,-0.467524,1.15417,-0.320363,-0.402701,-0.464727,1.18948,-0.347007,-0.409488,-0.48404
1.16677,-0.328594,-0.404912,-0.470769,1.16404,-0.323034,-0.404966,-0.467906,1.1994,-0.349852,-0.411685,-0.487617
1.17668,-0.331331,-0.407222,-0.474143,1.17393,-0.325708,-0.407274,-0.471201,1.20933,-0.352739,-0.41405,-0.491302
1.1866,-0.334064,-0.409519,-0.477606,1.18385,-0.328382,-0.409587,-0.474601,1.21927,-0.355623,-0.416458,-0.495107
1.19654,-0.336778,-0.411768,-0.481124,1.19378,-0.331043,-0.411861,-0.478069,1.22923,-0.358452,-0.418876,-0.499082
1.2065,-0.339494,-0.41404,-0.484704,1.20372,-0.333687,-0.414092,-0.481577,1.2392,-0.3612,-0.421258,-0.503193
1.21646,-0.342249,-0.416468,-0.488409,1.21368,-0.336386,-0.41653,-0.485216,1.24917,-0.363877,-0.423801,-0.507602
1.22643,-0.344963,-0.418892,-0.492276,1.22365,-0.339059,-0.418957,-0.489002,1.25871,-0.366374,-0.426143,-0.511588
1.23641,-0.347604,-0.42129,-0.496295,1.23362,-0.341667,-0.421368,-0.492951,1.26834,-0.368767,-0.42854,-0.515914
1.24639,-0.350206,-0.423867,-0.500752,1.2436,-0.344218,-0.423833,-0.497154,1.27804,-0.370992,-0.430851,-0.520237
1.25637,-0.352695,-0.426248,-0.504679,1.25358,-0.346683,-0.426283,-0.50125,1.28781,-0.373034,-0.433076,-0.524691
1.26636,-0.355087,-0.428707,-0.509015,1.26356,-0.349065,-0.428748,-0.505468,1.29762,-0.374877,-0.435175,-0.529193
1.27634,-0.357312,-0.43109,-0.513344,1.27355,-0.351305,-0.431168,-0.509846,1.30747,-0.376521,-0.437119,-0.53366
1.28634,-0.359342,-0.433379,-0.517806,1.28354,-0.353354,-0.433498,-0.514229,1.31735,-0.378041,-0.438892,-0.537697
1.29633,-0.361171,-0.435549,-0.522338,1.29353,-0.355218,-0.435725,-0.518722,1.32723,-0.379468,-0.440805,-0.542432
1.30632,-0.362798,-0.437517,-0.526768,1.30352,-0.356867,-0.437752,-0.523167,1.33714,-0.380952,-0.442703,-0.546518
1.31632,-0.364287,-0.439395,-0.531018,1.31352,-0.358377,-0.439675,-0.527407,1.34706,-0.382378,-0.444722,-0.551089
1.32631,-0.365676,-0.441287,-0.535673,1.32351,-0.359739,-0.441562,-0.532074,1.357,-0.383837,-0.446756,-0.555212
1.33631,-0.367116,-0.443204,-0.539889,1.33351,-0.361156,-0.443469,-0.536286,1.36695,-0.385139,-0.448324,-0.558922
1.34631,-0.3685,-0.445187,-0.544348,1.34351,-0.362513,-0.445439,-0.540766,1.37691,-0.386405,-0.449772,-0.562263
1.3563,-0.369906,-0.447218,-0.548605,1.35351,-0.363898,-0.447449,-0.545012,1.38688,-0.387622,-0.451367,-0.565836
1.3663,-0.371236,-0.449137,-0.552718,1.3635,-0.365243,-0.449494,-0.549312,1.39685,-0.388786,-0.45304,-0.569438
1.3763,-0.372432,-0.450492,-0.556046,1.3735,-0.366416,-0.450822,-0.552624,1.40683,-0.389794,-0.454418,-0.572741
1.3863,-0.373592,-0.451981,-0.559523,1.3835,-0.367564,-0.452265,-0.556066,1.41681,-0.390838,-0.45581,-0.576061
1.3963,-0.37469,-0.453535,-0.563036,1.3935,-0.368654,-0.453779,-0.559551,1.4268,-0.3919,-0.457154,-0.57928
1.4063,-0.375641,-0.454788,-0.566267,1.4035,-0.369639,-0.45514,-0.562909,1.43678,-0.39295,-0.458424,-0.582341
1.4163,-0.376635,-0.456111,-0.569591,1.4135,-0.3706,-0.456464,-0.566282,1.44678,-0.393953,-0.459603,-0.585454
1.4263,-0.377634,-0.457357,-0.572775,1.4235,-0.371573,-0.457701,-0.569476,1.45677,-0.394878,-0.460714,-0.589592
1.4363,-0.378606,-0.45852,-0.575851,1.4335,-0.372514,-0.458886,-0.572645,1.46676,-0.395712,-0.461702,-0.593098
1.4463,-0.37953,-0.459594,-0.579007,1.4435,-0.373412,-0.459926,-0.575749,1.47676,-0.396538,-0.462621,-0.596434
1.4563,-0.380347,-0.460582,-0.583235,1.4535,-0.374216,-0.460903,-0.579972,1.48675,-0.39736,-0.463479,-0.599668
1.4663,-0.381137,-0.461478,-0.586764,1.4635,-0.374991,-0.461787,-0.583522,1.49675,-0.398215,-0.464365,-0.6029
1.4763,-0.381923,-0.462309,-0.590129,1.4735,-0.375764,-0.462602,-0.586908,1.50675,-0.399285,-0.4658,-0.606686
1.4863,-0.382709,-0.463081,-0.593396,1.4835,-0.376535,-0.46336,-0.590199,1.51675,-0.400379,-0.467246,-0.61042
1.4963,-0.383514,-0.463852,-0.596634,1.4935,-0.377306,-0.464063,-0.593417,1.52675,-0.401488,-0.468689,-0.61416
1.5063,-0.384544,-0.465199,-0.60046,1.5035,-0.378271,-0.46525,-0.597116,1.53674,-0.402608,-0.470113,-0.617873
1.5163,-0.385597,-0.466559,-0.604219,1.5135,-0.379303,-0.466575,-0.600901,1.54674,-0.403703,-0.471368,-0.621361
1.5263,-0.386666,-0.467919,-0.607989,1.5235,-0.380352,-0.467904,-0.604678,1.55674,-0.404835,-0.472763,-0.624912
1.5363,-0.387744,-0.469264,-0.611729,1.5335,-0.381414,-0.469223,-0.608443,1.56674,-0.405937,-0.473881,-0.628014
1.5463,-0.3888,-0.470446,-0.615268,1.5435,-0.382476,-0.470527,-0.61218,1.57674,-0.407051,-0.47503,-0.631271
1.5563,-0.38989,-0.471779,-0.618882,1.5535,-0.383518,-0.471701,-0.615663,1.58674,-0.408224,-0.476095,-0.634308
1.5663,-0.390949,-0.472829,-0.622023,1.5635,-0.384571,-0.472814,-0.618966,1.59674,-0.409293,-0.47693,-0.636989
1.5763,-0.392014,-0.473906,-0.625308,1.5735,-0.385622,-0.473859,-0.622299,1.60674,-0.410624,-0.478346,-0.640452
1.5863,-0.393136,-0.474902,-0.628378,1.5835,-0.386571,-0.474515,-0.624958,1.61674,-0.411914,-0.479515,-0.643545
1.5963,-0.394155,-0.475671,-0.631075,1.5935,-0.387773,-0.475762,-0.628408,1.62674,-0.413429,-0.480998,-0.646854
1.6063,-0.395425,-0.476988,-0.634463,1.6035,-0.388782,-0.476441,-0.630965,1.63674,-0.414791,-0.481954,-0.649459
1.6163,-0.396669,-0.478161,-0.637687,1.6135,-0.390182,-0.478038,-0.634868,1.64674,-0.416344,-0.483272,-0.652671
1.6263,-0.398113,-0.479544,-0.640968,1.6235,-0.391417,-0.479031,-0.638094,1.65674,-0.417799,-0.484213,-0.655296
1.6363,-0.399419,-0.480489,-0.643669,1.6335,-0.392842,-0.480334,-0.641043,1.66674,-0.419387,-0.485339,-0.658233
1.6463,-0.400892,-0.481716,-0.646868,1.6435,-0.394143,-0.481212,-0.643656,1.67674,-0.42091,-0.486181,-0.660768
1.6563,-0.402274,-0.482598,-0.649497,1.6535,-0.39561,-0.482388,-0.646798,1.68674,-0.422536,-0.487131,-0.663404
1.6663,-0.403784,-0.48366,-0.652446,1.6635,-0.396984,-0.483212,-0.649402,1.69674,-0.424131,-0.487902,-0.665901
1.6763,-0.405225,-0.484445,-0.654982,1.6735,-0.398473,-0.48418,-0.652215,1.70674,-0.425806,-0.488716,-0.668219
1.6863,-0.406766,-0.485331,-0.657622,1.6835,-0.399904,-0.48491,-0.654725,1.71674,-0.427478,-0.489429,-0.670542
1.6963,-0.408273,-0.486042,-0.660114,1.6935,-0.401427,-0.485722,-0.657245,1.72674,-0.429302,-0.490288,-0.672672
1.7063,-0.409857,-0.486794,-0.662436,1.7035,-0.402923,-0.486384,-0.659675,1.73674,-0.431223,-0.491234,-0.674814
1.7163,-0.411438,-0.487441,-0.664813,1.7135,-0.404487,-0.487076,-0.661928,1.74674,-0.433244,-0.492272,-0.676787
1.7263,-0.413161,-0.488232,-0.666879,1.7235,-0.406125,-0.48778,-0.664185,1.7563,-0.435223,-0.493281,-0.678724
1.7363,-0.414971,-0.489106,-0.668937,1.7335,-0.407881,-0.488618,-0.666186,1.76596,-0.437224,-0.49437,-0.680789
1.7463,-0.416884,-0.490083,-0.670979,1.7435,-0.409717,-0.489533,-0.668206,1.77565,-0.439238,-0.495519,-0.682902
1.7563,-0.418827,-0.491109,-0.673027,1.75306,-0.411543,-0.490454,-0.67012,1.7854,-0.441272,-0.496734,-0.685051
1.7663,-0.420774,-0.492198,-0.675164,1.76271,-0.413383,-0.491441,-0.672143,1.79518,-0.443323,-0.498023,-0.687259
1.7763,-0.422725,-0.493347,-0.677345,1.77243,-0.415238,-0.492503,-0.674233,1.80499,-0.445458,-0.499588,-0.689577
1.7863,-0.424682,-0.494557,-0.679549,1.78221,-0.417103,-0.493621,-0.676345,1.81484,-0.447609,-0.501228,-0.691939
1.7963,-0.42665,-0.495837,-0.681806,1.79201,-0.418985,-0.494825,-0.678528,1.82471,-0.449759,-0.502899,-0.694327
1.8063,-0.42864,-0.49722,-0.684089,1.80185,-0.420876,-0.49608,-0.680734,1.83461,-0.451907,-0.504603,-0.69675
1.8163,-0.4307,-0.498852,-0.686472,1.81172,-0.422843,-0.497593,-0.683034,1.84453,-0.454052,-0.506335,-0.699184
1.8263,-0.432753,-0.500505,-0.68887,1.82161,-0.42483,-0.499196,-0.68538,1.85402,-0.456112,-0.508032,-0.70154
1.8363,-0.434798,-0.502184,-0.691294,1.83153,-0.426813,-0.500829,-0.68776,1.86361,-0.458187,-0.509765,-0.703926
1.84586,-0.436759,-0.503823,-0.693627,1.84102,-0.428714,-0.50242,-0.690033,1.87328,-0.460273,-0.511532,-0.706342
1.85551,-0.43873,-0.505497,-0.695991,1.85057,-0.430621,-0.50405,-0.69237,1.88301,-0.462366,-0.513323,-0.708791
1.86523,-0.440708,-0.507202,-0.698381,1.8602,-0.432536,-0.505712,-0.69472,1.8928,-0.464459,-0.515128,-0.711304
1.875,-0.44269,-0.50894,-0.70079,1.86991,-0.434459,-0.507405,-0.697097,1.90263,-0.466556,-0.51696,-0.713834
1.88356,-0.444444,-0.5105,-0.702954,1.87968,-0.436384,-0.509119,-0.699503,1.91249,-0.468654,-0.518805,-0.716362
1.8924,-0.446241,-0.512103,-0.705198,1.88922,-0.438259,-0.510805,-0.701912,1.92238,-0.47071,-0.520533,-0.718733
1.90146,-0.448076,-0.513754,-0.707503,1.89885,-0.440145,-0.51252,-0.704345,1.93229,-0.472762,-0.522265,-0.721093
1.91071,-0.449938,-0.515439,-0.709847,1.90856,-0.442038,-0.514257,-0.706794,1.94221,-0.474815,-0.524017,-0.723466
1.92011,-0.451785,-0.517039,-0.712084,1.91832,-0.443908,-0.515925,-0.709146,1.95214,-0.476863,-0.525775,-0.725836
1.92962,-0.453639,-0.518635,-0.71431,1.92813,-0.445764,-0.517549,-0.711435,1.96209,-0.478902,-0.527522,-0.728153
1.93923,-0.455505,-0.520257,-0.716561,1.93797,-0.447621,-0.51919,-0.713732,1.97204,-0.48094,-0.529291,-0.730489
1.94888,-0.457367,-0.52187,-0.718788,1.94784,-0.44947,-0.520822,-0.716007,1.98199,-0.482977,-0.531078,-0.732833
1.9586,-0.459234,-0.523499,-0.721017,1.95773,-0.451315,-0.522456,-0.718261,1.99195,-0.485011,-0.532865,-0.735145
1.96836,-0.461102,-0.525147,-0.723264,1.96763,-0.453158,-0.524103,-0.720523,2.00192,-0.48704,-0.534678,-0.737476
1.97816,-0.462975,-0.526811,-0.725504,1.97755,-0.455002,-0.525769,-0.722792,2.0119,-0.489213,-0.537531,-0.742346
1.98796,-0.464847,-0.528479,-0.727736,1.98748,-0.456842,-0.527429,-0.725022,2.02187,-0.491335,-0.540172,-0.746236
1.99781,-0.466723,-0.530178,-0.729979,1.99743,-0.458684,-0.529115,-0.727267,2.03185,-0.493334,-0.542373,-0.749175
2.00767,-0.468693,-0.532582,-0.733838,2.00738,-0.460606,-0.531442,-0.730985,2.04183,-0.495243,-0.544308,-0.751869
2.01755,-0.470669,-0.53519,-0.738229,2.01734,-0.462542,-0.534039,-0.735405,2.05182,-0.497119,-0.546266,-0.754665
2.02746,-0.472596,-0.537605,-0.741323,2.02731,-0.464426,-0.536429,-0.738468,2.06181,-0.498964,-0.548236,-0.757553
2.03739,-0.474379,-0.539449,-0.743897,2.03728,-0.466162,-0.538234,-0.741014,2.0718,-0.500707,-0.549976,-0.76022
2.04733,-0.476127,-0.541294,-0.746579,2.04726,-0.467864,-0.540046,-0.743672,2.08179,-0.502409,-0.551682,-0.762916
2.05729,-0.477846,-0.543156,-0.749366,2.05725,-0.469535,-0.541873,-0.746431,2.09179,-0.504078,-0.553379,-0.765669
2.06725,-0.479503,-0.54491,-0.75209,2.06723,-0.471143,-0.54359,-0.749125,2.10178,-0.505717,-0.555073,-0.768481
2.07722,-0.481086,-0.546519,-0.754704,2.07722,-0.472678,-0.545159,-0.751704,2.11178,-0.507329,-0.556764,-0.771349
2.08719,-0.482639,-0.548117,-0.757375,2.08722,-0.474182,-0.546714,-0.754342,2.12178,-0.508913,-0.558449,-0.774264
2.09717,-0.484163,-0.549706,-0.760105,2.09721,-0.475657,-0.548259,-0.757035,2.13177,-0.510464,-0.560105,-0.777197
2.10716,-0.48566,-0.551289,-0.762889,2.1072,-0.477105,-0.549796,-0.759782,2.14177,-0.511992,-0.561767,-0.780185
2.11715,-0.487122,-0.552829,-0.765662,2.1172,-0.478519,-0.551293,-0.762528,2.15177,-0.513489,-0.563449,-0.783306
2.12714,-0.48856,-0.554368,-0.768499,2.1272,-0.479909,-0.552783,-0.76533,2.16177,-0.514973,-0.565204,-0.786594
2.13713,-0.489977,-0.555916,-0.771416,2.13719,-0.481278,-0.554278,-0.768202,2.17133,-0.516415,-0.567043,-0.79
2.14712,-0.491372,-0.55747,-0.774398,2.14719,-0.482624,-0.555777,-0.771145,2.18098,-0.517854,-0.56888,-0.793328
2.15712,-0.49274,-0.559068,-0.777549,2.15719,-0.483943,-0.55732,-0.774256,2.1907,-0.519294,-0.570785,-0.796793
2.16711,-0.494106,-0.560728,-0.78079,2.16719,-0.485264,-0.558924,-0.77745,2.20048,-0.520732,-0.572748,-0.800356
2.17688,-0.495451,-0.562452,-0.784108,2.17719,-0.486583,-0.560598,-0.780782,2.2103,-0.522172,-0.574789,-0.804051
2.18669,-0.496797,-0.564233,-0.787518,2.18719,-0.487898,-0.562321,-0.784174,2.22016,-0.523612,-0.5769,-0.807863
2.19654,-0.49814,-0.566062,-0.791003,2.19718,-0.489216,-0.564115,-0.787659,2.23004,-0.525048,-0.579073,-0.811772
2.20641,-0.499481,-0.567962,-0.794618,2.20718,-0.49053,-0.56598,-0.791267,2.23995,-0.526421,-0.581123,-0.815569
2.21632,-0.500822,-0.569931,-0.798349,2.21718,-0.49184,-0.567907,-0.794981,2.24943,-0.527612,-0.582716,-0.818791
2.22624,-0.502159,-0.571957,-0.802173,2.22718,-0.493145,-0.569898,-0.798805,2.25901,-0.528713,-0.583925,-0.821583
2.23618,-0.503479,-0.57401,-0.806087,2.23718,-0.494424,-0.571835,-0.802526,2.26868,-0.529815,-0.58524,-0.824639
2.24612,-0.504635,-0.575504,-0.809301,2.24718,-0.495597,-0.573569,-0.806154,2.27838,-0.530946,-0.586688,-0.828051
2.25606,-0.505688,-0.576599,-0.812043,2.25718,-0.496612,-0.574603,-0.808867,2.28814,-0.532128,-0.588297,-0.831661
2.26602,-0.506732,-0.57778,-0.814925,2.26718,-0.497614,-0.575714,-0.811703,2.2979,-0.533352,-0.59016,-0.836744
2.27598,-0.507801,-0.57913,-0.818331,2.27718,-0.498645,-0.577002,-0.815094,2.30771,-0.534575,-0.592007,-0.840116
2.28429,-0.508577,-0.580482,-0.821409,2.28718,-0.499705,-0.578387,-0.818536,2.31756,-0.535855,-0.594136,-0.845808
2.2926,-0.509569,-0.582108,-0.826419,2.29674,-0.500768,-0.579978,-0.823408,2.32743,-0.537132,-0.59625,-0.85007
2.30124,-0.510565,-0.583647,-0.829231,2.30639,-0.501835,-0.581565,-0.826514,2.33731,-0.53845,-0.598606,-0.85636
2.31004,-0.511632,-0.585481,-0.834575,2.31611,-0.502966,-0.583438,-0.832013,2.34721,-0.539693,-0.600719,-0.861218
2.31907,-0.512717,-0.587297,-0.838199,2.32588,-0.504097,-0.585288,-0.835981,2.35712,-0.540917,-0.602879,-0.868033
2.3283,-0.513861,-0.589342,-0.844083,2.33568,-0.505271,-0.587359,-0.842028,2.36705,-0.542078,-0.604808,-0.872818
2.33767,-0.515026,-0.591422,-0.84868,2.34552,-0.506391,-0.58925,-0.846659,2.37699,-0.543219,-0.606792,-0.879694
2.34708,-0.516165,-0.593504,-0.855369,2.35538,-0.507497,-0.591179,-0.853283,2.38695,-0.544304,-0.608555,-0.884702
2.35656,-0.517249,-0.595352,-0.859826,2.36527,-0.508547,-0.592892,-0.857867,2.39691,-0.545383,-0.61039,-0.89157
2.36614,-0.518324,-0.597258,-0.866602,2.37517,-0.509583,-0.594656,-0.864603,2.40688,-0.546415,-0.612051,-0.896843
2.3758,-0.51935,-0.598953,-0.871406,2.3851,-0.510573,-0.596221,-0.869443,2.41685,-0.547423,-0.61372,-0.90358
2.38546,-0.520372,-0.600702,-0.878177,2.39504,-0.511562,-0.597852,-0.876174,2.42684,-0.548351,-0.615106,-0.908749
2.39519,-0.521353,-0.602278,-0.883215,2.40499,-0.512504,-0.599303,-0.881259,2.43682,-0.549242,-0.616436,-0.915145
2.40497,-0.522317,-0.603885,-0.889954,2.41495,-0.513425,-0.600775,-0.887878,2.44681,-0.550095,-0.617656,-0.920398
2.4148,-0.523224,-0.605281,-0.895128,2.42492,-0.51429,-0.602051,-0.89303,2.4568,-0.550939,-0.61891,-0.926597
2.42465,-0.524073,-0.606542,-0.901489,2.4349,-0.515111,-0.603222,-0.899338,2.46679,-0.551754,-0.620074,-0.932158
2.43454,-0.524881,-0.607648,-0.906613,2.44488,-0.51588,-0.604237,-0.904492,2.47678,-0.552558,-0.621233,-0.938152
2.44445,-0.525678,-0.608779,-0.912872,2.45486,-0.516641,-0.605281,-0.910635,2.48678,-0.55319,-0.621742,-0.943085
2.45437,-0.526448,-0.609824,-0.918217,2.46485,-0.517372,-0.606225,-0.915951,2.49677,-0.553743,-0.621952,-0.947749
2.46431,-0.527207,-0.61087,-0.92434,2.47483,-0.518095,-0.607175,-0.921854,2.50677,-0.554288,-0.622143,-0.952371
2.47427,-0.527939,-0.611829,-0.929813,2.48482,-0.518705,-0.60772,-0.926985,2.51677,-0.554836,-0.622337,-0.957015
2.48423,-0.528531,-0.612261,-0.934936,2.49482,-0.51918,-0.607718,-0.931527,2.52676,-0.555382,-0.622524,-0.961609
2.4942,-0.529005,-0.612325,-0.939439,2.50481,-0.519644,-0.607693,-0.936034,2.53676,-0.555934,-0.622703,-0.966149
2.50417,-0.529486,-0.61236,-0.944117,2.51481,-0.520118,-0.607626,-0.940491,2.54676,-0.556491,-0.622865,-0.970463
2.51415,-0.529956,-0.612376,-0.948651,2.5248,-0.520593,-0.607644,-0.945041,2.55676,-0.557092,-0.623211,-0.974879
2.52369,-0.530397,-0.61237,-0.953189,2.5348,-0.521062,-0.60761,-0.949482,2.56676,-0.557715,-0.623436,-0.978048
2.53333,-0.530848,-0.612358,-0.957663,2.5448,-0.521528,-0.60754,-0.953702,2.57614,-0.558298,-0.623664,-0.980917
2.54304,-0.5313,-0.612308,-0.961927,2.5548,-0.522038,-0.607617,-0.958005,2.58565,-0.558911,-0.623839,-0.983542
2.5528,-0.53178,-0.61234,-0.966234,2.56479,-0.522572,-0.607643,-0.961246,2.59526,-0.559545,-0.623947,-0.985875
2.56262,-0.532309,-0.612404,-0.970007,2.57418,-0.523076,-0.607633,-0.9641,2.60494,-0.560198,-0.623971,-0.987751
2.57244,-0.532853,-0.612466,-0.972969,2.58368,-0.52361,-0.607659,-0.966785,2.61469,-0.560865,-0.623939,-0.989334
2.58167,-0.533356,-0.61248,-0.975506,2.59329,-0.524117,-0.607635,-0.969194,2.62447,-0.561554,-0.623796,-0.990594
2.59105,-0.533886,-0.612462,-0.977968,2.60291,-0.52467,-0.607429,-0.971014,2.63429,-0.562227,-0.623462,-0.991495
2.60051,-0.534443,-0.612316,-0.979902,2.61213,-0.52522,-0.607191,-0.972528,2.64415,-0.562933,-0.623122,-0.99217
2.61007,-0.535029,-0.612127,-0.981534,2.62151,-0.52578,-0.606852,-0.973792,2.65403,-0.563663,-0.62266,-0.99252
2.61973,-0.535591,-0.611685,-0.982686,2.63101,-0.526356,-0.606442,-0.974839,2.66393,-0.56443,-0.622288,-0.992971
2.62945,-0.53617,-0.611194,-0.983648,2.64061,-0.526951,-0.605928,-0.97548,2.67385,-0.565267,-0.621853,-0.992877
2.63922,-0.536777,-0.610671,-0.984403,2.65029,-0.527555,-0.605244,-0.975732,2.68377,-0.566143,-0.621457,-0.992815
2.64904,-0.537418,-0.610081,-0.984609,2.66003,-0.528195,-0.604673,-0.976226,2.69371,-0.567088,-0.621018,-0.992117
2.65888,-0.538085,-0.609526,-0.985285,2.66982,-0.528869,-0.603966,-0.976328,2.70366,-0.568093,-0.620747,-0.991801
2.66876,-0.538782,-0.608872,-0.985343,2.6792,-0.529568,-0.603268,-0.975639,2.71362,-0.569088,-0.620186,-0.990642
2.67821,-0.539493,-0.608236,-0.985255,2.6887,-0.530311,-0.60263,-0.975514,2.72359,-0.570097,-0.61958,-0.989214
2.68776,-0.540283,-0.607587,-0.98435,2.6983,-0.531123,-0.602058,-0.974897,2.73356,-0.571155,-0.619002,-0.987495
2.69741,-0.541087,-0.606919,-0.984053,2.70795,-0.531923,-0.601273,-0.973709,2.74354,-0.5722,-0.618358,-0.985738
2.70712,-0.541898,-0.606064,-0.982773,2.71766,-0.532743,-0.600456,-0.97247,2.75352,-0.573253,-0.617699,-0.983601
2.7169,-0.542761,-0.605318,-0.981637,2.72743,-0.533572,-0.599572,-0.970897,2.76307,-0.574129,-0.616777,-0.978058
2.72671,-0.54365,-0.604514,-0.980074,2.73723,-0.534405,-0.598669,-0.969013,2.77268,-0.575002,-0.615732,-0.974961
2.73655,-0.544544,-0.603723,-0.978393,2.74662,-0.535086,-0.597615,-0.964225,2.78232,-0.576069,-0.615684,-0.97143
2.74641,-0.545369,-0.602804,-0.973656,2.75612,-0.535719,-0.5965,-0.960882,2.79199,-0.577075,-0.61481,-0.968237
2.75629,-0.546077,-0.601729,-0.970445,2.76573,-0.536348,-0.594863,-0.957903,2.80125,-0.578119,-0.614633,-0.964466
2.76619,-0.546813,-0.600256,-0.967576,2.77533,-0.537278,-0.594793,-0.954555,2.8106,-0.579125,-0.61374,-0.960983
2.77608,-0.54781,-0.600261,-0.96416,2.78453,-0.538051,-0.593529,-0.951406,2.81957,-0.580187,-0.613579,-0.957206
2.78599,-0.54869,-0.599056,-0.961296,2.79374,-0.53901,-0.593479,-0.947966,2.82866,-0.581236,-0.612843,-0.953449
2.7953,-0.549693,-0.599032,-0.957601,2.80274,-0.539816,-0.592263,-0.94448,2.83781,-0.582372,-0.612714,-0.949551
2.80469,-0.550572,-0.597826,-0.95428,2.8118,-0.540762,-0.59206,-0.94069,2.84705,-0.583482,-0.612061,-0.945762
2.81408,-0.551577,-0.597692,-0.950639,2.82051,-0.54161,-0.591019,-0.937136,2.85638,-0.584657,-0.611837,-0.941513
2.8235,-0.552546,-0.596615,-0.946706,2.82922,-0.542578,-0.590842,-0.933178,2.86584,-0.585856,-0.611405,-0.937689
2.83293,-0.553621,-0.596508,-0.942591,2.83818,-0.543512,-0.590037,-0.929672,2.87537,-0.587104,-0.611446,-0.933671
2.84238,-0.554645,-0.595651,-0.938888,2.84679,-0.544491,-0.589775,-0.925401,2.88498,-0.588335,-0.611376,-0.930217
2.85184,-0.555747,-0.59545,-0.934692,2.85568,-0.545451,-0.589054,-0.921789,2.8946,-0.589581,-0.611574,-0.926703
2.8614,-0.556843,-0.594786,-0.930945,2.86462,-0.546493,-0.58884,-0.917458,2.90427,-0.590845,-0.611778,-0.923712
2.87101,-0.558025,-0.594762,-0.926772,2.87377,-0.547531,-0.58852,-0.914102,2.91397,-0.592072,-0.612083,-0.920295
2.88067,-0.559171,-0.59442,-0.922723,2.88309,-0.548623,-0.588514,-0.910178,2.92373,-0.593407,-0.612641,-0.917995
2.89039,-0.560343,-0.594537,-0.919388,2.89254,-0.54968,-0.588424,-0.907119,2.93349,-0.594548,-0.612924,-0.914528
2.90017,-0.561551,-0.59453,-0.916132,2.9021,-0.550824,-0.588702,-0.904598,2.9433,-0.59587,-0.613631,-0.912418
2.90973,-0.56264,-0.594707,-0.912769,2.91174,-0.551874,-0.588732,-0.900795,2.95314,-0.596998,-0.614034,-0.909302
2.91934,-0.563905,-0.595069,-0.910215,2.92146,-0.553006,-0.589127,-0.898636,2.96302,-0.598309,-0.614877,-0.907317
2.92899,-0.564909,-0.595239,-0.906731,2.93076,-0.55402,-0.589337,-0.895074,2.97292,-0.599431,-0.6154,-0.904564
2.93869,-0.566161,-0.595792,-0.904393,2.94014,-0.5551,-0.589829,-0.893252,2.98284,-0.600731,-0.616355,-0.902697
2.94844,-0.567164,-0.596054,-0.901309,2.94965,-0.556124,-0.590183,-0.889933,2.99277,-0.601839,-0.616964,-0.900151
2.95825,-0.568408,-0.596733,-0.899023,2.95925,-0.557204,-0.590763,-0.888262,3.00272,-0.603049,-0.617848,-0.899161
2.96809,-0.569409,-0.597125,-0.896342,2.96893,-0.558236,-0.591254,-0.885308,3.01268,-0.604207,-0.618611,-0.896234
2.97796,-0.570645,-0.59795,-0.894325,2.97867,-0.559313,-0.591907,-0.883685,3.02265,-0.605429,-0.619582,-0.895343
2.98786,-0.57164,-0.59843,-0.891848,2.98847,-0.560337,-0.592458,-0.880872,3.03262,-0.60656,-0.620344,-0.89268
2.99778,-0.57286,-0.599347,-0.889924,2.9983,-0.561455,-0.593311,-0.880328,3.0426,-0.607748,-0.621307,-0.89201
3.00771,-0.57385,-0.599866,-0.887687,3.00816,-0.562485,-0.593896,-0.877251,3.05258,-0.608838,-0.622026,-0.889166
3.01765,-0.574996,-0.600746,-0.887045,3.01806,-0.563582,-0.594718,-0.876431,3.06256,-0.609985,-0.622936,-0.888383
3.02761,-0.576042,-0.601375,-0.884002,3.02797,-0.564592,-0.595324,-0.873804,3.07255,-0.611048,-0.623648,-0.885711
3.03757,-0.577155,-0.602233,-0.883423,3.0379,-0.565657,-0.596112,-0.873013,3.0821,-0.612142,-0.624572,-0.884917
3.04754,-0.578167,-0.602847,-0.880488,3.04741,-0.5666,-0.596679,-0.870331,3.09175,-0.613213,-0.625415,-0.882378
3.05751,-0.579243,-0.603656,-0.879727,3.05697,-0.567605,-0.59742,-0.869616,3.10146,-0.614341,-0.626436,-0.881515
3.06749,-0.580203,-0.604255,-0.877027,3.06661,-0.568529,-0.597947,-0.866924,3.11123,-0.615406,-0.627315,-0.879162
3.07686,-0.581219,-0.605086,-0.876304,3.07586,-0.569512,-0.598745,-0.866355,3.12105,-0.616511,-0.628347,-0.878231
3.08635,-0.582191,-0.605786,-0.873531,3.08525,-0.570469,-0.599442,-0.863731,3.1309,-0.61756,-0.629255,-0.875966
3.09595,-0.583249,-0.606719,-0.872847,3.09477,-0.571479,-0.600292,-0.863044,3.14078,-0.618645,-0.63029,-0.874879
3.10563,-0.584236,-0.607477,-0.87024,3.10437,-0.572427,-0.600977,-0.860591,3.15069,-0.619681,-0.631212,-0.872638
3.11537,-0.585276,-0.608411,-0.869454,3.11406,-0.573425,-0.601825,-0.859794,3.16061,-0.62075,-0.632249,-0.871544
3.12516,-0.586253,-0.609199,-0.867035,3.12381,-0.574366,-0.602533,-0.857431,3.17055,-0.621767,-0.633162,-0.869264
3.13499,-0.587275,-0.610135,-0.866103,3.13361,-0.575349,-0.603374,-0.856432,3.1805,-0.622825,-0.63421,-0.868224
3.14484,-0.58824,-0.610938,-0.863675,3.14344,-0.576282,-0.604093,-0.85412,3.19046,-0.623821,-0.635089,-0.865752
3.15472,-0.589243,-0.611865,-0.86256,3.15331,-0.57725,-0.60493,-0.853055,3.20043,-0.624863,-0.636124,-0.864631
3.16463,-0.590196,-0.612674,-0.860245,3.1632,-0.57817,-0.605646,-0.850772,3.2104,-0.625844,-0.637008,-0.862233
3.17455,-0.591193,-0.613621,-0.859336,3.17312,-0.579133,-0.606501,-0.849851,3.22038,-0.626857,-0.637981,-0.860904
3.18449,-0.592124,-0.614396,-0.856718,3.18305,-0.580034,-0.607185,-0.847302,3.23036,-0.627825,-0.638837,-0.85849
3.19444,-0.593103,-0.615323,-0.85565,3.193,-0.58098,-0.608016,-0.846276,3.24035,-0.628818,-0.639775,-0.857011
3.20439,-0.594016,-0.61609,-0.853097,3.20295,-0.581866,-0.608696,-0.843761,3.25034,-0.629771,-0.640599,-0.854621
3.21436,-0.594969,-0.616977,-0.851962,3.21292,-0.582789,-0.609489,-0.842569,3.26033,-0.630729,-0.641474,-0.852736
3.22433,-0.595874,-0.61773,-0.849379,3.22289,-0.583664,-0.610153,-0.840068,3.27032,-0.631694,-0.642394,-0.850922
3.23431,-0.596808,-0.61858,-0.848043,3.23286,-0.58457,-0.610915,-0.838696,3.28032,-0.632626,-0.64319,-0.849061
3.24429,-0.597702,-0.619321,-0.845523,3.24284,-0.585433,-0.611571,-0.83627,3.29031,-0.633533,-0.643876,-0.847086
3.25427,-0.598609,-0.620111,-0.843931,3.25283,-0.586298,-0.612243,-0.834321,3.30031,-0.634417,-0.644479,-0.845099
3.26426,-0.599492,-0.620854,-0.841573,3.26282,-0.587166,-0.612961,-0.832455,3.31031,-0.635277,-0.645006,-0.842857
3.27425,-0.600388,-0.621685,-0.839721,3.2728,-0.588036,-0.613712,-0.830629,3.31969,-0.636055,-0.645403,-0.840613
3.28424,-0.601249,-0.622374,-0.837838,3.2828,-0.588866,-0.614306,-0.82877,3.32911,-0.636797,-0.645687,-0.838397
3.29424,-0.602086,-0.622946,-0.835831,3.29279,-0.589671,-0.614789,-0.826797,3.33864,-0.637506,-0.645868,-0.836126
3.30423,-0.602901,-0.623435,-0.833777,3.30278,-0.590455,-0.6152,-0.824823,3.34826,-0.638179,-0.64594,-0.833796
3.31423,-0.603685,-0.623829,-0.831668,3.31278,-0.591218,-0.615536,-0.822818,3.35796,-0.638811,-0.645901,-0.831398
3.32379,-0.604399,-0.624086,-0.82929,3.32278,-0.591937,-0.615743,-0.820653,3.36772,-0.639408,-0.64578,-0.828872
3.33279,-0.605035,-0.624217,-0.826927,3.33277,-0.592617,-0.615838,-0.820654,3.37751,-0.63999,-0.645656,-0.826597
3.34199,-0.605639,-0.624247,-0.824371,3.34277,-0.59325,-0.615817,-0.81756,3.38734,-0.640528,-0.645466,-0.82446
3.35135,-0.606202,-0.62417,-0.821937,3.35277,-0.593827,-0.615672,-0.81485,3.39721,-0.641036,-0.645232,-0.824484
3.36083,-0.606719,-0.623993,-0.819581,3.36276,-0.594351,-0.615431,-0.812294,3.4071,-0.641502,-0.644942,-0.823166
3.37042,-0.607205,-0.623753,-0.81922,3.37253,-0.594828,-0.61515,-0.811817,3.41701,-0.641949,-0.644603,-0.821591
3.38009,-0.607663,-0.623522,-0.817766,3.38234,-0.595271,-0.614863,-0.81027,3.42694,-0.642383,-0.644239,-0.819969
3.38982,-0.608098,-0.623223,-0.81605,3.39219,-0.595689,-0.614508,-0.808485,3.43688,-0.642807,-0.643858,-0.818348
3.39961,-0.608515,-0.622874,-0.814245,3.40207,-0.596088,-0.614104,-0.806629,3.44684,-0.643226,-0.643467,-0.816752
3.40944,-0.608918,-0.62249,-0.812436,3.41197,-0.59647,-0.613659,-0.804758,3.4568,-0.643545,-0.642663,-0.814764
3.4193,-0.609306,-0.622078,-0.810651,3.4219,-0.596838,-0.613179,-0.802903,3.46677,-0.643868,-0.641897,-0.812863
3.4292,-0.609683,-0.62164,-0.808897,3.43183,-0.597193,-0.612673,-0.801082,3.47675,-0.644197,-0.641179,-0.811074
3.43911,-0.610053,-0.621189,-0.80719,3.44178,-0.597541,-0.612167,-0.79934,3.48673,-0.644535,-0.640511,-0.809407
3.44904,-0.61039,-0.620609,-0.805406,3.45174,-0.597826,-0.611404,-0.797396,3.49672,-0.64488,-0.639892,-0.807864
3.45898,-0.610657,-0.619744,-0.803376,3.46171,-0.598072,-0.610501,-0.795366,3.50671,-0.645233,-0.639321,-0.806443
3.46894,-0.610929,-0.618924,-0.801461,3.47169,-0.598323,-0.609642,-0.793449,3.5167,-0.645594,-0.638795,-0.805139
3.4789,-0.611207,-0.618151,-0.799662,3.48167,-0.59858,-0.608832,-0.791658,3.52607,-0.645927,-0.638303,-0.803955
3.48887,-0.611492,-0.617426,-0.797986,3.49165,-0.598843,-0.608068,-0.789988,3.53557,-0.646275,-0.637858,-0.802888
3.49885,-0.611784,-0.616747,-0.796432,3.50164,-0.599112,-0.607349,-0.78844,3.54517,-0.646636,-0.637459,-0.801937
3.50883,-0.61208,-0.616105,-0.794977,3.51163,-0.599387,-0.606671,-0.787005,3.55484,-0.647009,-0.637102,-0.801094
3.5179,-0.612338,-0.61551,-0.793675,3.52118,-0.599645,-0.606037,-0.785698,3.56458,-0.647395,-0.636792,-0.80037
3.52715,-0.612611,-0.614957,-0.792479,3.53082,-0.599915,-0.605445,-0.784503,3.57437,-0.647787,-0.63651,-0.799734
3.53655,-0.612899,-0.614448,-0.791394,3.54053,-0.600193,-0.604895,-0.78342,3.5842,-0.648181,-0.636242,-0.799171
3.54606,-0.613201,-0.613982,-0.790421,3.5503,-0.600479,-0.604382,-0.782442,3.59407,-0.648632,-0.63618,-0.798799
3.55567,-0.613512,-0.613554,-0.789551,3.56011,-0.600766,-0.603878,-0.781532,3.60396,-0.64916,-0.636406,-0.798692
3.56535,-0.613825,-0.613127,-0.788737,3.56996,-0.601057,-0.603405,-0.780715,3.61342,-0.649652,-0.636635,-0.798671
3.5751,-0.614146,-0.612743,-0.788029,3.57984,-0.601358,-0.602981,-0.780016,3.62299,-0.650138,-0.636882,-0.798738
3.5849,-0.614478,-0.612409,-0.787439,3.58975,-0.601665,-0.6026,-0.779418,3.63265,-0.650619,-0.637154,-0.798912
3.59473,-0.614917,-0.612438,-0.787122,3.59966,-0.602073,-0.602564,-0.77909,3.64238,-0.651091,-0.637437,-0.799161
3.6046,-0.615378,-0.612579,-0.787007,3.60959,-0.602506,-0.602651,-0.778948,3.65216,-0.651444,-0.637218,-0.799029
3.61404,-0.615805,-0.612728,-0.786949,3.61952,-0.602929,-0.602752,-0.778876,3.66198,-0.651807,-0.63716,-0.799266
3.6236,-0.616227,-0.612886,-0.786968,3.62947,-0.603339,-0.602861,-0.778887,3.67184,-0.652182,-0.637186,-0.799507
3.63324,-0.616642,-0.613064,-0.787076,3.63943,-0.603739,-0.602987,-0.778988,3.68173,-0.652641,-0.637302,-0.799867
3.64296,-0.617052,-0.613267,-0.787281,3.6494,-0.604069,-0.602849,-0.778919,3.69164,-0.653125,-0.637669,-0.800953
3.65273,-0.617341,-0.612946,-0.787069,3.65937,-0.604335,-0.602491,-0.778705,3.70154,-0.653614,-0.638058,-0.80172
3.66255,-0.617624,-0.612691,-0.786978,3.66935,-0.604617,-0.602335,-0.778999,3.71147,-0.654201,-0.638678,-0.803131
3.6724,-0.617936,-0.612661,-0.787408,3.67933,-0.604957,-0.602314,-0.779166,3.72141,-0.654794,-0.639477,-0.804604
3.68228,-0.618316,-0.612753,-0.787713,3.68932,-0.605355,-0.602454,-0.780013,3.73136,-0.655384,-0.640412,-0.806127
3.69219,-0.618722,-0.612869,-0.788389,3.69931,-0.605754,-0.60261,-0.780559,3.74132,-0.65588,-0.640612,-0.805937
3.70211,-0.619153,-0.613189,-0.789349,3.7093,-0.60619,-0.602973,-0.781653,3.75129,-0.656528,-0.641988,-0.808718
3.71205,-0.619632,-0.61366,-0.790536,3.71929,-0.606699,-0.603529,-0.782866,3.76126,-0.656951,-0.642827,-0.810657
3.722,-0.62017,-0.614305,-0.79181,3.72928,-0.607178,-0.60412,-0.783917,3.77124,-0.65745,-0.644345,-0.814189
3.73196,-0.620701,-0.615097,-0.793275,3.73928,-0.607594,-0.604139,-0.783851,3.78122,-0.657871,-0.645145,-0.816277
3.74193,-0.621145,-0.615198,-0.79306,3.74927,-0.608127,-0.605211,-0.786348,3.79121,-0.658279,-0.645957,-0.819041
3.7519,-0.621717,-0.616369,-0.795612,3.75927,-0.608588,-0.605935,-0.787894,3.8012,-0.658666,-0.646421,-0.820705
3.76188,-0.622195,-0.617166,-0.797217,3.76927,-0.608958,-0.607184,-0.791202,3.81119,-0.659127,-0.647377,-0.823549
3.77186,-0.6226,-0.618486,-0.800615,3.77926,-0.609323,-0.608067,-0.793381,3.82118,-0.659556,-0.647983,-0.825336
3.78185,-0.62292,-0.619053,-0.802451,3.78926,-0.609705,-0.609129,-0.796438,3.83118,-0.660049,-0.649052,-0.828288
3.79184,-0.623237,-0.619681,-0.805051,3.79926,-0.609958,-0.609296,-0.797865,3.84117,-0.660506,-0.649782,-0.830156
3.80183,-0.623542,-0.620009,-0.806565,3.80926,-0.610275,-0.609931,-0.800422,3.85117,-0.661007,-0.650918,-0.833252
3.81182,-0.623919,-0.620808,-0.809285,3.81926,-0.610571,-0.610242,-0.801935,3.86117,-0.661481,-0.651838,-0.835623
3.82181,-0.624272,-0.621278,-0.810863,3.82926,-0.610923,-0.611004,-0.804592,3.87116,-0.661987,-0.652979,-0.838551
3.83181,-0.624681,-0.6222,-0.813755,3.83926,-0.611249,-0.611443,-0.806181,3.88116,-0.662514,-0.654163,-0.841382
3.84181,-0.625061,-0.622786,-0.815482,3.84926,-0.611614,-0.612283,-0.808989,3.89116,-0.663064,-0.655399,-0.844188
3.8518,-0.625475,-0.623749,-0.818439,3.85926,-0.611941,-0.612773,-0.81064,3.90116,-0.663636,-0.656699,-0.84701
3.8618,-0.625875,-0.624582,-0.820892,3.86926,-0.612322,-0.613718,-0.813572,3.91116,-0.664225,-0.658059,-0.849865
3.8718,-0.626296,-0.625507,-0.823495,3.87925,-0.612706,-0.614543,-0.81591,3.92116,-0.664833,-0.659479,-0.852745
3.8818,-0.626741,-0.626538,-0.82621,3.88925,-0.613122,-0.615534,-0.818634,3.93116,-0.665448,-0.660931,-0.855617
3.8918,-0.627212,-0.627614,-0.828852,3.89925,-0.613553,-0.616537,-0.821198,3.94115,-0.66585,-0.66144,-0.857559
3.90179,-0.627703,-0.628756,-0.831535,3.90925,-0.614007,-0.617614,-0.823806,3.95115,-0.666124,-0.661554,-0.859053
3.91179,-0.628213,-0.629959,-0.834245,3.91925,-0.614473,-0.61874,-0.826431,3.96115,-0.666376,-0.661705,-0.86051
3.92179,-0.628737,-0.631217,-0.836983,3.92925,-0.614958,-0.61993,-0.829091,3.97115,-0.666615,-0.661944,-0.861984
3.93179,-0.629096,-0.63172,-0.83897,3.93925,-0.615441,-0.621124,-0.83173,3.98115,-0.666817,-0.662239,-0.863487
3.94179,-0.629327,-0.631759,-0.840439,3.94925,-0.615918,-0.622272,-0.83426,3.99115,-0.667047,-0.662763,-0.865182
3.95179,-0.629506,-0.631699,-0.841749,3.95925,-0.616159,-0.622412,-0.835833,4.00115,-0.667286,-0.663415,-0.866968
3.96179,-0.629675,-0.631719,-0.84308,3.96925,-0.616312,-0.622291,-0.837075,4.01115,-0.667536,-0.664157,-0.868751
3.97179,-0.629811,-0.631786,-0.844422,3.97925,-0.616457,-0.622267,-0.838359,4.02115,-0.667807,-0.665027,-0.870689
3.98179,-0.629939,-0.631965,-0.845869,3.98925,-0.616613,-0.62242,-0.83974,4.03115,-0.668159,-0.666296,-0.872862
3.99179,-0.630081,-0.632451,-0.847483,3.99925,-0.616748,-0.622648,-0.841195,4.04115,-0.668558,-0.667799,-0.875246
4.00179,-0.630256,-0.632973,-0.849253,4.00925,-0.61689,-0.623,-0.842742,4.05115,-0.669028,-0.669383,-0.877614
4.01179,-0.630451,-0.633595,-0.850948,4.01925,-0.617032,-0.62343,-0.844291,4.06115,-0.669718,-0.670988,-0.879589
4.02179,-0.630724,-0.63462,-0.852985,4.02925,-0.617192,-0.623981,-0.845968,4.07115,-0.670512,-0.67263,-0.881582
4.03179,-0.631049,-0.635908,-0.855221,4.03925,-0.617395,-0.624763,-0.847773,4.08115,-0.671369,-0.674245,-0.883551
4.04179,-0.631408,-0.637278,-0.85752,4.04925,-0.617689,-0.625984,-0.849915,4.09115,-0.672265,-0.675823,-0.885578
4.05179,-0.631984,-0.638667,-0.859374,4.05925,-0.617984,-0.627236,-0.852136,4.10115,-0.673189,-0.677347,-0.887543
4.06179,-0.632658,-0.640105,-0.861168,4.06925,-0.618467,-0.628593,-0.85407,4.11115,-0.674128,-0.678792,-0.889442
4.07179,-0.633391,-0.641548,-0.863042,4.07925,-0.619063,-0.629948,-0.855804,4.12115,-0.675085,-0.680187,-0.891346
4.08179,-0.634161,-0.642949,-0.864878,4.08925,-0.619723,-0.63132,-0.85758,4.13115,-0.67604,-0.681502,-0.893167
4.09179,-0.634955,-0.644316,-0.86676,4.09925,-0.620429,-0.63267,-0.859333,4.14115,-0.676996,-0.682758,-0.894973
4.10179,-0.635776,-0.645635,-0.86856,4.10925,-0.621164,-0.633979,-0.861087,4.14988,-0.67783,-0.683838,-0.896542
4.11179,-0.636605,-0.6469,-0.870322,4.11925,-0.621915,-0.635239,-0.862823,4.15867,-0.678704,-0.684997,-0.898437
4.12179,-0.637435,-0.648096,-0.872031,4.12925,-0.622669,-0.636431,-0.864494,4.16771,-0.679598,-0.686036,-0.900052
4.13179,-0.638263,-0.649234,-0.873686,4.13925,-0.623372,-0.637362,-0.865498,4.17693,-0.680528,-0.687119,-0.901826
4.14179,-0.63909,-0.650316,-0.87529,4.14925,-0.624162,-0.638583,-0.867577,4.1863,-0.68147,-0.688058,-0.903385
4.15179,-0.639906,-0.651334,-0.876804,4.15925,-0.624925,-0.639651,-0.869178,4.19579,-0.682424,-0.689062,-0.90512
4.16179,-0.640757,-0.652439,-0.878681,4.16925,-0.625715,-0.640703,-0.870965,4.20539,-0.683383,-0.690093,-0.907144
4.17179,-0.641606,-0.653403,-0.880191,4.17925,-0.626514,-0.641662,-0.87243,4.21503,-0.68434,-0.691049,-0.908952
4.18179,-0.642473,-0.654408,-0.881923,4.18925,-0.627332,-0.642662,-0.874064,4.22474,-0.6853,-0.692025,-0.910953
4.19179,-0.643348,-0.655286,-0.883356,4.19925,-0.628147,-0.64352,-0.875574,4.23451,-0.686204,-0.693123,-0.914441
4.20179,-0.644217,-0.656198,-0.88505,4.20925,-0.628956,-0.644394,-0.87722,4.2443,-0.687218,-0.693978,-0.915258
4.21179,-0.645082,-0.657127,-0.886907,4.21925,-0.62977,-0.645338,-0.879104,4.25414,-0.688206,-0.694999,-0.918466
4.22179,-0.645948,-0.658012,-0.888957,4.22925,-0.630583,-0.646227,-0.881792,4.26398,-0.68913,-0.695978,-0.920121
4.23179,-0.646809,-0.658891,-0.890876,4.23925,-0.631388,-0.646999,-0.882616,4.27384,-0.689615,-0.694487,-0.920326
4.24179,-0.64761,-0.659806,-0.893153,4.24925,-0.632144,-0.647948,-0.885885,4.28371,-0.690907,-0.696811,-0.923745
4.25179,-0.648518,-0.660618,-0.894871,4.25925,-0.633002,-0.648662,-0.886612,4.29361,-0.692043,-0.698934,-0.928745
4.26179,-0.649394,-0.661485,-0.896956,4.26925,-0.63383,-0.649544,-0.889591,4.30308,-0.692877,-0.699121,-0.929432
4.27179,-0.649979,-0.661457,-0.898565,4.27925,-0.634557,-0.650218,-0.891156,4.31265,-0.693861,-0.700001,-0.932786
4.28179,-0.650887,-0.66202,-0.900147,4.28925,-0.63516,-0.649496,-0.892091,4.32231,-0.694926,-0.701817,-0.936116
4.29179,-0.651961,-0.663859,-0.903555,4.29925,-0.636233,-0.651499,-0.895137,4.332,-0.695865,-0.702241,-0.938826
4.30179,-0.65261,-0.664135,-0.90583,4.30821,-0.636791,-0.651908,-0.898372,4.34176,-0.696844,-0.703304,-0.940974
4.31135,-0.653539,-0.664869,-0.90783,4.31681,-0.637804,-0.653817,-0.901431,4.35156,-0.698017,-0.705219,-0.945662
4.321,-0.654625,-0.666882,-0.911751,4.3257,-0.638516,-0.653924,-0.903274,4.3614,-0.698829,-0.705064,-0.946398
4.33072,-0.655261,-0.66705,-0.913957,4.33481,-0.639174,-0.654623,-0.905369,4.37126,-0.700016,-0.707334,-0.951821
4.34047,-0.656255,-0.667986,-0.916406,4.34372,-0.640204,-0.656422,-0.909573,4.38053,-0.701123,-0.708769,-0.954857
4.35027,-0.65734,-0.669986,-0.920549,4.35269,-0.640795,-0.656005,-0.909957,4.38834,-0.701349,-0.707452,-0.955032
4.36011,-0.657719,-0.668625,-0.921099,4.36186,-0.641798,-0.658131,-0.91486,4.39627,-0.702527,-0.709875,-0.959509
4.36997,-0.659056,-0.671506,-0.926224,4.3712,-0.64258,-0.658776,-0.916728,4.4042,-0.703583,-0.712031,-0.964449
4.37984,-0.660108,-0.673157,-0.929941,4.38061,-0.643431,-0.659758,-0.920501,4.41253,-0.704252,-0.712545,-0.966649
4.38929,-0.660512,-0.672152,-0.93095,4.39014,-0.644295,-0.660869,-0.923096,4.42119,-0.705192,-0.713457,-0.970295
4.39881,-0.661844,-0.675059,-0.936277,4.39976,-0.645161,-0.661891,-0.92694,4.43011,-0.705979,-0.714264,-0.972857
4.40842,-0.662718,-0.676385,-0.93862,4.40897,-0.64597,-0.662956,-0.92967,4.43924,-0.706762,-0.714873,-0.976157
4.41807,-0.663417,-0.676263,-0.941241,4.41703,-0.646587,-0.663478,-0.931903,4.44837,-0.707616,-0.715824,-0.978563
4.42751,-0.664486,-0.678655,-0.946359,4.42532,-0.647278,-0.66423,-0.934849,4.45767,-0.708422,-0.716517,-0.982086
4.43706,-0.66486,-0.677201,-0.945894,4.43332,-0.648052,-0.665607,-0.939181,4.46711,-0.709201,-0.717166,-0.983899
4.4467,-0.665883,-0.679412,-0.950687,4.44156,-0.648311,-0.664095,-0.937938,4.47661,-0.710053,-0.718165,-0.987796
4.45638,-0.666796,-0.680487,-0.954493,4.45001,-0.649204,-0.666084,-0.94307,4.48573,-0.710828,-0.71896,-0.990417
4.46612,-0.667019,-0.678849,-0.953185,4.45864,-0.650033,-0.667326,-0.946842,4.49489,-0.711545,-0.719571,-0.993639
4.47589,-0.668209,-0.681407,-0.959178,4.46743,-0.650147,-0.665507,-0.945777,4.50421,-0.712244,-0.720198,-0.995543
4.48525,-0.668994,-0.682501,-0.963428,4.47589,-0.651149,-0.66777,-0.950905,4.51367,-0.712958,-0.720815,-0.998157
4.49464,-0.669255,-0.680885,-0.961569,4.48405,-0.65183,-0.668859,-0.95534,4.52323,-0.713644,-0.721398,-1.00135
4.50403,-0.670243,-0.683283,-0.967274,4.49231,-0.652062,-0.667491,-0.954532,4.53287,-0.714219,-0.721596,-1.00255
4.51354,-0.670907,-0.68368,-0.970429,4.50091,-0.652906,-0.669457,-0.95872,4.54259,-0.714915,-0.722274,-1.00567
4.52311,-0.671463,-0.683905,-0.971501,4.50978,-0.653496,-0.669853,-0.961817,4.55236,-0.715542,-0.722708,-1.00781
4.53273,-0.672168,-0.684691,-0.975149,4.51887,-0.653959,-0.669753,-0.96234,4.56218,-0.716131,-0.723187,-1.00989
4.54242,-0.672759,-0.685062,-0.978064,4.52814,-0.654534,-0.670181,-0.965635,4.57203,-0.716686,-0.723727,-1.01283
4.55218,-0.673243,-0.685022,-0.978632,4.53755,-0.655095,-0.67055,-0.968424,4.58027,-0.716989,-0.723722,-1.01419
4.56196,-0.673849,-0.685553,-0.981928,4.54708,-0.655555,-0.67053,-0.968878,4.58822,-0.717295,-0.72384,-1.01564
4.57178,-0.674459,-0.686109,-0.984869,4.5567,-0.656119,-0.670987,-0.972191,4.59641,-0.717702,-0.72437,-1.01845
4.58164,-0.674832,-0.686036,-0.985259,4.56639,-0.65658,-0.671299,-0.974736,4.60496,-0.718117,-0.724867,-1.02077
4.59152,-0.675321,-0.686522,-0.988394,4.57615,-0.656903,-0.671091,-0.975021,4.61379,-0.718528,-0.725584,-1.02315
4.60139,-0.675764,-0.686827,-0.990962,4.58593,-0.657364,-0.671514,-0.978124,4.62285,-0.718912,-0.726179,-1.02468
4.61129,-0.676113,-0.686864,-0.991493,4.59529,-0.65777,-0.671771,-0.980577,4.63209,-0.719341,-0.726986,-1.02693
4.62121,-0.676606,-0.687444,-0.994619,4.60473,-0.658094,-0.671808,-0.981071,4.64142,-0.719992,-0.728565,-1.03027
4.63115,-0.677068,-0.68807,-0.997422,4.61428,-0.658522,-0.672425,-0.984141,4.65088,-0.72053,-0.729847,-1.03235
4.6411,-0.677384,-0.688276,-0.99767,4.62392,-0.658938,-0.673082,-0.986942,4.66045,-0.72146,-0.732256,-1.0354
4.65105,-0.67785,-0.689169,-1.00098,4.63363,-0.659259,-0.673342,-0.987238,4.6701,-0.722408,-0.734719,-1.03915
4.66102,-0.678373,-0.690228,-1.00384,4.6434,-0.659894,-0.674882,-0.990993,4.67982,-0.723727,-0.737931,-1.0415
4.67099,-0.678876,-0.691314,-1.00492,4.65321,-0.660537,-0.67638,-0.994277,4.6896,-0.725017,-0.741065,-1.04536
4.68097,-0.67964,-0.693267,-1.00881,4.66306,-0.66127,-0.678088,-0.995554,4.69942,-0.726277,-0.744129,-1.0484
4.69095,-0.680466,-0.695418,-1.01226,4.67292,-0.662333,-0.680858,-0.999819,4.70927,-0.727396,-0.746793,-1.05114
4.70094,-0.681507,-0.698011,-1.01394,4.68281,-0.663566,-0.683858,-1.00348,4.71915,-0.728543,-0.74959,-1.05463
4.71093,-0.682731,-0.701113,-1.01803,4.69273,-0.664725,-0.686552,-1.00507,4.72906,-0.729457,-0.751638,-1.05581
4.72092,-0.683952,-0.704213,-1.02169,4.70266,-0.665897,-0.68939,-1.00907,4.73897,-0.730494,-0.754245,-1.05964
4.73091,-0.684951,-0.706485,-1.02299,4.7126,-0.667034,-0.692063,-1.01245,4.74846,-0.731263,-0.755934,-1.06216
4.74091,-0.686065,-0.709274,-1.02699,4.72211,-0.667929,-0.694063,-1.0134,4.75805,-0.732114,-0.758356,-1.06422
4.75046,-0.687013,-0.711583,-1.03002,4.73172,-0.668961,-0.696699,-1.01732,4.76772,-0.732913,-0.760444,-1.06766
4.76011,-0.687754,-0.713124,-1.03066,4.74141,-0.669819,-0.698728,-1.02065,4.77745,-0.733566,-0.762134,-1.06912
4.76982,-0.688707,-0.715835,-1.03477,4.75116,-0.670574,-0.700488,-1.02156,4.78724,-0.734252,-0.764013,-1.07241
4.77959,-0.689459,-0.717602,-1.03761,4.76096,-0.671367,-0.702329,-1.02525,4.79707,-0.734774,-0.765525,-1.07379
4.78941,-0.690166,-0.719497,-1.03937,4.77076,-0.672051,-0.703776,-1.02755,4.80693,-0.735332,-0.767205,-1.07707
4.79925,-0.690861,-0.721355,-1.04262,4.7806,-0.672696,-0.705437,-1.02915,4.81682,-0.73573,-0.768498,-1.07842
4.80912,-0.691407,-0.722815,-1.04407,4.79046,-0.673337,-0.707043,-1.03238,4.82673,-0.736143,-0.769966,-1.08157
4.81901,-0.69198,-0.724435,-1.0473,4.80035,-0.673827,-0.708264,-1.03367,4.83666,-0.736267,-0.770823,-1.0815
4.82893,-0.69237,-0.725649,-1.0486,4.81026,-0.674329,-0.709648,-1.0368,4.8466,-0.7363,-0.771804,-1.08386
4.83886,-0.692688,-0.726989,-1.05042,4.82018,-0.674603,-0.710617,-1.03663,4.85656,-0.736141,-0.772447,-1.08468
4.84881,-0.69275,-0.727911,-1.05119,4.83013,-0.674798,-0.711719,-1.03916,4.86652,-0.735998,-0.773297,-1.0875
4.85876,-0.692801,-0.728927,-1.05394,4.84008,-0.674768,-0.712248,-1.03981,4.87649,-0.735685,-0.773807,-1.08869
4.86873,-0.692645,-0.729432,-1.05482,4.85004,-0.674747,-0.712947,-1.04248,4.88647,-0.735405,-0.774513,-1.09182
4.8787,-0.692513,-0.730142,-1.0577,4.86001,-0.674561,-0.713312,-1.04347,4.89645,-0.734969,-0.774886,-1.09268
4.88868,-0.692219,-0.730499,-1.05889,4.86999,-0.674411,-0.713902,-1.04649,4.90582,-0.734568,-0.775414,-1.09557
4.89866,-0.691963,-0.731062,-1.06205,4.87997,-0.674105,-0.714148,-1.0478,4.91531,-0.734039,-0.775715,-1.09706
4.90865,-0.691557,-0.731286,-1.06299,4.88995,-0.673847,-0.714612,-1.0511,4.92486,-0.733572,-0.776261,-1.10057
4.91802,-0.691188,-0.731686,-1.06595,4.89994,-0.673446,-0.714744,-1.05267,4.9345,-0.732991,-0.776574,-1.10258
4.92752,-0.690707,-0.731899,-1.06754,4.90993,-0.673095,-0.715098,-1.05573,4.94421,-0.732481,-0.777122,-1.10653
4.93711,-0.690288,-0.732348,-1.07112,4.9193,-0.672621,-0.715185,-1.05724,4.95395,-0.731879,-0.777401,-1.10895
4.94679,-0.689751,-0.732537,-1.07317,4.92875,-0.672219,-0.715546,-1.06094,4.96375,-0.731362,-0.777844,-1.11297
4.95652,-0.689297,-0.733002,-1.07719,4.93831,-0.671703,-0.715641,-1.06298,4.97357,-0.73075,-0.778009,-1.11553
4.96631,-0.688748,-0.733242,-1.07973,4.94796,-0.671262,-0.716003,-1.06707,4.98342,-0.730235,-0.778524,-1.11931
4.97615,-0.688317,-0.733809,-1.08391,4.95767,-0.670737,-0.71617,-1.06961,4.9933,-0.72963,-0.778841,-1.12204
4.98601,-0.687831,-0.734065,-1.08653,4.96744,-0.670351,-0.716647,-1.07386,5.00321,-0.72905,-0.779265,-1.1259
4.9959,-0.687366,-0.734452,-1.09019,4.97726,-0.669869,-0.7168,-1.07652,5.01312,-0.72838,-0.779501,-1.12874
5.00581,-0.686801,-0.73462,-1.09281,4.98707,-0.669418,-0.717117,-1.08036,5.02306,-0.727737,-0.779844,-1.13264
5.01574,-0.686262,-0.734911,-1.09656,4.99692,-0.668874,-0.717217,-1.08304,5.033,-0.727028,-0.780095,-1.13566
5.02569,-0.685629,-0.734996,-1.09926,5.0068,-0.668362,-0.717455,-1.08694,5.04296,-0.726385,-0.780402,-1.13952
5.03564,-0.685037,-0.735272,-1.10311,5.01671,-0.667755,-0.717482,-1.08969,5.05292,-0.725735,-0.780713,-1.14256
5.0456,-0.684379,-0.735301,-1.10581,5.02663,-0.667194,-0.717707,-1.09368,5.0629,-0.725185,-0.78108,-1.14626
5.05557,-0.683816,-0.735622,-1.10968,5.03657,-0.666545,-0.717661,-1.09645,5.07287,-0.724646,-0.781405,-1.14907
5.06555,-0.683231,-0.735702,-1.11218,5.04652,-0.66599,-0.717886,-1.10041,5.08285,-0.724192,-0.7819,-1.15285
5.07553,-0.682723,-0.736119,-1.1165,5.05648,-0.665405,-0.717909,-1.10309,5.09239,-0.723697,-0.78207,-1.15519
5.08552,-0.682238,-0.736259,-1.1187,5.06644,-0.664892,-0.718208,-1.1073,5.10154,-0.723303,-0.782117,-1.15705
5.0955,-0.681839,-0.736622,-1.12212,5.07641,-0.664425,-0.718321,-1.10971,5.11085,-0.722804,-0.78216,-1.15935
5.10379,-0.681401,-0.736698,-1.12454,5.08638,-0.664042,-0.718631,-1.11322,5.12024,-0.722617,-0.783103,-1.16445
5.11242,-0.681052,-0.736062,-1.12424,5.09636,-0.663572,-0.71872,-1.11587,5.12971,-0.722275,-0.782982,-1.1652
5.1212,-0.680818,-0.736952,-1.1287,5.10634,-0.663226,-0.718265,-1.11567,5.13918,-0.721975,-0.783306,-1.16849
5.13022,-0.680527,-0.737408,-1.13334,5.11632,-0.662959,-0.719144,-1.12046,5.14825,-0.72189,-0.784029,-1.17224
5.13936,-0.6803,-0.737639,-1.1354,5.1263,-0.662579,-0.719028,-1.12282,5.15683,-0.721753,-0.78403,-1.1739
5.14814,-0.680124,-0.737584,-1.13698,5.13629,-0.662418,-0.719755,-1.12692,5.16568,-0.72158,-0.78422,-1.17645
5.15645,-0.679854,-0.737478,-1.13842,5.14628,-0.662202,-0.719303,-1.12665,5.17467,-0.721584,-0.784883,-1.18103
5.16496,-0.679874,-0.738318,-1.14345,5.15565,-0.662072,-0.720135,-1.1313,5.18378,-0.721314,-0.783774,-1.17954
5.17377,-0.679695,-0.737803,-1.14351,5.1651,-0.661974,-0.720186,-1.13323,5.19299,-0.721363,-0.784628,-1.18756
5.1828,-0.679615,-0.738417,-1.14881,5.17461,-0.66187,-0.720427,-1.13638,5.20184,-0.72119,-0.783368,-1.18397
5.19195,-0.679444,-0.7373,-1.14658,5.18422,-0.661765,-0.720276,-1.13836,5.21082,-0.721292,-0.784073,-1.18963
5.2012,-0.679422,-0.737956,-1.15421,5.1939,-0.661681,-0.72014,-1.14056,5.21993,-0.721173,-0.782513,-1.1895
5.21054,-0.679334,-0.736774,-1.15037,5.20365,-0.661618,-0.719739,-1.144,5.2292,-0.721326,-0.783191,-1.194
5.22001,-0.679363,-0.737275,-1.15784,5.21343,-0.661602,-0.719532,-1.14431,5.23811,-0.72137,-0.782554,-1.19418
5.22954,-0.679364,-0.736125,-1.15428,5.22325,-0.661617,-0.719214,-1.14675,5.24714,-0.721541,-0.782109,-1.1973
5.2391,-0.679456,-0.736455,-1.16126,5.23308,-0.661657,-0.718771,-1.14832,5.25629,-0.721658,-0.781528,-1.19738
5.2487,-0.679546,-0.735303,-1.15799,5.24249,-0.661737,-0.718317,-1.1502,5.26554,-0.721904,-0.781077,-1.19941
5.25839,-0.679709,-0.735476,-1.1643,5.25193,-0.661844,-0.71785,-1.15196,5.27479,-0.722134,-0.780458,-1.20078
5.26811,-0.679896,-0.734354,-1.16119,5.26148,-0.662009,-0.717319,-1.15331,5.28419,-0.722457,-0.779887,-1.20191
5.27789,-0.680134,-0.734381,-1.16688,5.27108,-0.662199,-0.71675,-1.15451,5.29365,-0.722764,-0.779055,-1.20173
5.28769,-0.680416,-0.733289,-1.1639,5.28073,-0.662441,-0.716207,-1.15597,5.30198,-0.723127,-0.778377,-1.20363
5.29753,-0.680733,-0.733188,-1.16896,5.29045,-0.662714,-0.715589,-1.15692,5.31051,-0.723484,-0.777605,-1.20474
5.30739,-0.681093,-0.732069,-1.16597,5.30022,-0.663042,-0.715018,-1.15812,5.31873,-0.723897,-0.776767,-1.20499
5.31553,-0.681416,-0.731734,-1.17048,5.31004,-0.663403,-0.714356,-1.15875,5.32704,-0.724365,-0.776005,-1.20559
5.32339,-0.681805,-0.730461,-1.16672,5.31989,-0.663842,-0.713783,-1.15958,5.33556,-0.724898,-0.775203,-1.20536
5.33151,-0.682226,-0.73019,-1.17094,5.32975,-0.664321,-0.713105,-1.15976,5.34425,-0.725495,-0.774439,-1.20524
5.33985,-0.682737,-0.729059,-1.16707,5.33964,-0.664873,-0.712452,-1.15961,5.35309,-0.726139,-0.773686,-1.20486
5.34851,-0.683273,-0.728741,-1.17045,5.34955,-0.665453,-0.71181,-1.15968,5.36207,-0.72685,-0.772947,-1.2044
5.35685,-0.683874,-0.727638,-1.16623,5.35947,-0.6661,-0.711157,-1.15898,5.37125,-0.727599,-0.772229,-1.20364
5.36539,-0.684479,-0.72736,-1.16958,5.3694,-0.66677,-0.710536,-1.15876,5.38053,-0.728422,-0.771568,-1.2026
5.3741,-0.685179,-0.72636,-1.16498,5.37934,-0.667505,-0.7099,-1.15755,5.38995,-0.729312,-0.770794,-1.20062
5.38297,-0.685875,-0.726054,-1.1676,5.38929,-0.668262,-0.709302,-1.15684,5.39948,-0.730199,-0.770074,-1.20218
5.39189,-0.686654,-0.725051,-1.16236,5.39924,-0.669083,-0.708567,-1.15499,5.40904,-0.7312,-0.769547,-1.19789
5.40095,-0.687433,-0.724784,-1.16565,5.40921,-0.669919,-0.707897,-1.15548,5.41864,-0.732174,-0.769085,-1.19748
5.41018,-0.688325,-0.724002,-1.15984,5.41918,-0.670812,-0.70736,-1.15307,5.4283,-0.733202,-0.768397,-1.19516
5.41957,-0.689158,-0.723718,-1.16291,5.42915,-0.6717,-0.707104,-1.15055,5.438,-0.734313,-0.76814,-1.19479
5.42907,-0.690136,-0.723222,-1.15732,5.43913,-0.672637,-0.706514,-1.15051,5.44775,-0.73532,-0.767599,-1.19071
5.43868,-0.690961,-0.722801,-1.15794,5.4491,-0.673582,-0.706241,-1.1466,5.45754,-0.736435,-0.767135,-1.19156
5.44836,-0.692173,-0.722575,-1.15438,5.45909,-0.674566,-0.705909,-1.14451,5.46735,-0.737609,-0.767012,-1.1887
5.45807,-0.692959,-0.722113,-1.15431,5.46907,-0.675543,-0.705545,-1.14279,5.47719,-0.738741,-0.766612,-1.18366
5.46785,-0.694024,-0.721713,-1.14854,5.47906,-0.676561,-0.705249,-1.1399,5.48706,-0.739899,-0.766261,-1.18277
5.47766,-0.695017,-0.721586,-1.14987,5.48905,-0.67751,-0.704847,-1.13739,5.49695,-0.741106,-0.766042,-1.18053
5.48752,-0.696079,-0.721213,-1.14371,5.49904,-0.67864,-0.704611,-1.13374,5.50686,-0.742239,-0.765641,-1.17573
5.4974,-0.697072,-0.721056,-1.14466,5.50903,-0.679539,-0.7042,-1.1327,5.51679,-0.743402,-0.765347,-1.17194
5.50729,-0.69815,-0.720692,-1.13797,5.51902,-0.680574,-0.703876,-1.12689,5.52673,-0.744763,-0.765491,-1.17162
5.51721,-0.699177,-0.720561,-1.13845,5.52902,-0.681598,-0.703731,-1.12638,5.53669,-0.7458,-0.764746,-1.16632
5.52714,-0.700279,-0.720321,-1.13202,5.53901,-0.682696,-0.703591,-1.12124,5.54665,-0.746939,-0.763953,-1.1596
5.53708,-0.701337,-0.720258,-1.13251,5.54901,-0.683666,-0.70327,-1.11934,5.55662,-0.74803,-0.763333,-1.16003
5.54703,-0.702359,-0.719587,-1.12464,5.55901,-0.6849,-0.703416,-1.11416,5.5666,-0.74925,-0.762739,-1.15267
5.55699,-0.703321,-0.719016,-1.12517,5.569,-0.685775,-0.702741,-1.11143,5.57658,-0.750296,-0.761976,-1.14845
5.56696,-0.704328,-0.718214,-1.11657,5.579,-0.686808,-0.702136,-1.10575,5.58656,-0.751745,-0.762333,-1.14692
5.57693,-0.705316,-0.717665,-1.1144,5.589,-0.687648,-0.701221,-1.10197,5.59654,-0.75284,-0.761717,-1.14167
5.58691,-0.70646,-0.717606,-1.11065,5.599,-0.68887,-0.701312,-1.09769,5.60653,-0.754203,-0.761888,-1.13608
5.59689,-0.707523,-0.717281,-1.10735,5.609,-0.689777,-0.700697,-1.09386,5.61652,-0.755457,-0.762024,-1.13455
5.60687,-0.708657,-0.717116,-1.10057,5.619,-0.690973,-0.700885,-1.08882,5.6265,-0.756915,-0.762554,-1.12983
5.61686,-0.709858,-0.717516,-1.10071,5.629,-0.69199,-0.700715,-1.08492,5.63606,-0.758092,-0.762631,-1.12698
5.62685,-0.711016,-0.717528,-1.09339,5.63899,-0.693327,-0.701459,-1.08151,5.6457,-0.759319,-0.762815,-1.12254
5.63684,-0.712216,-0.717916,-1.09111,5.64899,-0.694254,-0.701155,-1.07759,5.65541,-0.760527,-0.763214,-1.11947
5.64684,-0.713332,-0.71813,-1.08635,5.65899,-0.695317,-0.701363,-1.07278,5.66518,-0.761731,-0.763595,-1.11607
5.65683,-0.714467,-0.718556,-1.08388,5.66899,-0.696412,-0.701858,-1.07141,5.67497,-0.762948,-0.764264,-1.11468
5.66683,-0.715603,-0.719113,-1.08186,5.67899,-0.697391,-0.702049,-1.06675,5.68481,-0.764029,-0.764476,-1.10947
5.67683,-0.716628,-0.719456,-1.07772,5.68899,-0.698444,-0.702656,-1.06497,5.69468,-0.765228,-0.765326,-1.10872
5.68682,-0.717694,-0.719976,-1.07517,5.69899,-0.699439,-0.703114,-1.06209,5.70457,-0.766335,-0.765833,-1.10559
5.69682,-0.71878,-0.720786,-1.07424,5.70899,-0.700369,-0.703526,-1.05836,5.71448,-0.76741,-0.766472,-1.10279
5.70682,-0.719728,-0.721084,-1.06943,5.71899,-0.701412,-0.7043,-1.05721,5.72441,-0.768502,-0.767142,-1.10064
5.71682,-0.720768,-0.721946,-1.06875,5.72899,-0.702298,-0.704777,-1.054,5.73435,-0.769634,-0.768147,-1.10001
5.72682,-0.721773,-0.722572,-1.06603,5.73899,-0.703258,-0.705446,-1.05173,5.7443,-0.77058,-0.768483,-1.09549
5.73681,-0.722696,-0.72323,-1.06364,5.74899,-0.704114,-0.705917,-1.04843,5.75426,-0.771627,-0.769413,-1.09453
5.74681,-0.723658,-0.723883,-1.06125,5.75899,-0.705052,-0.706739,-1.04742,5.76423,-0.772733,-0.770377,-1.09361
5.75681,-0.724614,-0.724769,-1.06047,5.76899,-0.705926,-0.707397,-1.04544,5.77377,-0.773622,-0.770983,-1.09111
5.76681,-0.725482,-0.725249,-1.0568,5.77899,-0.706754,-0.707906,-1.04216,5.78291,-0.774467,-0.771441,-1.0877
5.77638,-0.726393,-0.72623,-1.05636,5.78899,-0.707649,-0.708769,-1.0413,5.79222,-0.775501,-0.772616,-1.08853
5.78596,-0.727237,-0.726808,-1.0539,5.79899,-0.708403,-0.709102,-1.03878,5.80166,-0.776159,-0.772477,-1.08425
5.7956,-0.728006,-0.727328,-1.05193,5.80899,-0.709103,-0.709379,-1.03593,5.81113,-0.776917,-0.77287,-1.08216
5.80531,-0.728757,-0.727653,-1.0493,5.81899,-0.709929,-0.710046,-1.03484,5.82071,-0.777766,-0.773415,-1.08094
5.81507,-0.72949,-0.728088,-1.04792,5.82899,-0.710552,-0.710114,-1.03144,5.83034,-0.778444,-0.773594,-1.078
5.82485,-0.730127,-0.728133,-1.04383,5.83899,-0.711235,-0.710476,-1.02924,5.84001,-0.779152,-0.773788,-1.0749
5.83467,-0.730869,-0.728686,-1.04332,5.84899,-0.712007,-0.711046,-1.02855,5.84974,-0.78001,-0.774555,-1.07468
5.84452,-0.731516,-0.728834,-1.04024,5.85899,-0.712577,-0.711062,-1.02476,5.85951,-0.780632,-0.774585,-1.07098
5.85441,-0.73221,-0.729245,-1.0387,5.86899,-0.713195,-0.711195,-1.0218,5.8693,-0.781332,-0.775039,-1.06866
5.86431,-0.732793,-0.729286,-1.03515,5.87899,-0.713875,-0.711625,-1.02031,5.87912,-0.782021,-0.77562,-1.06675
5.87423,-0.733585,-0.73005,-1.03478,5.88899,-0.71442,-0.711614,-1.01806,5.88896,-0.782631,-0.776038,-1.065
5.88416,-0.734094,-0.729925,-1.03156,5.89899,-0.715026,-0.711894,-1.01594,5.89883,-0.783232,-0.776438,-1.06196
5.89409,-0.734687,-0.730349,-1.0285,5.90899,-0.715611,-0.712076,-1.01275,5.90871,-0.783983,-0.777339,-1.06105
5.90403,-0.735302,-0.730988,-1.02772,5.91876,-0.716257,-0.712515,-1.01106,5.918,-0.784481,-0.777624,-1.05886
5.91399,-0.735927,-0.731666,-1.02561,5.92855,-0.71685,-0.71287,-1.00927,5.92732,-0.785012,-0.778019,-1.05519
5.92395,-0.736454,-0.73208,-1.02415,5.93837,-0.717362,-0.713113,-1.00664,5.93359,-0.785477,-0.778697,-1.05524
5.93348,-0.736964,-0.732545,-1.02182,5.94823,-0.717958,-0.713782,-1.00547,5.93975,-0.785838,-0.779078,-1.05268
5.9431,-0.737463,-0.732955,-1.01934,5.95733,-0.718414,-0.714179,-1.00365,5.94577,-0.786213,-0.779528,-1.05087
5.95276,-0.737997,-0.733489,-1.01769,5.96654,-0.718862,-0.71457,-1.00115,5.95157,-0.786646,-0.780145,-1.04944
5.96245,-0.738436,-0.733805,-1.01582,5.97434,-0.719288,-0.715058,-0.999585,5.95738,-0.786943,-0.780396,-1.04738
5.97213,-0.738976,-0.734397,-1.01428,5.9819,-0.719633,-0.715356,-0.99725,5.96311,-0.787239,-0.780622,-1.0444
5.98183,-0.739345,-0.734449,-1.01086,5.98975,-0.720032,-0.71577,-0.995003,5.96884,-0.787656,-0.781236,-1.04378
5.99157,-0.739821,-0.734864,-1.00916,5.99785,-0.720384,-0.716043,-0.993441,5.97454,-0.787946,-0.781455,-1.04151
6.00134,-0.740263,-0.73518,-1.0069,6.00617,-0.720778,-0.716453,-0.990618,5.98018,-0.78823,-0.781657,-1.03902
6.01113,-0.740746,-0.735754,-1.00582,6.01398,-0.721131,-0.716804,-0.988843,5.98576,-0.788615,-0.782137,-1.03685
6.02097,-0.741178,-0.736079,-1.00361,6.02223,-0.721474,-0.717118,-0.987025,5.9912,-0.788837,-0.78214,-1.03472
6.03083,-0.741597,-0.736375,-1.00143,6.03083,-0.721848,-0.717503,-0.985876,5.99658,-0.789033,-0.781986,-1.03189
6.04071,-0.741974,-0.736491,-0.999077,6.03971,-0.722115,-0.717384,-0.982966,6.00191,-0.789271,-0.782017,-1.03047
6.0506,-0.742253,-0.736218,-0.99582,6.0488,-0.722347,-0.717098,-0.979738,6.00714,-0.789547,-0.782144,-1.02848
6.06051,-0.742532,-0.735978,-0.992639,6.05686,-0.722553,-0.71683,-0.97674,6.01232,-0.789745,-0.782053,-1.02603
6.07044,-0.7427,-0.735404,-0.989014,6.06397,-0.722741,-0.716587,-0.974499,6.01745,-0.789927,-0.781887,-1.02325
6.07856,-0.742801,-0.734769,-0.985415,6.07142,-0.72285,-0.716081,-0.971257,6.02257,-0.790116,-0.781747,-1.0206
6.08595,-0.742913,-0.734239,-0.9824,6.07917,-0.722926,-0.715448,-0.967836,6.02764,-0.790371,-0.781815,-1.01831
6.09365,-0.743002,-0.73363,-0.978977,6.08536,-0.723004,-0.714952,-0.964666,6.0327,-0.790563,-0.781698,-1.0156
6.10111,-0.743095,-0.733072,-0.975594,6.09156,-0.723072,-0.714448,-0.961536,6.03775,-0.790763,-0.781599,-1.01293
6.10846,-0.743187,-0.732537,-0.972571,6.09796,-0.723143,-0.713945,-0.958346,6.04279,-0.790981,-0.781564,-1.01037
6.11538,-0.743272,-0.732027,-0.969432,6.10508,-0.723245,-0.713504,-0.955316,6.04782,-0.791191,-0.781509,-1.00794
6.12213,-0.743368,-0.731573,-0.966386,6.1121,-0.723322,-0.713001,-0.952291,6.05284,-0.791406,-0.781468,-1.00534
6.12856,-0.743444,-0.731085,-0.96343,6.11833,-0.723403,-0.712553,-0.949386,6.05787,-0.791664,-0.781556,-1.00343
6.13541,-0.743541,-0.730647,-0.960376,6.12456,-0.723478,-0.712088,-0.946396,6.06288,-0.791869,-0.781469,-1.00089
6.14158,-0.743635,-0.730248,-0.957575,6.13152,-0.723568,-0.711623,-0.94333,6.0679,-0.792028,-0.781233,-0.998391
6.14746,-0.743722,-0.729861,-0.954639,6.1384,-0.723662,-0.711183,-0.940432,6.07291,-0.792171,-0.780943,-0.995692
6.15309,-0.743863,-0.72968,-0.952771,6.14511,-0.723736,-0.710685,-0.937517,6.07791,-0.792314,-0.780655,-0.992948
6.15847,-0.743979,-0.729416,-0.949622,6.152,-0.723853,-0.710329,-0.934578,6.08292,-0.79246,-0.780368,-0.990332
6.16384,-0.744093,-0.729163,-0.946726,6.15906,-0.72397,-0.709982,-0.931382,6.08792,-0.792601,-0.780067,-0.987622
6.17011,-0.744213,-0.728895,-0.943898,6.16612,-0.724086,-0.709632,-0.928269,6.09293,-0.792737,-0.779756,-0.984926
6.17682,-0.744331,-0.728586,-0.941395,6.17375,-0.724202,-0.709279,-0.925723,6.09793,-0.792905,-0.77954,-0.982801
6.18418,-0.744462,-0.728292,-0.939099,6.18184,-0.724355,-0.709025,-0.924083,6.10293,-0.793038,-0.779211,-0.980183
6.19206,-0.744621,-0.728053,-0.937586,6.19031,-0.72447,-0.70861,-0.921312,6.10794,-0.793176,-0.778897,-0.977667
6.20036,-0.744755,-0.727712,-0.935085,6.19907,-0.724615,-0.708297,-0.919553,6.11294,-0.793307,-0.778563,-0.975076
6.20899,-0.744898,-0.72739,-0.933032,6.20809,-0.724731,-0.707869,-0.916887,6.11794,-0.793441,-0.778245,-0.972627
6.21788,-0.74504,-0.727061,-0.930762,6.21729,-0.724866,-0.707512,-0.914883,6.12294,-0.79358,-0.777936,-0.97018
6.227,-0.745165,-0.726666,-0.928211,6.22666,-0.724966,-0.707038,-0.91198,6.12794,-0.793711,-0.777608,-0.967651
6.23629,-0.745274,-0.726231,-0.92538,6.23615,-0.725077,-0.706608,-0.909651,6.13294,-0.793846,-0.777294,-0.965309
6.24572,-0.745405,-0.725865,-0.923228,6.24574,-0.72517,-0.706121,-0.906812,6.13794,-0.793978,-0.77697,-0.962938
6.25526,-0.745506,-0.725413,-0.920446,6.25541,-0.725271,-0.705679,-0.904535,6.14294,-0.794111,-0.77665,-0.960657
6.2649,-0.745487,-0.724632,-0.917342,6.26515,-0.725209,-0.704764,-0.900752,6.14794,-0.794246,-0.776333,-0.958309
6.2746,-0.74539,-0.723598,-0.913907,6.27495,-0.725092,-0.70368,-0.89734,6.15294,-0.794387,-0.776047,-0.955811
6.28437,-0.745349,-0.722857,-0.910934,6.28478,-0.724982,-0.70281,-0.893805,6.15892,-0.794555,-0.775788,-0.95349
6.29274,-0.745259,-0.722013,-0.907746,6.29461,-0.724872,-0.701871,-0.890899,6.16568,-0.794736,-0.775501,-0.951134
6.3004,-0.745193,-0.721244,-0.905195,6.30446,-0.724731,-0.70072,-0.887753,6.17307,-0.79493,-0.775223,-0.948946
6.30852,-0.745068,-0.72023,-0.902244,6.31434,-0.724456,-0.699012,-0.88381,6.18098,-0.795153,-0.774998,-0.947285
6.31701,-0.744908,-0.719076,-0.899115,6.32425,-0.724165,-0.697346,-0.880069,6.18929,-0.795351,-0.774619,-0.945466
6.32579,-0.74466,-0.717612,-0.895612,6.33417,-0.723867,-0.695736,-0.876486,6.19793,-0.795517,-0.77407,-0.943509
6.33481,-0.7444,-0.716154,-0.892322,6.34411,-0.723563,-0.694177,-0.87306,6.20684,-0.795667,-0.773469,-0.94101
6.34402,-0.744123,-0.714698,-0.888987,6.35406,-0.72326,-0.692686,-0.869837,6.21596,-0.795814,-0.772862,-0.938342
6.35339,-0.743845,-0.713301,-0.885873,6.36402,-0.722941,-0.691203,-0.866517,6.22525,-0.795972,-0.772302,-0.93586
6.36287,-0.743562,-0.711937,-0.882867,6.37399,-0.722643,-0.689757,-0.863406,6.23469,-0.796127,-0.771746,-0.933358
6.37246,-0.743125,-0.709948,-0.879127,6.38396,-0.722292,-0.688373,-0.860343,6.24423,-0.796288,-0.771232,-0.930959
6.38213,-0.742636,-0.70773,-0.875226,6.39394,-0.721974,-0.68695,-0.857319,6.25387,-0.796448,-0.770737,-0.92862
6.39187,-0.742153,-0.705757,-0.871632,6.40369,-0.721386,-0.684566,-0.853208,6.26358,-0.796457,-0.769794,-0.925721
6.40165,-0.741613,-0.703335,-0.867436,6.41347,-0.720884,-0.682515,-0.849772,6.27334,-0.796408,-0.768693,-0.922721
6.41146,-0.74114,-0.701625,-0.86397,6.42327,-0.720242,-0.680157,-0.845879,6.28316,-0.796429,-0.76801,-0.919402
6.42131,-0.740466,-0.699055,-0.860152,6.43311,-0.719415,-0.676819,-0.840789,6.29301,-0.796411,-0.767209,-0.916781
6.43119,-0.739654,-0.6958,-0.855241,6.44297,-0.718645,-0.674179,-0.836827,6.30289,-0.796278,-0.765977,-0.913506
6.44108,-0.738877,-0.693128,-0.85124,6.45286,-0.717717,-0.670687,-0.831818,6.31279,-0.796078,-0.764569,-0.91056
6.45099,-0.737883,-0.689407,-0.846037,6.46276,-0.716835,-0.667839,-0.827759,6.32272,-0.795853,-0.763094,-0.907492
6.46092,-0.737015,-0.686774,-0.842206,6.47244,-0.715792,-0.664192,-0.822962,6.33051,-0.795645,-0.761538,-0.904108
6.47061,-0.736002,-0.683259,-0.837527,6.48154,-0.714955,-0.661501,-0.819116,6.33857,-0.795387,-0.760117,-0.90108
6.47973,-0.735202,-0.680699,-0.833858,6.49081,-0.713915,-0.657796,-0.814632,6.347,-0.795128,-0.758673,-0.89831
6.48902,-0.73417,-0.677056,-0.829469,6.50017,-0.712989,-0.655028,-0.810813,6.35563,-0.794825,-0.756919,-0.894713
6.4984,-0.733236,-0.674473,-0.825877,6.50966,-0.711822,-0.651306,-0.806563,6.36451,-0.794376,-0.75449,-0.891604
6.5079,-0.732074,-0.67094,-0.821803,6.5192,-0.710771,-0.648677,-0.802962,6.37354,-0.793878,-0.751704,-0.886498
6.51746,-0.731039,-0.66851,-0.818381,6.52884,-0.709478,-0.644975,-0.799102,6.38267,-0.79345,-0.749802,-0.884424
6.5271,-0.729788,-0.665025,-0.814575,6.53826,-0.708441,-0.642474,-0.795989,6.39198,-0.792914,-0.747503,-0.881364
6.53653,-0.729008,-0.663317,-0.812275,6.54779,-0.707403,-0.639536,-0.792596,6.40142,-0.792434,-0.745227,-0.877645
6.54607,-0.728002,-0.660613,-0.80951,6.55738,-0.706465,-0.637345,-0.789691,6.41097,-0.791896,-0.743243,-0.874493
6.55571,-0.727346,-0.658856,-0.806448,6.56702,-0.705684,-0.634992,-0.787266,6.42057,-0.791347,-0.740994,-0.871457
6.56541,-0.726698,-0.656674,-0.80398,6.57668,-0.70533,-0.634011,-0.784606,6.43022,-0.79084,-0.738741,-0.86799
6.57515,-0.726405,-0.655693,-0.801565,6.5864,-0.70474,-0.63163,-0.780216,6.43991,-0.790242,-0.736325,-0.865152
6.58494,-0.725998,-0.654067,-0.798468,6.59616,-0.70434,-0.630597,-0.779208,6.44966,-0.789475,-0.733456,-0.861543
6.59477,-0.725569,-0.652356,-0.796044,6.60592,-0.703792,-0.628261,-0.775286,6.45946,-0.78872,-0.731106,-0.858359
6.60464,-0.725071,-0.650036,-0.792184,6.61573,-0.703315,-0.627043,-0.774561,6.46927,-0.787969,-0.728781,-0.856049
6.61453,-0.724472,-0.648088,-0.791104,6.62556,-0.702285,-0.62239,-0.768323,6.47808,-0.787217,-0.726552,-0.85255
6.62443,-0.723892,-0.645462,-0.787191,6.6354,-0.702132,-0.622885,-0.769677,6.48711,-0.786414,-0.724104,-0.850047
6.63435,-0.723416,-0.644317,-0.787274,6.64527,-0.701619,-0.620952,-0.767486,6.49634,-0.785594,-0.722108,-0.847515
6.64429,-0.722907,-0.642044,-0.784305,6.65516,-0.700708,-0.617705,-0.765528,6.50572,-0.784718,-0.719952,-0.845546
6.65424,-0.722356,-0.640653,-0.784246,6.66507,-0.700313,-0.61662,-0.764204,6.51521,-0.783741,-0.717734,-0.842281
6.6642,-0.721657,-0.637707,-0.780562,6.67498,-0.6995,-0.614216,-0.763073,6.52481,-0.782684,-0.715334,-0.840527
6.67416,-0.720926,-0.63577,-0.780119,6.6849,-0.698645,-0.610974,-0.759235,6.53448,-0.782106,-0.71478,-0.839125
6.68412,-0.719877,-0.632461,-0.776504,6.69484,-0.69746,-0.608458,-0.758613,6.54422,-0.781426,-0.713699,-0.838661
6.6941,-0.718728,-0.63015,-0.776288,6.70478,-0.696367,-0.605274,-0.755332,6.55401,-0.78081,-0.712369,-0.837027
6.70407,-0.717691,-0.62697,-0.772989,6.71474,-0.695301,-0.602914,-0.754738,6.56384,-0.780622,-0.711972,-0.836875
6.71405,-0.716676,-0.624579,-0.772374,6.72469,-0.694184,-0.599026,-0.750548,6.57371,-0.78007,-0.710977,-0.835953
6.72403,-0.7156,-0.620707,-0.768203,6.73466,-0.693197,-0.596844,-0.750132,6.5836,-0.77953,-0.710717,-0.836351
6.73402,-0.714653,-0.618519,-0.767782,6.74462,-0.692095,-0.592938,-0.745894,6.5935,-0.77871,-0.707491,-0.832395
6.744,-0.713569,-0.614584,-0.763494,6.7546,-0.691205,-0.59095,-0.745577,6.60341,-0.778659,-0.708433,-0.833905
6.75399,-0.712698,-0.612596,-0.763152,6.76458,-0.690276,-0.587392,-0.741469,6.61334,-0.77785,-0.704912,-0.830364
6.76398,-0.711779,-0.609015,-0.759017,6.77456,-0.689571,-0.585809,-0.741199,6.62327,-0.777833,-0.705665,-0.832187
6.77397,-0.711084,-0.607407,-0.758716,6.78455,-0.688645,-0.582243,-0.737071,6.63321,-0.777096,-0.702107,-0.828861
6.78397,-0.710177,-0.603872,-0.754597,6.79453,-0.687744,-0.579823,-0.735679,6.64316,-0.777017,-0.702285,-0.83051
6.79396,-0.70928,-0.601467,-0.75325,6.80452,-0.686567,-0.575317,-0.729967,6.65312,-0.776352,-0.698682,-0.82756
6.80396,-0.708121,-0.597027,-0.747523,6.81452,-0.685579,-0.572701,-0.728725,6.66308,-0.775984,-0.697703,-0.827712
6.81396,-0.707096,-0.594306,-0.746253,6.82451,-0.684285,-0.568158,-0.72315,6.67305,-0.775166,-0.693523,-0.82407
6.82395,-0.705828,-0.589852,-0.740636,6.83451,-0.683059,-0.564671,-0.720731,6.68303,-0.774715,-0.692245,-0.823955
6.83395,-0.704621,-0.586552,-0.73854,6.8445,-0.681618,-0.559973,-0.715147,6.69301,-0.773816,-0.687872,-0.819971
6.84395,-0.703166,-0.581833,-0.732913,6.8545,-0.680125,-0.555601,-0.711557,6.70299,-0.773265,-0.686334,-0.819607
6.85395,-0.701667,-0.577503,-0.729333,6.8645,-0.678361,-0.549728,-0.704113,6.71298,-0.772277,-0.681871,-0.81531
6.86395,-0.699889,-0.571683,-0.721856,6.87449,-0.676618,-0.54537,-0.704234,6.72297,-0.771632,-0.680092,-0.814724
6.87395,-0.69823,-0.567476,-0.722004,6.88449,-0.674302,-0.538681,-0.69762,6.73296,-0.770529,-0.675107,-0.809226
6.88394,-0.695905,-0.560864,-0.715424,6.89449,-0.672057,-0.533439,-0.695028,6.74295,-0.769808,-0.673543,-0.809326
6.89394,-0.693662,-0.555746,-0.712903,6.90449,-0.669311,-0.525815,-0.686645,6.75294,-0.768603,-0.668661,-0.803714
6.90394,-0.690882,-0.548186,-0.704586,6.91405,-0.666879,-0.520714,-0.684818,6.76293,-0.767958,-0.667509,-0.803982
6.91371,-0.688362,-0.542772,-0.701889,6.9237,-0.663956,-0.512788,-0.675375,6.77293,-0.766743,-0.662706,-0.798161
6.92349,-0.685401,-0.535089,-0.693026,6.93342,-0.661207,-0.5069,-0.671916,6.78293,-0.765943,-0.661066,-0.797849
6.93329,-0.68259,-0.529203,-0.689484,6.9432,-0.65809,-0.498919,-0.662531,6.79292,-0.764498,-0.65555,-0.790978
6.94314,-0.6794,-0.521231,-0.680025,6.95302,-0.65449,-0.490591,-0.656515,6.80292,-0.76359,-0.653733,-0.790499
6.95301,-0.675732,-0.512914,-0.673946,6.96287,-0.65037,-0.47961,-0.644102,6.81292,-0.762037,-0.648099,-0.783227
6.96291,-0.671522,-0.501926,-0.661446,6.97276,-0.646161,-0.469412,-0.635678,6.82292,-0.760888,-0.645717,-0.781775
6.97283,-0.66723,-0.491815,-0.653017,6.98266,-0.641572,-0.456785,-0.622059,6.83291,-0.759181,-0.63985,-0.774347
6.98277,-0.662533,-0.479224,-0.639249,6.99259,-0.636947,-0.44553,-0.612868,6.84291,-0.757811,-0.636857,-0.771953
6.99271,-0.657843,-0.467963,-0.629877,7,-0.6326,-0.434748,-0.600724,6.85291,-0.755839,-0.630535,-0.763954
7,-0.653457,-0.457071,-0.617461,,,,,6.86291,-0.753991,-0.626781,-0.764662
,,,,,,,,6.87291,-0.751375,-0.619392,-0.757002
,,,,,,,,6.88291,-0.749213,-0.615403,-0.755206
,,,,,,,,6.89291,-0.746316,-0.607722,-0.746874
,,,,,,,,6.90291,-0.744175,-0.603155,-0.743692
,,,,,,,,6.91017,-0.741311,-0.595826,-0.735523
,,,,,,,,6.91796,-0.738931,-0.591847,-0.733677
,,,,,,,,6.9262,-0.735738,-0.584173,-0.724367
,,,,,,,,6.93478,-0.73314,-0.579948,-0.722531
,,,,,,,,6.94364,-0.729734,-0.572086,-0.713029
,,,,,,,,6.95217,-0.726471,-0.565773,-0.708782
,,,,,,,,6.96099,-0.722245,-0.555384,-0.696607
,,,,,,,,6.97005,-0.718322,-0.547392,-0.690649
,,,,,,,,6.97929,-0.713529,-0.535661,-0.677153
,,,,,,,,6.98869,-0.70911,-0.526232,-0.669312
,,,,,,,,6.99821,-0.704003,-0.51374,-0.655071
,,,,,,,,7,-0.702312,-0.510352,-0.652527
